shipment_id,order_date,warehouse,origin_city,destination_city,product_category,quantity,order_value,distance_km,transportation_mode,shipping_cost,estimated_delivery_days,actual_delivery_days,delivery_status,delay_days,customer_segment,inventory_level,warehouse_capacity,fuel_cost,weather_condition
SHIP-10001,2025-04-13,WH-North-Delhi,Delhi,Jaipur,Electronics,226,39080.97,636,Road Freight (Truck),646.53,5,7,Delayed,2,SMB,8136,10000,1.41,Rainy
SHIP-10002,2025-12-15,WH-East-Kolkata,Kolkata,Kanpur,Automotive Parts,404,66387.53,562,Road Freight (Truck),674.83,5,4,Early,0,SMB,6479,7500,1.33,Clear
SHIP-10003,2025-09-28,WH-North-Delhi,Delhi,Kochi,Electronics,273,55788.78,1735,Road Freight (Truck),1511.52,8,8,On-Time,0,Enterprise,5727,10000,1.3,Clear
SHIP-10004,2025-04-17,WH-South-Bengaluru,Bengaluru,Kanpur,Consumer Goods,106,22146.94,1929,Rail Freight,1127.1,12,12,On-Time,0,Enterprise,4204,8500,1.51,Clear
SHIP-10005,2025-03-13,WH-North-Delhi,Delhi,Surat,Electronics,126,27597.49,808,Road Freight (Truck),714.51,6,6,On-Time,0,E-Commerce Retailer,5143,10000,1.16,Clear
SHIP-10006,2025-07-08,WH-North-Delhi,Delhi,Chandigarh,Electronics,208,23362.75,969,Road Freight (Truck),909.42,5,5,On-Time,0,Enterprise,8226,10000,1.31,Clear
SHIP-10007,2025-01-21,WH-North-Delhi,Delhi,Indore,Automotive Parts,329,58890.39,952,Road Freight (Truck),941.47,6,6,On-Time,0,SMB,6548,10000,1.55,Clear
SHIP-10008,2025-04-13,WH-East-Kolkata,Kolkata,Lucknow,Consumer Goods,30,2341.17,458,Road Freight (Truck),408.62,4,3,Early,0,SMB,3839,7500,1.17,Clear
SHIP-10009,2025-05-02,WH-Central-Nagpur,Nagpur,Kochi,Consumer Goods,209,52217.4,1581,Rail Freight,971.22,9,10,Delayed,1,E-Commerce Retailer,3659,6000,1.2,Rainy
SHIP-10010,2025-08-03,WH-East-Kolkata,Kolkata,Kanpur,Electronics,380,21357.35,1588,Air Cargo,3047.64,4,4,On-Time,0,Individual,5187,7500,1.33,Clear
SHIP-10011,2025-11-27,WH-West-Mumbai,Mumbai,Patna,Apparel,350,6081.91,1279,Road Freight (Truck),1211.19,8,9,Delayed,1,E-Commerce Retailer,10205,12000,1.68,Rainy
SHIP-10012,2025-03-29,WH-South-Bengaluru,Bengaluru,Surat,Apparel,257,12842.3,506,Road Freight (Truck),580.72,5,7,Delayed,2,Enterprise,6388,8500,1.61,Clear
SHIP-10013,2025-04-10,WH-North-Delhi,Delhi,Patna,Consumer Goods,285,56239.05,1168,Road Freight (Truck),1058.98,7,7,On-Time,0,Enterprise,5327,10000,1.16,Clear
SHIP-10014,2025-12-26,WH-West-Mumbai,Mumbai,Lucknow,Consumer Goods,273,32758.41,625,Road Freight (Truck),670.58,5,5,On-Time,0,SMB,6295,12000,1.45,Clear
SHIP-10015,2025-06-01,WH-Central-Nagpur,Nagpur,Kochi,Automotive Parts,67,8050.89,1468,Road Freight (Truck),1226.64,7,8,Delayed,1,Enterprise,3862,6000,1.31,Clear
SHIP-10016,2025-05-11,WH-North-Delhi,Delhi,Surat,Consumer Goods,311,74462.85,1838,Rail Freight,1142.57,12,12,On-Time,0,Enterprise,4853,10000,1.54,Rainy
SHIP-10017,2025-05-30,WH-North-Delhi,Delhi,Kochi,Consumer Goods,40,9244.57,799,Road Freight (Truck),694.71,6,6,On-Time,0,SMB,8051,10000,1.58,Clear
SHIP-10018,2025-11-05,WH-North-Delhi,Delhi,Indore,Consumer Goods,258,22737.74,1481,Road Freight (Truck),1329.46,8,9,Delayed,1,SMB,6386,10000,1.67,Severe Heat
SHIP-10019,2025-09-15,WH-North-Delhi,Delhi,Coimbatore,Industrial Equipment,102,6541.12,809,Express Courier,1283.63,4,5,Delayed,1,Individual,6112,10000,1.44,Severe Heat
SHIP-10020,2025-12-10,WH-North-Delhi,Delhi,Surat,Consumer Goods,274,58743.77,1004,Road Freight (Truck),952.31,6,5,Early,0,Enterprise,6892,10000,1.75,Clear
SHIP-10021,2025-10-21,WH-South-Bengaluru,Bengaluru,Patna,Apparel,280,63816.05,1238,Road Freight (Truck),1153.75,7,10,Delayed,3,Enterprise,6657,8500,1.74,Foggy
SHIP-10022,2025-07-11,WH-West-Mumbai,Mumbai,Lucknow,Consumer Goods,103,14654.35,1688,Road Freight (Truck),1390.52,8,8,On-Time,0,Enterprise,8611,12000,1.68,Clear
SHIP-10023,2025-10-04,WH-Central-Nagpur,Nagpur,Chandigarh,Perishables,163,26555.08,742,Road Freight (Truck),696.41,4,4,On-Time,0,Individual,4962,6000,1.49,Clear
SHIP-10024,2025-06-10,WH-East-Kolkata,Kolkata,Indore,Consumer Goods,403,30376.07,1289,Express Courier,2094.72,4,5,Delayed,1,E-Commerce Retailer,5593,7500,1.39,Rainy
SHIP-10025,2025-11-10,WH-West-Mumbai,Mumbai,Coimbatore,Industrial Equipment,294,59737.46,1012,Road Freight (Truck),992.52,6,7,Delayed,1,E-Commerce Retailer,9844,12000,1.37,Clear
SHIP-10026,2025-01-22,WH-West-Mumbai,Mumbai,Chandigarh,Consumer Goods,89,14555.84,1072,Road Freight (Truck),890.32,6,5,Early,0,Individual,9329,12000,1.16,Clear
SHIP-10027,2025-09-10,WH-West-Mumbai,Mumbai,Jaipur,Electronics,301,40131.03,1374,Air Cargo,2595.25,5,5,On-Time,0,SMB,6489,12000,1.3,Clear
SHIP-10028,2025-08-24,WH-South-Bengaluru,Bengaluru,Indore,Industrial Equipment,93,2708.67,903,Road Freight (Truck),807.68,5,5,On-Time,0,SMB,4034,8500,1.58,Clear
SHIP-10029,2025-12-11,WH-West-Mumbai,Mumbai,Lucknow,Consumer Goods,374,86111.52,1991,Express Courier,3109.76,6,6,On-Time,0,Enterprise,10495,12000,1.51,Clear
SHIP-10030,2025-02-18,WH-South-Bengaluru,Bengaluru,Kanpur,Automotive Parts,383,61138.71,614,Road Freight (Truck),711.44,4,4,On-Time,0,SMB,7602,8500,1.7,Clear
SHIP-10031,2025-02-28,WH-West-Mumbai,Mumbai,Surat,Automotive Parts,46,2772.99,1181,Express Courier,1782.85,5,5,On-Time,0,SMB,9499,12000,1.18,Clear
SHIP-10032,2025-06-19,WH-South-Bengaluru,Bengaluru,Kochi,Automotive Parts,351,55282.76,1568,Road Freight (Truck),1397.06,8,8,On-Time,0,SMB,6718,8500,1.24,Clear
SHIP-10033,2025-07-07,WH-West-Mumbai,Mumbai,Lucknow,Electronics,336,58532.51,1790,Air Cargo,3379.68,5,7,Delayed,2,Individual,6923,12000,1.62,Foggy
SHIP-10034,2025-09-28,WH-West-Mumbai,Mumbai,Surat,Industrial Equipment,416,57639.31,1989,Rail Freight,1292.57,11,11,On-Time,0,Individual,8459,12000,1.37,Clear
SHIP-10035,2025-07-09,WH-Central-Nagpur,Nagpur,Chandigarh,Consumer Goods,434,79749.2,866,Road Freight (Truck),934.38,5,5,On-Time,0,E-Commerce Retailer,5498,6000,1.22,Foggy
SHIP-10036,2025-06-24,WH-East-Kolkata,Kolkata,Kochi,Automotive Parts,241,36545.64,556,Road Freight (Truck),640.87,5,6,Delayed,1,E-Commerce Retailer,6392,7500,1.75,Rainy
SHIP-10037,2025-02-20,WH-North-Delhi,Delhi,Bhopal,Apparel,102,24248.04,1974,Road Freight (Truck),1618.83,10,11,Delayed,1,E-Commerce Retailer,5930,10000,1.62,Rainy
SHIP-10038,2025-12-30,WH-Central-Nagpur,Nagpur,Patna,Automotive Parts,345,9528.49,1511,Road Freight (Truck),1353.51,9,9,On-Time,0,Enterprise,3548,6000,1.4,Rainy
SHIP-10039,2025-02-24,WH-West-Mumbai,Mumbai,Jaipur,Consumer Goods,111,4436.42,464,Road Freight (Truck),485.76,3,3,On-Time,0,Enterprise,8127,12000,1.64,Clear
SHIP-10040,2025-09-01,WH-Central-Nagpur,Nagpur,Indore,Apparel,421,23497.2,1303,Rail Freight,939.6,9,9,On-Time,0,E-Commerce Retailer,3840,6000,1.56,Clear
SHIP-10041,2025-11-16,WH-East-Kolkata,Kolkata,Lucknow,Electronics,441,78140.88,669,Express Courier,1235.84,4,4,On-Time,0,E-Commerce Retailer,4683,7500,1.62,Clear
SHIP-10042,2025-05-11,WH-West-Mumbai,Mumbai,Jaipur,Industrial Equipment,175,29175.13,1805,Rail Freight,1070.58,12,13,Delayed,1,Enterprise,8936,12000,1.64,Severe Heat
SHIP-10043,2025-11-03,WH-North-Delhi,Delhi,Kanpur,Consumer Goods,168,37738.48,2055,Express Courier,3098.28,7,7,On-Time,0,Individual,4554,10000,1.2,Rainy
SHIP-10044,2025-05-15,WH-West-Mumbai,Mumbai,Surat,Apparel,23,4306.2,939,Road Freight (Truck),803.53,6,6,On-Time,0,Enterprise,9705,12000,1.52,Clear
SHIP-10045,2025-01-21,WH-South-Bengaluru,Bengaluru,Surat,Industrial Equipment,382,51365.07,660,Express Courier,1197.45,3,3,On-Time,0,Enterprise,6781,8500,1.15,Clear
SHIP-10046,2025-11-25,WH-South-Bengaluru,Bengaluru,Lucknow,Apparel,234,58050.83,263,Road Freight (Truck),358.9,4,4,On-Time,0,E-Commerce Retailer,7142,8500,1.18,Severe Heat
SHIP-10047,2025-06-16,WH-West-Mumbai,Mumbai,Coimbatore,Electronics,82,6357.9,707,Road Freight (Truck),640.99,4,4,On-Time,0,Enterprise,10145,12000,1.69,Clear
SHIP-10048,2025-10-01,WH-North-Delhi,Delhi,Coimbatore,Apparel,258,54386.41,776,Road Freight (Truck),769.61,6,6,On-Time,0,Enterprise,7162,10000,1.47,Clear
SHIP-10049,2025-03-30,WH-East-Kolkata,Kolkata,Bhopal,Consumer Goods,100,11529.57,1884,Road Freight (Truck),1566.5,10,10,On-Time,0,Enterprise,6124,7500,1.59,Clear
SHIP-10050,2025-11-12,WH-Central-Nagpur,Nagpur,Patna,Consumer Goods,225,37676.87,1719,Rail Freight,1093.67,10,12,Delayed,2,E-Commerce Retailer,4088,6000,1.65,Severe Heat
SHIP-10051,2025-01-14,WH-South-Bengaluru,Bengaluru,Kochi,Electronics,99,18404.9,2002,Air Cargo,3665.08,5,4,Early,0,SMB,7626,8500,1.72,Clear
SHIP-10052,2025-08-30,WH-North-Delhi,Delhi,Kanpur,Electronics,38,6229.42,464,Express Courier,773.43,3,3,On-Time,0,E-Commerce Retailer,5396,10000,1.67,Clear
SHIP-10053,2025-09-22,WH-West-Mumbai,Mumbai,Jaipur,Consumer Goods,444,21320.53,1412,Rail Freight,1003.96,9,11,Delayed,2,SMB,10564,12000,1.44,Rainy
SHIP-10054,2025-12-12,WH-North-Delhi,Delhi,Coimbatore,Industrial Equipment,314,37395.36,1983,Road Freight (Truck),1717.49,10,10,On-Time,0,Enterprise,5715,10000,1.35,Clear
SHIP-10055,2025-02-22,WH-Central-Nagpur,Nagpur,Bhopal,Electronics,436,64064.98,815,Road Freight (Truck),883.04,5,5,On-Time,0,Individual,2989,6000,1.24,Stormy
SHIP-10056,2025-12-06,WH-North-Delhi,Delhi,Bhopal,Consumer Goods,229,49126.29,1916,Rail Freight,1164.24,12,12,On-Time,0,Enterprise,6563,10000,1.39,Clear
SHIP-10057,2025-04-02,WH-South-Bengaluru,Bengaluru,Lucknow,Perishables,337,40189.53,387,Road Freight (Truck),527.06,4,5,Delayed,1,Individual,6281,8500,1.37,Clear
SHIP-10058,2025-09-21,WH-West-Mumbai,Mumbai,Kanpur,Electronics,224,51722.86,288,Road Freight (Truck),367.04,4,6,Delayed,2,SMB,6702,12000,1.49,Foggy
SHIP-10059,2025-02-04,WH-South-Bengaluru,Bengaluru,Chandigarh,Apparel,230,27252.23,1914,Rail Freight,1151.01,11,12,Delayed,1,Individual,6045,8500,1.55,Severe Heat
SHIP-10060,2025-07-25,WH-South-Bengaluru,Bengaluru,Kochi,Industrial Equipment,398,57297.38,1882,Rail Freight,1213.82,11,11,On-Time,0,Enterprise,7052,8500,1.74,Clear
SHIP-10061,2025-03-22,WH-East-Kolkata,Kolkata,Patna,Perishables,51,10308.48,152,Express Courier,305.45,2,4,Delayed,2,SMB,4281,7500,1.59,Clear
SHIP-10062,2025-02-19,WH-North-Delhi,Delhi,Indore, Industrial Equipment,144,21891.01,496,Road Freight (Truck),535.85,4,3,Early,0,Enterprise,7227,10000,1.54,Foggy
SHIP-10063,2025-12-26,WH-North-Delhi,Delhi,Lucknow,Industrial Equipment,51,12273.21,1357,Rail Freight,778.01,8,8,On-Time,0,Enterprise,6094,10000,1.35,Clear
SHIP-10064,2025-01-02,WH-North-Delhi,Delhi,Kochi,Automotive Parts,173,29440.95,1705,Rail Freight,1008.12,10,13,Delayed,3,SMB,6989,10000,1.17,Stormy
SHIP-10065,2025-02-23,WH-Central-Nagpur,Nagpur,Indore,Consumer Goods,370,50999.59,1583,Rail Freight,1043.48,10,13,Delayed,3,Enterprise,4580,6000,1.32,Stormy
SHIP-10066,2025-04-16,WH-Central-Nagpur,Nagpur,Indore,Industrial Equipment,292,5998.88,1635,Rail Freight,1074.56,10,10,On-Time,0,SMB,3688,6000,1.61,Clear
SHIP-10067,2025-09-17,WH-South-Bengaluru,Bengaluru,Kanpur,Electronics,67,7519.22,512,Express Courier,853.41,4,4,On-Time,0,Enterprise,7797,8500,1.27,Severe Heat
SHIP-10068,2025-11-06,WH-South-Bengaluru,Bengaluru,Kanpur,Perishables,311,26535.57,608,Express Courier,1106.0,3,2,Early,0,Enterprise,6077,8500,1.58,Clear
SHIP-10069,2025-07-10,WH-South-Bengaluru,Bengaluru,Jaipur,Consumer Goods,331,63156.4,841,Express Courier,1448.65,3,4,Delayed,1,E-Commerce Retailer,7118,8500,1.5,Rainy
SHIP-10070,2025-08-06,WH-North-Delhi,Delhi,Bhopal,Apparel,34,2174.14,1065,Road Freight (Truck),913.23,6,6,On-Time,0,SMB,7908,10000,1.25,Clear
SHIP-10071,2025-02-13,WH-Central-Nagpur,Nagpur,Kochi,Consumer Goods,82,5184.59,1172,Road Freight (Truck),966.52,6,9,Delayed,3,SMB,5104,6000,1.31,Stormy
SHIP-10072,2025-06-11,WH-West-Mumbai,Mumbai,Lucknow,Industrial Equipment,382,22743.12,158,Road Freight (Truck),344.36,2,4,Delayed,2,SMB,6380,12000,1.45,Rainy
SHIP-10073,2025-07-21,WH-West-Mumbai,Mumbai,Surat,Electronics,420,18698.26,2002,Road Freight (Truck),1769.01,11,12,Delayed,1,E-Commerce Retailer,6655,12000,1.4,Rainy
SHIP-10074,2025-09-27,WH-South-Bengaluru,Bengaluru,Lucknow,Automotive Parts,138,12155.96,1755,Road Freight (Truck),1474.16,9,9,On-Time,0,Enterprise,5772,8500,1.62,Stormy
SHIP-10075,2025-12-17,WH-North-Delhi,Delhi,Jaipur,Automotive Parts,96,21426.4,1316,Rail Freight,804.68,8,9,Delayed,1,E-Commerce Retailer,8505,10000,1.59,Clear
SHIP-10076,2025-10-31,WH-North-Delhi,Delhi,Patna,Electronics,339,66819.68,1160,Road Freight (Truck),1108.04,6,7,Delayed,1,Individual,5428,10000,1.49,Clear
SHIP-10077,2025-09-28,WH-East-Kolkata,Kolkata,Bhopal,Industrial Equipment,435,81686.06,1199,Road Freight (Truck),1196.9,6,6,On-Time,0,E-Commerce Retailer,6798,7500,1.64,Foggy
SHIP-10078,2025-08-03,WH-North-Delhi,Delhi,Surat,Industrial Equipment,445,90056.5,345,Road Freight (Truck),505.83,3,4,Delayed,1,SMB,5099,10000,1.49,Rainy
SHIP-10079,2025-09-09,WH-South-Bengaluru,Bengaluru,Coimbatore,Apparel,162,12686.74,1701,Rail Freight,1035.87,10,10,On-Time,0,SMB,4524,8500,1.73,Stormy
SHIP-10080,2025-07-09,WH-North-Delhi,Delhi,Patna,Consumer Goods,191,42697.82,186,Road Freight (Truck),296.09,2,2,On-Time,0,E-Commerce Retailer,5285,10000,1.28,Stormy
SHIP-10081,2025-10-23,WH-West-Mumbai,Mumbai,Kanpur,Consumer Goods,134,6333.68,1340,Road Freight (Truck),1149.12,8,8,On-Time,0,SMB,8705,12000,1.58,Clear
SHIP-10082,2025-08-01,WH-West-Mumbai,Mumbai,Indore,Electronics,76,7147.13,1797,Rail Freight,1039.43,11,11,On-Time,0,Enterprise,10574,12000,1.37,Clear
SHIP-10083,2025-07-27,WH-West-Mumbai,Mumbai,Coimbatore,Consumer Goods,15,2293.29,954,Road Freight (Truck),813.32,5,5,On-Time,0,Enterprise,6838,12000,1.32,Clear
SHIP-10084,2025-08-25,WH-East-Kolkata,Kolkata,Lucknow,Automotive Parts,134,5250.48,1166,Road Freight (Truck),1011.49,7,7,On-Time,0,E-Commerce Retailer,5324,7500,1.26,Rainy
SHIP-10085,2025-12-04,WH-West-Mumbai,Mumbai,Lucknow,Electronics,323,60265.53,1118,Road Freight (Truck),1098.9,6,5,Early,0,Enterprise,6391,12000,1.48,Clear
SHIP-10086,2025-02-22,WH-South-Bengaluru,Bengaluru,Kanpur,Automotive Parts,335,35510.95,1749,Rail Freight,1139.29,11,13,Delayed,2,E-Commerce Retailer,6346,8500,1.28,Foggy
SHIP-10087,2025-10-07,WH-West-Mumbai,Mumbai,Jaipur,Consumer Goods,62,12358.79,1897,Rail Freight,1082.78,11,11,On-Time,0,SMB,6095,12000,1.27,Clear
SHIP-10088,2025-08-05,WH-South-Bengaluru,Bengaluru,Kochi,Apparel,75,9812.3,356,Road Freight (Truck),392.77,3,3,On-Time,0,SMB,5787,8500,1.74,Clear
SHIP-10089,2025-09-09,WH-Central-Nagpur,Nagpur,Coimbatore,Industrial Equipment,323,18574.28,1076,Road Freight (Truck),1051.31,7,7,On-Time,0,Enterprise,4547,6000,1.63,Clear
SHIP-10090,2025-07-07,WH-East-Kolkata,Kolkata,Coimbatore,Automotive Parts,91,17077.88,1038,Road Freight (Truck),931.11,6,6,On-Time,0,Enterprise,5416,7500,1.6,Clear
SHIP-10091,2025-02-10,WH-North-Delhi,Delhi,Chandigarh,Consumer Goods,96,7128.37,2066,Express Courier,3112.9,7,8,Delayed,1,Individual,5158,10000,1.63,Rainy
SHIP-10092,2025-06-06,WH-North-Delhi,Delhi,Patna,Consumer Goods,11,1433.74,1709,Road Freight (Truck),1392.05,8,8,On-Time,0,E-Commerce Retailer,5258,10000,1.73,Clear
SHIP-10093,2025-01-15,WH-West-Mumbai,Mumbai,Bhopal,Consumer Goods,213,6975.82,1281,Rail Freight,823.19,8,8,On-Time,0,E-Commerce Retailer,9186,12000,1.49,Clear
SHIP-10094,2025-10-28,WH-South-Bengaluru,Bengaluru,Patna,Electronics,159,25471.59,592,Road Freight (Truck),592.49,4,6,Delayed,2,SMB,7056,8500,1.28,Clear
SHIP-10095,2025-03-06,WH-North-Delhi,Delhi,Kochi,Consumer Goods,302,51785.93,1988,Express Courier,3085.75,6,8,Delayed,2,E-Commerce Retailer,8767,10000,1.67,Foggy
SHIP-10096,2025-12-11,WH-West-Mumbai,Mumbai,Lucknow,Consumer Goods,413,42947.23,1927,Rail Freight,1275.56,12,15,Delayed,3,SMB,9988,12000,1.6,Foggy
SHIP-10097,2025-11-23,WH-South-Bengaluru,Bengaluru,Lucknow,Consumer Goods,112,26800.41,672,Road Freight (Truck),619.11,4,3,Early,0,SMB,7715,8500,1.4,Clear
SHIP-10098,2025-01-09,WH-West-Mumbai,Mumbai,Lucknow,Industrial Equipment,33,7274.18,1753,Rail Freight,1007.53,11,12,Delayed,1,Enterprise,7702,12000,1.43,Rainy
SHIP-10099,2025-12-10,WH-East-Kolkata,Kolkata,Chandigarh,Consumer Goods,377,68375.03,814,Express Courier,1422.82,4,4,On-Time,0,SMB,4542,7500,1.4,Clear
SHIP-10100,2025-05-09,WH-North-Delhi,Delhi,Lucknow,Consumer Goods,221,40378.52,1783,Express Courier,2728.67,5,5,On-Time,0,E-Commerce Retailer,4632,10000,1.71,Clear
SHIP-10101,2025-05-16,WH-North-Delhi,Delhi,Kochi,Consumer Goods,74,5499.27,1372,Road Freight (Truck),1125.6,7,8,Delayed,1,Individual,6614,10000,1.36,Rainy
SHIP-10102,2025-03-04,WH-East-Kolkata,Kolkata,Kanpur,Industrial Equipment,218,36918.64,436,Express Courier,823.26,3,3,On-Time,0,Enterprise,5671,7500,1.73,Clear
SHIP-10103,2025-05-19,WH-West-Mumbai,Mumbai,Bhopal,Automotive Parts,260,16010.4,717,Express Courier,1216.15,4,6,Delayed,2,E-Commerce Retailer,9998,12000,1.7,Foggy
SHIP-10104,2025-03-22,WH-South-Bengaluru,Bengaluru,Kochi,Apparel,394,19243.26,887,Road Freight (Truck),948.04,5,5,On-Time,0,SMB,4893,8500,1.53,Clear
SHIP-10105,2025-06-12,WH-West-Mumbai,Mumbai,Bhopal,Industrial Equipment,126,31484.24,1864,Road Freight (Truck),1541.66,10,11,Delayed,1,SMB,8296,12000,1.5,Severe Heat
SHIP-10106,2025-10-16,WH-North-Delhi,Delhi,Kochi,Consumer Goods,125,20157.29,1870,Rail Freight,1102.37,12,12,On-Time,0,Enterprise,7611,10000,1.37,Clear
SHIP-10107,2025-09-18,WH-East-Kolkata,Kolkata,Lucknow,Apparel,246,28605.41,1005,Road Freight (Truck),940.14,7,8,Delayed,1,SMB,5319,7500,1.16,Rainy
SHIP-10108,2025-08-19,WH-East-Kolkata,Kolkata,Kanpur ,Consumer Goods,114,9429.93,1755,Rail Freight,1016.23,10,9,Early,0,SMB,4340,7500,1.23,Stormy
SHIP-10109,2025-02-10,WH-South-Bengaluru,Bengaluru,Coimbatore ,Consumer Goods,268,42054.91,680,Express Courier,1196.66,4,4,On-Time,0,Enterprise,7006,8500,1.6,Clear
SHIP-10110,2025-01-28,WH-West-Mumbai,Mumbai,Patna,Industrial Equipment,55,1466.0,1344,Road Freight (Truck),1112.07,8,8,On-Time,0,E-Commerce Retailer,6377,12000,1.43,Clear
SHIP-10111,2025-05-15,WH-South-Bengaluru,Bengaluru,Indore,Automotive Parts,320,11920.01,2091,Road Freight (Truck),1797.44,11,11,On-Time,0,E-Commerce Retailer,7440,8500,1.24,Clear
SHIP-10112,2025-07-20,WH-West-Mumbai,Mumbai,Kanpur,Electronics,340,7725.25,377,Road Freight (Truck),475.64,4,5,Delayed,1,SMB,10772,12000,1.31,Rainy
SHIP-10113,2025-11-24,WH-North-Delhi,Delhi,Coimbatore,Apparel,225,29768.6,1623,Rail Freight,1005.36,10,10,On-Time,0,Individual,6218,10000,1.72,Clear
SHIP-10114,2025-09-25,WH-Central-Nagpur,Nagpur,Jaipur,Apparel,310,48404.19,2031,Road Freight (Truck),1767.92,10,11,Delayed,1,Enterprise,3760,6000,1.37,Clear
SHIP-10115,2025-02-02,WH-North-Delhi,Delhi,Kochi,Electronics,419,12437.07,1321,Rail Freight,954.54,9,10,Delayed,1,Enterprise,7993,10000,1.69,Rainy
SHIP-10116,2025-02-17,WH-Central-Nagpur,Nagpur,Jaipur,Electronics,342,63094.81,876,Road Freight (Truck),877.43,6,6,On-Time,0,E-Commerce Retailer,3986,6000,1.33,Clear
SHIP-10117,2025-03-03,WH-West-Mumbai,Mumbai,Coimbatore,Consumer Goods,33,2281.71,242,Road Freight (Truck),262.03,3,4,Delayed,1,Enterprise,5561,12000,1.48,Rainy
SHIP-10118,2025-08-04,WH-North-Delhi,Delhi,Kanpur,Electronics,44,7744.98,461,Road Freight (Truck),438.99,3,3,On-Time,0,Enterprise,8823,10000,1.16,Clear
SHIP-10119,2025-10-20,WH-South-Bengaluru,Bengaluru,Kochi,Electronics,33,8109.61,1314,Air Cargo,2417.5,4,4,On-Time,0,Enterprise,5545,8500,1.46,Clear
SHIP-10120,2025-04-09,WH-Central-Nagpur,Nagpur,Indore ,Consumer Goods,37,6564.17,1988,Express Courier,2944.49,7,8,Delayed,1,Enterprise,3273,6000,1.53,Rainy
SHIP-10121,2025-06-21,WH-East-Kolkata,Kolkata,Lucknow,Consumer Goods,25,5563.76,1791,Rail Freight,1024.16,11,12,Delayed,1,E-Commerce Retailer,5333,7500,1.29,Rainy
SHIP-10122,2025-12-26,WH-East-Kolkata,Kolkata,Kochi,Industrial Equipment,68,16172.21,1202,Rail Freight,725.74,8,8,On-Time,0,Enterprise,4146,7500,1.5,Clear
SHIP-10123,2025-08-02,WH-South-Bengaluru,Bengaluru,Kochi,Apparel,252,32605.4,1848,Rail Freight,1155.77,12,16,Delayed,4,SMB,4648,8500,1.54,Clear
SHIP-10124,2025-02-04,WH-South-Bengaluru,Bengaluru,Kanpur,Perishables,447,80480.73,1608,Road Freight (Truck),1471.2,9,10,Delayed,1,Enterprise,6005,8500,1.56,Clear
SHIP-10125,2025-08-15,WH-East-Kolkata,Kolkata,Kanpur,Consumer Goods,216,46485.96,1923,Rail Freight,1149.8,11,10,Early,0,E-Commerce Retailer,4753,7500,1.62,Clear
SHIP-10126,2025-04-11,WH-North-Delhi,Delhi,Coimbatore,Industrial Equipment,409,40410.47,379,Road Freight (Truck),551.29,3,2,Early,0,Enterprise,7193,10000,1.34,Clear
SHIP-10127,2025-05-11,WH-West-Mumbai,Mumbai,Surat,Automotive Parts,280,21399.94,1516,Rail Freight,990.59,9,9,On-Time,0,E-Commerce Retailer,11022,12000,1.49,Clear
SHIP-10128,2025-09-14,WH-North-Delhi,Delhi,Kochi,Apparel,258,61262.27,214,Road Freight (Truck),365.7,2,3,Delayed,1,SMB,8537,10000,1.74,Rainy
SHIP-10129,2025-01-05,WH-Central-Nagpur,Nagpur,Patna,Consumer Goods,276,51248.05,1268,Road Freight (Truck),1150.85,7,7,On-Time,0,Enterprise,2721,6000,1.69,Rainy
SHIP-10130,2025-08-06,WH-Central-Nagpur,Nagpur,Kochi,Industrial Equipment,202,13458.31,160,Road Freight (Truck),286.37,3,3,On-Time,0,SMB,2842,6000,1.72,Clear
SHIP-10131,2025-09-12,WH-North-Delhi,Delhi,Coimbatore,Electronics,344,41463.9,2034,Express Courier,3126.98,6,6,On-Time,0,Enterprise,7367,10000,1.38,Clear
SHIP-10132,2025-12-25,WH-East-Kolkata,Kolkata,Bhopal,Consumer Goods,227,45891.72,373,Road Freight (Truck),449.62,3,5,Delayed,2,SMB,5582,7500,1.62,Clear
SHIP-10133,2025-10-10,WH-Central-Nagpur,Nagpur,Jaipur,Apparel,124,17801.42,126,Road Freight (Truck),224.42,2,2,On-Time,0,Enterprise,5176,6000,1.52,Clear
SHIP-10134,2025-07-26,WH-North-Delhi,Delhi,Lucknow,Apparel,77,12915.88,1614,Rail Freight,940.85,10,13,Delayed,3,Individual,7456,10000,1.2,Stormy
SHIP-10135,2025-01-15,WH-South-Bengaluru,Bengaluru,Surat,Electronics,308,59177.74,847,Express Courier,1424.99,3,4,Delayed,1,Enterprise,4734,8500,1.64,Rainy
SHIP-10136,2025-12-12,WH-Central-Nagpur,Nagpur,Indore,Perishables,334,53831.5,1654,Express Courier,2614.94,5,5,On-Time,0,E-Commerce Retailer,4021,6000,1.56,Rainy
SHIP-10137,2025-02-11,WH-North-Delhi,Delhi,Indore,Apparel,406,57618.97,1724,Rail Freight,1143.06,11,13,Delayed,2,Enterprise,8302,10000,1.27,Foggy
SHIP-10138,2025-06-28,WH-South-Bengaluru,Bengaluru,Indore,Consumer Goods,403,77037.22,188,Road Freight (Truck),382.84,2,2,On-Time,0,Enterprise,7511,8500,1.2,Clear
SHIP-10139,2025-03-04,WH-West-Mumbai,Mumbai,Kanpur,Perishables,84,15622.09,1224,Road Freight (Truck),1047.04,7,6,Early,0,SMB,6736,12000,1.65,Clear
SHIP-10140,2025-12-18,WH-Central-Nagpur,Nagpur,Indore,Consumer Goods,112,18258.24,661,Road Freight (Truck),646.25,5,6,Delayed,1,Individual,4221,6000,1.2,Rainy
SHIP-10141,2025-08-19,WH-Central-Nagpur,Nagpur,Lucknow,Perishables,306,30462.46,1728,Express Courier,2685.6,5,5,On-Time,0,Enterprise,3148,6000,1.2,Clear
SHIP-10142,2025-08-29,WH-Central-Nagpur,Nagpur,Jaipur,Apparel,187,20638.41,1405,Rail Freight,898.38,9,10,Delayed,1,Enterprise,4101,6000,1.41,Rainy
SHIP-10143,2025-02-21,WH-West-Mumbai,Mumbai,Indore,Electronics,224,54443.89,208,Road Freight (Truck),330.12,3,4,Delayed,1,Enterprise,5908,12000,1.23,Rainy
SHIP-10144,2025-04-06,WH-Central-Nagpur,Nagpur,Kochi,Industrial Equipment,324,13417.06,2058,Rail Freight,1291.74,13,15,Delayed,2,Enterprise,5355,6000,1.7,Foggy
SHIP-10145,2025-08-10,WH-East-Kolkata,Kolkata,Kochi,Apparel,48,3748.74,1351,Rail Freight,770.92,9,9,On-Time,0,Enterprise,5624,7500,1.43,Clear
SHIP-10146,2025-08-19,WH-West-Mumbai,Mumbai,Kanpur,Industrial Equipment,268,35031.46,332,Road Freight (Truck),435.66,3,3,On-Time,0,SMB,10217,12000,1.49,Clear
SHIP-10147,2025-08-25,WH-East-Kolkata,Kolkata,Lucknow,Perishables,213,45077.5,953,Road Freight (Truck),901.13,6,6,On-Time,0,Enterprise,6893,7500,1.71,Rainy
SHIP-10148,2025-05-23,WH-North-Delhi,Delhi,Jaipur,Industrial Equipment,16,855.42,385,Road Freight (Truck),369.68,3,5,Delayed,2,Enterprise,5358,10000,1.47,Foggy
SHIP-10149,2025-06-20,WH-South-Bengaluru,Bengaluru,Surat,Apparel,58,4644.89,1031,Road Freight (Truck),896.71,6,8,Delayed,2,E-Commerce Retailer,6598,8500,1.36,Foggy
SHIP-10150,2025-01-29,WH-North-Delhi,Delhi,Coimbatore,Automotive Parts,35,1066.19,412,Road Freight (Truck),394.92,4,4,On-Time,0,SMB,8668,10000,1.63,Severe Heat
SHIP-10151,2025-02-05,WH-North-Delhi,Delhi,Jaipur,Apparel,170,30754.11,1350,Rail Freight,846.0,8,9,Delayed,1,Enterprise,7206,10000,1.42,Clear
SHIP-10152,2025-01-13,WH-North-Delhi,Delhi,Coimbatore,Consumer Goods,366,25978.39,452,Express Courier,890.53,3,3,On-Time,0,Enterprise,7506,10000,1.34,Clear
SHIP-10153,2025-06-09,WH-South-Bengaluru,Bengaluru,Bhopal,Automotive Parts,185,19672.63,1220,Road Freight (Truck),1081.58,7,7,On-Time,0,SMB,5453,8500,1.58,Clear
SHIP-10154,2025-11-23,WH-West-Mumbai,Mumbai,Coimbatore,Electronics,88,10495.75,1431,Rail Freight,875.38,10,10,On-Time,0,Enterprise,9205,12000,1.63,Clear
SHIP-10155,2025-07-06,WH-East-Kolkata,Kolkata,Patna,Industrial Equipment,11,2469.05,1124,Road Freight (Truck),919.93,6,9,Delayed,3,SMB,4769,7500,1.63,Stormy
SHIP-10156,2025-08-31,WH-North-Delhi,Delhi,Kochi,Automotive Parts,392,43771.75,166,Express Courier,473.54,3,5,Delayed,2,Enterprise,6740,10000,1.74,Severe Heat
SHIP-10157,2025-03-27,WH-West-Mumbai,Mumbai,Lucknow,Industrial Equipment,425,20879.35,741,Road Freight (Truck),826.81,4,5,Delayed,1,SMB,5980,12000,1.62,Clear
SHIP-10158,2025-10-11,WH-South-Bengaluru,Bengaluru,Chandigarh,Apparel,141,19488.18,1343,Rail Freight,837.09,9,9,On-Time,0,Enterprise,3856,8500,1.61,Clear
SHIP-10159,2025-03-07,WH-East-Kolkata,Kolkata,Kanpur,Industrial Equipment,285,68769.11,546,Road Freight (Truck),624.58,5,5,On-Time,0,SMB,3569,7500,1.66,Clear
SHIP-10160,2025-06-19,WH-West-Mumbai,Mumbai,Patna,Consumer Goods,126,19883.57,329,Road Freight (Truck),369.07,4,4,On-Time,0,E-Commerce Retailer,6485,12000,1.15,Foggy
SHIP-10161,2025-02-14,WH-South-Bengaluru,Bengaluru,Coimbatore,Automotive Parts,173,42574.61,1007,Road Freight (Truck),904.99,7,7,On-Time,0,SMB,5649,8500,1.37,Clear
SHIP-10162,2025-03-03,WH-Central-Nagpur,Nagpur,Indore,Electronics,297,63160.08,1563,Air Cargo,2937.56,4,6,Delayed,2,Enterprise,2759,6000,1.59,Clear
SHIP-10163,2025-05-14,WH-South-Bengaluru,Bengaluru,Lucknow,Electronics,37,867.72,273,Road Freight (Truck),295.2,4,3,Early,0,Enterprise,4447,8500,1.51,Clear
SHIP-10164,2025-10-11,WH-North-Delhi,Delhi,Patna,Consumer Goods,342,58045.58,1665,Road Freight (Truck),1467.81,8,8,On-Time,0,Enterprise,8172,10000,1.26,Clear
SHIP-10165,2025-01-28,WH-North-Delhi,Delhi,Kanpur,Apparel,10,823.9,534,Road Freight (Truck),477.95,4,7,Delayed,3,Enterprise,8082,10000,,Stormy
SHIP-10166,2025-04-18,WH-Central-Nagpur,Nagpur,Kochi,Apparel,197,28862.46,1496,Road Freight (Truck),1276.24,8,8,On-Time,0,Enterprise,4927,6000,1.35,Clear
SHIP-10167,2025-02-13,WH-North-Delhi,Delhi,Lucknow,Automotive Parts,65,5242.0,1300,Road Freight (Truck),1095.09,8,9,Delayed,1,E-Commerce Retailer,8831,10000,1.49,Clear
SHIP-10168,2025-12-06,WH-Central-Nagpur,Nagpur,Kanpur,Consumer Goods,44,4267.32,1404,Road Freight (Truck),1189.61,8,7,Early,0,SMB,3035,6000,1.65,Clear
SHIP-10169,2025-10-13,WH-South-Bengaluru,Bengaluru,Bhopal,Consumer Goods,121,28065.3,1220,Express Courier,1880.21,5,5,On-Time,0,SMB,4476,8500,1.71,Clear
SHIP-10170,2025-11-27,WH-Central-Nagpur,Nagpur,Bhopal,Electronics,295,18750.54,888,Road Freight (Truck),864.65,6,6,On-Time,0,SMB,3640,6000,1.6,Rainy
SHIP-10171,2025-05-08,WH-East-Kolkata,Kolkata,Kanpur,Consumer Goods,319,70312.59,1102,Road Freight (Truck),1076.34,6,6,On-Time,0,SMB,6600,7500,1.66,Clear
SHIP-10172,2025-12-14,WH-Central-Nagpur,Nagpur,Patna,Apparel,45,997.09,1631,Express Courier,2465.45,6,8,Delayed,2,Enterprise,4886,6000,1.43,Clear
SHIP-10173,2025-08-19,WH-West-Mumbai,Mumbai,Lucknow,Electronics,448,16287.48,1274,Air Cargo,2493.46,4,6,Delayed,2,E-Commerce Retailer,7228,12000,1.38,Foggy
SHIP-10174,2025-07-09,WH-East-Kolkata,Kolkata,Patna,Consumer Goods,226,48781.79,698,Road Freight (Truck),699.46,4,4,On-Time,0,Enterprise,3683,7500,1.39,Clear
SHIP-10175,2025-08-13,WH-West-Mumbai,Mumbai,Surat,Electronics,89,14523.08,1598,Air Cargo,2933.03,4,6,Delayed,2,E-Commerce Retailer,8876,12000,1.52,Rainy
SHIP-10176,2025-10-10,WH-West-Mumbai,Mumbai,Coimbatore,Electronics,323,61563.96,859,Express Courier,1441.11,3,3,On-Time,0,E-Commerce Retailer,6848,12000,1.22,Clear
SHIP-10177,2025-05-01,WH-South-Bengaluru,Bengaluru,Surat,Consumer Goods,92,5907.61,282,Road Freight (Truck),301.95,4,4,On-Time,0,E-Commerce Retailer,5946,8500,1.5,Clear
SHIP-10178,2025-04-26,WH-Central-Nagpur,Nagpur,Bhopal,Electronics,74,10449.88,1158,Express Courier,1754.48,5,8,Delayed,3,SMB,5355,6000,1.55,Rainy
SHIP-10179,2025-08-21,WH-Central-Nagpur,Nagpur,Kochi,Industrial Equipment,334,62874.34,1375,Road Freight (Truck),1245.63,7,7,On-Time,0,Enterprise,4314,6000,1.41,Foggy
SHIP-10180,2025-09-16,WH-East-Kolkata,Kolkata,Jaipur,Automotive Parts,137,22251.38,314,Road Freight (Truck),364.89,3,4,Delayed,1,SMB,6631,7500,1.72,Rainy
SHIP-10181,2025-12-25,WH-West-Mumbai,Mumbai,Coimbatore,Apparel,316,39768.35,2004,Rail Freight,1258.43,13,13,On-Time,0,SMB,7616,12000,1.51,Clear
SHIP-10182,2025-07-17,WH-West-Mumbai,Mumbai,Bhopal,Perishables,31,7457.02,661,Road Freight (Truck),597.58,4,4,On-Time,0,SMB,8972,12000,1.28,Clear
SHIP-10183,2025-05-17,WH-East-Kolkata,Kolkata,Patna,Consumer Goods,225,39126.82,478,Road Freight (Truck),514.57,4,4,On-Time,0,E-Commerce Retailer,6525,7500,1.44,Clear
SHIP-10184,2025-11-14,WH-North-Delhi,Delhi,Patna,Apparel,116,26485.29,969,Express Courier,1510.37,4,6,Delayed,2,Enterprise,7263,10000,1.56,Clear
SHIP-10185,2025-06-14,WH-North-Delhi,Delhi,Patna,Perishables,118,22006.54,1474,Road Freight (Truck),1223.59,8,9,Delayed,1,Enterprise,7390,10000,1.34,Rainy
SHIP-10186,2025-08-13,WH-West-Mumbai,Mumbai,Kochi,Electronics,381,71564.73,546,Road Freight (Truck),652.74,4,3,Early,0,Enterprise,9439,12000,1.2,Clear
SHIP-10187,2025-11-03,WH-West-Mumbai,Mumbai,Surat,Perishables,366,12372.37,616,Express Courier,1111.91,3,3,On-Time,0,Enterprise,10375,12000,1.5,Clear
SHIP-10188,2025-08-22,WH-West-Mumbai,Mumbai,Jaipur,Electronics,190,18900.1,947,Road Freight (Truck),870.26,5,6,Delayed,1,SMB,5897,12000,1.72,Rainy
SHIP-10189,2025-06-21,WH-North-Delhi,Delhi,Patna,Consumer Goods,365,79101.64,605,Road Freight (Truck),670.49,5,5,On-Time,0,E-Commerce Retailer,6083,10000,1.44,Clear
SHIP-10190,2025-06-01,WH-North-Delhi,Delhi,Chandigarh,Electronics,173,12051.51,1951,Express Courier,2986.84,7,7,On-Time,0,E-Commerce Retailer,6369,10000,1.69,Rainy
SHIP-10191,2025-11-11,WH-North-Delhi,Delhi,Coimbatore,Industrial Equipment,77,3245.08,1592,Rail Freight,973.08,10,10,On-Time,0,E-Commerce Retailer,8775,10000,1.65,Clear
SHIP-10192,2025-06-09,WH-Central-Nagpur,Nagpur,Lucknow,Apparel,301,27582.11,1556,Rail Freight,1009.23,9,9,On-Time,0,E-Commerce Retailer,5395,6000,1.24,Clear
SHIP-10193,2025-04-06,WH-West-Mumbai,Mumbai,Chandigarh,Industrial Equipment,189,12625.75,449,Road Freight (Truck),523.52,3,4,Delayed,1,E-Commerce Retailer,6078,12000,1.57,Severe Heat
SHIP-10194,2025-08-21,WH-West-Mumbai,Mumbai,Jaipur,Consumer Goods,190,44164.12,1875,Rail Freight,1121.35,11,11,On-Time,0,Enterprise,6071,12000,1.41,Clear
SHIP-10195,2025-06-29,WH-South-Bengaluru,Bengaluru,Kochi,Consumer Goods,443,97004.67,1008,Road Freight (Truck),1030.92,6,6,On-Time,0,E-Commerce Retailer,7559,8500,1.3,Clear
SHIP-10196,2025-04-23,WH-North-Delhi,Delhi,Jaipur,Electronics,178,23571.75,1110,Road Freight (Truck),1008.07,6,6,On-Time,0,Enterprise,5890,10000,1.56,Rainy
SHIP-10197,2025-11-14,WH-Central-Nagpur,Nagpur,Lucknow,Consumer Goods,411,12089.9,1290,Road Freight (Truck),1230.07,7,8,Delayed,1,Enterprise,3381,6000,1.6,Severe Heat
SHIP-10198,2025-02-21,WH-East-Kolkata,Kolkata,Coimbatore,Perishables,31,5670.59,378,Road Freight (Truck),362.94,4,5,Delayed,1,SMB,3500,7500,1.26,Severe Heat
SHIP-10199,2025-09-25,WH-North-Delhi,Delhi,Lucknow,Consumer Goods,75,12112.63,411,Road Freight (Truck),421.37,4,5,Delayed,1,Enterprise,5795,10000,1.7,Rainy
SHIP-10200,2025-10-22,WH-West-Mumbai,Mumbai,Kanpur,Automotive Parts,30,7292.41,1954,Road Freight (Truck),1581.11,10,10,On-Time,0,Enterprise,9311,12000,1.6,Clear
SHIP-10201,2025-04-23,WH-Central-Nagpur,Nagpur,Coimbatore,Automotive Parts,109,15952.59,262,Road Freight (Truck),328.95,3,6,Delayed,3,Enterprise,3901,6000,1.71,Stormy
SHIP-10202,2025-04-11,WH-Central-Nagpur,Nagpur,Jaipur,Consumer Goods,393,36962.64,2080,Rail Freight,1314.44,13,14,Delayed,1,Enterprise,4157,6000,1.34,Rainy
SHIP-10203,2025-04-23,WH-West-Mumbai,Mumbai,Patna,Apparel,309,42323.76,866,Road Freight (Truck),872.55,5,5,On-Time,0,Individual,10573,12000,1.71,Clear
SHIP-10204,2025-03-22,WH-South-Bengaluru,Bengaluru,Jaipur,Electronics,112,27454.21,746,Road Freight (Truck),702.03,4,6,Delayed,2,Enterprise,4283,8500,1.37,Foggy
SHIP-10205,2025-07-06,WH-North-Delhi,Delhi,Jaipur,Electronics,56,10004.13,1508,Air Cargo,2748.81,5,5,On-Time,0,Enterprise,4834,10000,1.18,Clear
SHIP-10206,2025-04-23,WH-Central-Nagpur,Nagpur,Coimbatore,Electronics,48,8299.89,209,Express Courier,405.84,2,2,On-Time,0,SMB,5102,6000,1.61,Clear
SHIP-10207,2025-01-02,WH-North-Delhi,Delhi,Kanpur,Apparel,294,21038.69,839,Express Courier,1449.25,3,5,Delayed,2,SMB,8141,10000,1.57,Foggy
SHIP-10208,2025-05-10,WH-Central-Nagpur,Nagpur,Jaipur,Consumer Goods,319,60529.16,1307,Road Freight (Truck),1192.76,7,7,On-Time,0,Individual,3443,6000,1.51,Clear
SHIP-10209,2025-08-08,WH-South-Bengaluru,Bengaluru,Chandigarh,Apparel,99,18940.07,600,Road Freight (Truck),581.6,4,4,On-Time,0,Enterprise,5120,8500,1.44,Clear
SHIP-10210,2025-02-23,WH-South-Bengaluru,Bengaluru,Bhopal,Apparel,94,8418.91,203,Road Freight (Truck),258.35,2,3,Delayed,1,SMB,5064,8500,1.17,Clear
SHIP-10211,2025-12-09,WH-South-Bengaluru,Bengaluru,Indore,Consumer Goods,282,36285.72,1220,Express Courier,1962.06,5,6,Delayed,1,E-Commerce Retailer,6412,8500,1.52,Rainy
SHIP-10212,2025-08-12,WH-North-Delhi,Delhi,Indore,Apparel,345,29059.97,792,Road Freight (Truck),828.9,6,6,On-Time,0,Individual,4787,10000,1.4,Clear
SHIP-10213,2025-08-13,WH-North-Delhi,Delhi,Jaipur,Industrial Equipment,197,14931.75,636,Road Freight (Truck),633.64,4,3,Early,0,SMB,6800,10000,1.49,Clear
SHIP-10214,2025-05-06,WH-North-Delhi,Delhi,Chandigarh,Electronics,168,3542.38,604,Express Courier,999.18,3,4,Delayed,1,E-Commerce Retailer,5129,10000,1.41,Rainy
SHIP-10215,2025-05-10,WH-North-Delhi,Delhi,Patna,Electronics,252,20670.24,1733,Air Cargo,3244.03,5,8,Delayed,3,Enterprise,8352,10000,1.73,Stormy
SHIP-10216,2025-02-22,WH-East-Kolkata,Kolkata,Kochi,Industrial Equipment,82,11905.0,1746,Rail Freight,1005.94,11,11,On-Time,0,SMB,4716,7500,1.51,Clear
SHIP-10217,2025-06-21,WH-West-Mumbai,Mumbai,Kochi,Consumer Goods,58,891.82,1742,Rail Freight,1002.4,11,12,Delayed,1,SMB,8375,12000,1.6,Foggy
SHIP-10218,2025-08-06,WH-North-Delhi,Delhi,Coimbatore,Apparel,110,8971.21,901,Road Freight (Truck),826.08,5,7,Delayed,2,E-Commerce Retailer,4637,10000,1.71,Foggy
SHIP-10219,2025-06-09,WH-Central-Nagpur,Nagpur,Indore,Consumer Goods,11,2443.45,223,Road Freight (Truck),228.53,3,3,On-Time,0,Enterprise,2864,6000,1.5,Rainy
SHIP-10220,2025-07-17,WH-Central-Nagpur,Nagpur,Jaipur,Consumer Goods,253,39090.38,1595,Rail Freight,1000.97,10,10,On-Time,0,Enterprise,4603,6000,1.16,Clear
SHIP-10221,2025-09-04,WH-Central-Nagpur,Nagpur,Kochi,Electronics,185,29201.84,1630,Air Cargo,3028.82,4,6,Delayed,2,Enterprise,4862,6000,1.17,Foggy
SHIP-10222,2025-11-20,WH-Central-Nagpur,Nagpur,Jaipur,Consumer Goods,247,27118.28,458,Express Courier,838.01,3,3,On-Time,0,Enterprise,4702,6000,1.57,Clear
SHIP-10223,2025-07-22,WH-North-Delhi,Delhi,Coimbatore,Apparel,407,70806.18,806,Road Freight (Truck),883.95,6,6,On-Time,0,Enterprise,7963,10000,1.32,Clear
SHIP-10224,2025-07-03,WH-West-Mumbai,Mumbai,Indore,Consumer Goods,68,4055.13,1709,Rail Freight,968.52,10,10,On-Time,0,Individual,5990,12000,1.5,Clear
SHIP-10225,2025-05-03,WH-East-Kolkata,Kolkata,Lucknow,Industrial Equipment,362,75080.79,1019,Road Freight (Truck),1029.08,7,9,Delayed,2,SMB,5819,7500,1.27,Foggy
SHIP-10226,2025-09-12,WH-South-Bengaluru,Bengaluru,Bhopal,Automotive Parts,108,4581.57,1621,Road Freight (Truck),1346.68,9,11,Delayed,2,SMB,4551,8500,1.31,Clear
SHIP-10227,2025-10-21,WH-North-Delhi,Delhi,Bhopal,Apparel,368,62251.0,1866,Road Freight (Truck),1634.58,9,11,Delayed,2,E-Commerce Retailer,4960,10000,1.45,Clear
SHIP-10228,2025-10-07,WH-East-Kolkata,Kolkata,Kochi,Industrial Equipment,444,42255.52,726,Road Freight (Truck),844.96,4,7,Delayed,3,SMB,6043,7500,1.74,Rainy
SHIP-10229,2025-11-21,WH-North-Delhi,Delhi,Bhopal,Consumer Goods,11,2097.32,342,Road Freight (Truck),344.53,4,6,Delayed,2,Enterprise,8680,10000,1.52,Stormy
SHIP-10230,2025-04-08,WH-North-Delhi,Delhi,Lucknow,Consumer Goods,252,36337.06,1152,Road Freight (Truck),1089.5,6,5,Early,0,Enterprise,7868,10000,1.71,Rainy
SHIP-10231,2025-07-17,WH-South-Bengaluru,Bengaluru,Jaipur,Industrial Equipment,306,37118.71,1196,Road Freight (Truck),1104.17,6,6,On-Time,0,Enterprise,7043,8500,1.73,Clear
SHIP-10232,2025-08-28,WH-South-Bengaluru,Bengaluru,Coimbatore,Consumer Goods,220,12059.14,1220,Rail Freight,781.41,8,7,Early,0,SMB,7784,8500,1.27,Clear
SHIP-10233,2025-05-24,WH-South-Bengaluru,Bengaluru,Lucknow, Apparel,132,21734.2,1861,Road Freight (Truck),1552.21,9,13,Delayed,4,SMB,4363,8500,1.34,Rainy
SHIP-10234,2025-04-07,WH-North-Delhi,Delhi,Coimbatore,Electronics,238,58088.88,622,Road Freight (Truck),694.41,4,5,Delayed,1,Enterprise,9036,10000,1.61,Clear
SHIP-10235,2025-07-20,WH-Central-Nagpur,Nagpur,Coimbatore,Apparel,91,19020.53,1459,Rail Freight,886.71,9,10,Delayed,1,SMB,4395,6000,1.67,Rainy
SHIP-10236,2025-05-04,WH-West-Mumbai,Mumbai,Indore, Automotive Parts,153,4452.59,1957,Road Freight (Truck),1638.22,9,9,On-Time,0,Individual,9986,12000,1.46,Clear
SHIP-10237,2025-07-06,WH-North-Delhi,Delhi,Jaipur ,Automotive Parts,397,41055.32,941,Express Courier,1603.52,5,9,Delayed,4,E-Commerce Retailer,7555,10000,1.75,Stormy
SHIP-10238,2025-11-22,WH-Central-Nagpur,Nagpur,Chandigarh,Industrial Equipment,149,34644.29,1985,Road Freight (Truck),1633.52,9,10,Delayed,1,E-Commerce Retailer,4307,6000,1.16,Clear
SHIP-10239,2025-12-15,WH-Central-Nagpur,Nagpur,Bhopal,Industrial Equipment,38,5062.18,743,Road Freight (Truck),639.03,5,5,On-Time,0,E-Commerce Retailer,4684,6000,1.33,Clear
SHIP-10240,2025-09-16,WH-Central-Nagpur,Nagpur,Chandigarh,Apparel,400,68238.51,2006,Rail Freight,1303.86,12,11,Early,0,Enterprise,3603,6000,1.52,Foggy
SHIP-10241,2025-05-28,WH-East-Kolkata,Kolkata,Indore,Apparel,279,64019.58,284,Road Freight (Truck),425.38,4,4,On-Time,0,E-Commerce Retailer,6633,7500,1.43,Clear
SHIP-10242,2025-09-09,WH-South-Bengaluru,Bengaluru,Coimbatore,Electronics,256,56407.49,1422,Express Courier,2228.37,5,5,On-Time,0,Enterprise,4285,8500,1.22,Clear
SHIP-10243,2025-12-12,WH-South-Bengaluru,Bengaluru,Kochi,Consumer Goods,21,2791.48,1170,Road Freight (Truck),978.53,7,9,Delayed,2,E-Commerce Retailer,5095,8500,1.37,Foggy
SHIP-10244,2025-05-27,WH-North-Delhi,Delhi,Bhopal,Consumer Goods,364,42896.26,1213,Rail Freight,855.08,8,8,On-Time,0,SMB,4646,10000,1.17,
SHIP-10245,2025-05-28,WH-West-Mumbai,Mumbai,Bhopal,Perishables,398,37741.45,1361,Rail Freight,980.59,9,9,On-Time,0,Enterprise,6930,12000,1.54,Clear
SHIP-10246,2025-12-18,WH-West-Mumbai,Mumbai,Jaipur,Consumer Goods,346,63653.47,1508,Express Courier,2393.45,5,5,On-Time,0,E-Commerce Retailer,6630,12000,1.69,Clear
SHIP-10247,2025-07-18,WH-West-Mumbai,Mumbai,Kanpur,Apparel,115,9480.82,1844,Rail Freight,1110.67,11,11,On-Time,0,Individual,5679,12000,1.68,Clear
SHIP-10248,2025-11-04,WH-East-Kolkata,Kolkata,Surat,Apparel,41,3022.67,1988,Express Courier,2945.38,7,7,On-Time,0,Enterprise,5108,7500,1.57,Clear
SHIP-10249,2025-05-08,WH-West-Mumbai,Mumbai,Surat,Apparel,83,8193.65,2090,Rail Freight,1194.45,13,12,Early,0,E-Commerce Retailer,8043,12000,1.43,Rainy
SHIP-10250,2025-02-08,WH-North-Delhi,Delhi,Surat,Industrial Equipment,180,10196.2,1449,Rail Freight,887.67,9,9,On-Time,0,Enterprise,4865,10000,1.46,Rainy
SHIP-10251,2025-12-04,WH-North-Delhi,Delhi,Kanpur,Electronics,346,61710.19,1267,Rail Freight,885.18,9,9,On-Time,0,SMB,5730,10000,1.23,Clear
SHIP-10252,2025-12-26,WH-South-Bengaluru,Bengaluru,Jaipur,Apparel,78,12465.69,138,Express Courier,303.04,3,3,On-Time,0,SMB,7633,8500,1.35,Clear
SHIP-10253,2025-05-09,WH-North-Delhi,Delhi,Kanpur,Automotive Parts,310,39827.7,1400,Road Freight (Truck),1278.68,7,6,Early,0,SMB,5020,10000,1.26,Stormy
SHIP-10254,2025-09-24,WH-Central-Nagpur,Nagpur,Surat,Consumer Goods,371,39595.55,1439,Express Courier,2290.5,6,6,On-Time,0,Individual,3560,6000,1.64,Severe Heat
SHIP-10255,2025-05-31,WH-West-Mumbai,Mumbai,Indore,Consumer Goods,146,33379.94,2071,Rail Freight,1224.13,12,11,Early,0,E-Commerce Retailer,5602,12000,1.7,Clear
SHIP-10256,2025-10-25,WH-West-Mumbai,Mumbai,Lucknow,Apparel,442,9655.09,1165,Road Freight (Truck),1161.8,7,7,On-Time,0,E-Commerce Retailer,6239,12000,1.47,Foggy
SHIP-10257,2025-04-09,WH-South-Bengaluru,Bengaluru,Coimbatore,Automotive Parts,426,83385.38,2023,Road Freight (Truck),1790.0,10,11,Delayed,1,Enterprise,6619,8500,1.59,Rainy
SHIP-10258,2025-09-20,WH-East-Kolkata,Kolkata,Kanpur,Electronics,109,24737.41,1108,Air Cargo,2069.83,4,4,On-Time,0,Individual,4667,7500,1.22,Clear
SHIP-10259,2025-09-09,WH-West-Mumbai,Mumbai,Jaipur,Industrial Equipment,155,18583.47,569,Road Freight (Truck),540.93,4,4,On-Time,0,Enterprise,7949,12000,1.52,Clear
SHIP-10260,2025-05-24,WH-South-Bengaluru,Bengaluru,Jaipur,Automotive Parts,18,2599.42,671,Express Courier,1047.37,3,3,On-Time,0,E-Commerce Retailer,4452,8500,1.57,Clear
SHIP-10261,2025-12-12,WH-South-Bengaluru,Bengaluru,Chandigarh,Consumer Goods,71,16823.38,1693,Rail Freight,1003.2,11,11,On-Time,0,Enterprise,6550,8500,1.42,Foggy
SHIP-10262,2025-04-22,WH-West-Mumbai,Mumbai,Lucknow,Perishables,194,12587.73,1191,Road Freight (Truck),1055.91,7,11,Delayed,4,Enterprise,9638,12000,1.3,Rainy
SHIP-10263,2025-03-01,WH-Central-Nagpur,Nagpur,Kochi ,Industrial Equipment,38,5214.8,814,Road Freight (Truck),703.75,5,6,Delayed,1,E-Commerce Retailer,3210,6000,1.68,Rainy
SHIP-10264,2025-01-02,WH-East-Kolkata,Kolkata,Bhopal,Industrial Equipment,390,49358.19,706,Road Freight (Truck),787.09,4,4,On-Time,0,Enterprise,3533,7500,1.6,Clear
SHIP-10265,2025-10-31,WH-South-Bengaluru,Bengaluru,Surat,Industrial Equipment,123,9313.84,840,Road Freight (Truck),774.39,6,7,Delayed,1,Enterprise,4148,8500,1.69,Rainy
SHIP-10266,2025-09-11,WH-Central-Nagpur,Nagpur,Kochi,Electronics,418,86680.41,1326,Express Courier,2188.39,5,5,On-Time,0,Enterprise,4552,6000,1.64,Foggy
SHIP-10267,2025-05-20,WH-Central-Nagpur,Nagpur,Chandigarh,Electronics,152,34413.73,1578,Air Cargo,2928.53,5,5,On-Time,0,Enterprise,3082,6000,1.74,Foggy
SHIP-10268,2025-02-06,WH-East-Kolkata,Kolkata,Surat ,Consumer Goods,399,79302.91,226,Road Freight (Truck),427.19,3,4,Delayed,1,Enterprise,5116,7500,1.27,Clear
SHIP-10269,2025-06-09,WH-East-Kolkata,Kolkata,Lucknow ,Consumer Goods,129,7857.31,1331,Road Freight (Truck),1132.99,8,9,Delayed,1,Enterprise,3913,7500,1.2,Rainy
SHIP-10270,2025-01-09,WH-South-Bengaluru,Bengaluru,Chandigarh,Consumer Goods,179,6334.08,895,Express Courier,1425.36,4,6,Delayed,2,SMB,4504,8500,1.35,Clear
SHIP-10271,2025-08-21,WH-South-Bengaluru,Bengaluru,Surat,Automotive Parts,166,26108.39,1229,Road Freight (Truck),1050.76,6,6,On-Time,0,Enterprise,3842,8500,1.23,Rainy
SHIP-10272,2025-04-09,WH-South-Bengaluru,Bengaluru,Lucknow,Automotive Parts,344,9775.54,1979,Rail Freight,1260.56,12,12,On-Time,0,E-Commerce Retailer,5106,8500,1.46,Rainy
SHIP-10273,2025-05-27,WH-East-Kolkata,Kolkata,Patna,Apparel,358,61974.84,1986,Road Freight (Truck),1706.94,10,10,On-Time,0,Enterprise,3691,7500,1.53,Clear
SHIP-10274,2025-10-31,WH-North-Delhi,Delhi,Kochi,Automotive Parts,269,37565.77,1599,Road Freight (Truck),1382.31,9,11,Delayed,2,Individual,6351,10000,1.5,Foggy
SHIP-10275,2025-07-27,WH-Central-Nagpur,Nagpur,Kochi,Industrial Equipment,91,15538.67,1280,Road Freight (Truck),1058.63,8,8,On-Time,0,E-Commerce Retailer,4385,6000,1.31,Clear
SHIP-10276,2025-05-11,WH-Central-Nagpur,Nagpur,Bhopal,Consumer Goods,251,38576.22,2001,Rail Freight,1243.69,12,14,Delayed,2,Enterprise,3736,6000,1.7,Foggy
SHIP-10277,2025-06-01,WH-North-Delhi,Delhi,Lucknow,Electronics,442,50536.12,1017,Road Freight (Truck),1010.07,6,6,On-Time,0,E-Commerce Retailer,7813,10000,1.16,Clear
SHIP-10278,2025-02-23,WH-East-Kolkata,Kolkata,Kanpur,Apparel,181,11259.31,455,Road Freight (Truck),501.9,3,4,Delayed,1,E-Commerce Retailer,5988,7500,1.36,Rainy
SHIP-10279,2025-04-30,WH-North-Delhi,Delhi,Patna,Industrial Equipment,240,20841.6,726,Road Freight (Truck),719.58,4,7,Delayed,3,Individual,7774,10000,1.58,Stormy
SHIP-10280,2025-06-10,WH-West-Mumbai,Mumbai,Indore,Consumer Goods,217,30001.91,957,Road Freight (Truck),899.12,6,6,On-Time,0,SMB,10683,12000,1.61,Clear
SHIP-10281,2025-04-26,WH-East-Kolkata,Kolkata,Surat,Apparel,84,14127.88,1900,Road Freight (Truck),1549.86,9,9,On-Time,0,Enterprise,4211,7500,1.4,Clear
SHIP-10282,2025-03-16,WH-North-Delhi,Delhi,Patna,Electronics,279,55291.8,1612,Air Cargo,3020.85,5,5,On-Time,0,SMB,5390,10000,1.16,Clear
SHIP-10283,2025-04-23,WH-East-Kolkata,Kolkata,Lucknow,Industrial Equipment,396,77332.91,721,Road Freight (Truck),789.66,5,4,Early,0,SMB,5524,7500,1.52,Clear
SHIP-10284,2025-04-14,WH-East-Kolkata,Kolkata,Coimbatore,Industrial Equipment,123,29960.57,1714,Express Courier,2561.66,5,5,On-Time,0,SMB,5471,7500,1.19,Rainy
SHIP-10285,2025-12-06,WH-South-Bengaluru,Bengaluru,Surat,Industrial Equipment,71,5834.26,522,Road Freight (Truck),491.42,4,5,Delayed,1,Enterprise,5862,8500,1.21,Rainy
SHIP-10286,2025-09-11,WH-North-Delhi,Delhi,Jaipur,Perishables,371,11764.79,659,Road Freight (Truck),750.05,5,4,Early,0,E-Commerce Retailer,4520,10000,1.54,Stormy
SHIP-10287,2025-08-15,WH-West-Mumbai,Mumbai,Kochi,Automotive Parts,329,31659.47,1215,Road Freight (Truck),1148.54,6,8,Delayed,2,Individual,8531,12000,1.34,Foggy
SHIP-10288,2025-04-22,WH-South-Bengaluru,Bengaluru,Lucknow,Automotive Parts,111,21053.84,1925,Road Freight (Truck),1581.78,9,9,On-Time,0,Enterprise,7551,8500,1.36,Clear
SHIP-10289,2025-04-09,WH-Central-Nagpur,Nagpur,Jaipur,Perishables,438,51664.83,143,Express Courier,477.28,3,4,Delayed,1,Enterprise,3643,6000,,Rainy
SHIP-10290,2025-06-02,WH-South-Bengaluru,Bengaluru,Bhopal,Industrial Equipment,371,76863.88,743,Express Courier,1306.2,4,6,Delayed,2,Enterprise,7690,8500,1.74,Foggy
SHIP-10291,2025-12-15,WH-West-Mumbai,Mumbai,Chandigarh,Apparel,219,31556.08,1955,Road Freight (Truck),1671.64,10,10,On-Time,0,E-Commerce Retailer,7412,12000,1.73,Clear
SHIP-10292,2025-12-04,WH-South-Bengaluru,Bengaluru,Indore,Electronics,264,61644.28,1628,Road Freight (Truck),1431.27,9,10,Delayed,1,E-Commerce Retailer,4383,8500,1.4,Clear
SHIP-10293,2025-07-13,WH-South-Bengaluru,Bengaluru,Indore,Consumer Goods,29,6894.69,1199,Road Freight (Truck),985.67,7,7,On-Time,0,SMB,5416,8500,1.31,Clear
SHIP-10294,2025-11-06,WH-East-Kolkata,Kolkata,Jaipur,Apparel,67,2096.2,1105,Road Freight (Truck),937.22,6,8,Delayed,2,SMB,5118,7500,1.33,Foggy
SHIP-10295,2025-06-12,WH-North-Delhi,Delhi,Kochi,Consumer Goods,121,14793.12,342,Road Freight (Truck),379.82,4,5,Delayed,1,SMB,7458,10000,1.31,Rainy
SHIP-10296,2025-07-27,WH-East-Kolkata,Kolkata,Bhopal,Consumer Goods,322,50965.17,1775,Rail Freight,1146.2,11,12,Delayed,1,Enterprise,5154,7500,1.47,Rainy
SHIP-10297,2025-06-18,WH-South-Bengaluru,Bengaluru,Coimbatore,Perishables,205,15401.66,298,Express Courier,571.06,3,3,On-Time,0,SMB,5969,8500,1.51,Clear
SHIP-10298,2025-06-10,WH-Central-Nagpur,Nagpur,Kochi,Automotive Parts,384,42494.61,919,Road Freight (Truck),918.18,5,6,Delayed,1,E-Commerce Retailer,2767,6000,1.44,Severe Heat
SHIP-10299,2025-03-09,WH-West-Mumbai,Mumbai,Patna,Automotive Parts,362,63080.37,553,Express Courier,1005.19,4,4,On-Time,0,Individual,6830,12000,1.39,Clear
SHIP-10300,2025-10-16,WH-South-Bengaluru,Bengaluru,Indore,Consumer Goods,101,6896.54,2080,Rail Freight,1185.18,13,13,On-Time,0,Individual,5066,8500,1.28,Rainy
SHIP-10301,2025-10-04,WH-Central-Nagpur,Nagpur,Patna,Electronics,61,9544.4,1593,Air Cargo,2908.36,4,5,Delayed,1,Individual,5483,6000,1.44,Clear
SHIP-10302,2025-10-31,WH-North-Delhi,Delhi,Surat,Electronics,302,54027.87,912,Road Freight (Truck),862.58,6,6,On-Time,0,SMB,5889,10000,1.35,Clear
SHIP-10303,2025-05-15,WH-Central-Nagpur,Nagpur,Kanpur,Consumer Goods,17,616.53,1003,Road Freight (Truck),842.79,7,9,Delayed,2,SMB,5228,6000,1.47,Foggy
SHIP-10304,2025-07-14,WH-South-Bengaluru,Bengaluru,Lucknow,Electronics,309,40763.09,611,Express Courier,1111.4,4,5,Delayed,1,E-Commerce Retailer,5042,8500,1.56,Severe Heat
SHIP-10305,2025-05-08,WH-North-Delhi,Delhi,Bhopal,Electronics,107,8220.15,1332,Air Cargo,2470.12,4,4,On-Time,0,Individual,4951,10000,1.53,Clear
SHIP-10306,2025-02-02,WH-West-Mumbai,Mumbai,Kochi,Automotive Parts,245,45381.54,1721,Rail Freight,1044.94,10,10,On-Time,0,Enterprise,6796,12000,1.43,Clear
SHIP-10307,2025-06-25,WH-East-Kolkata,Kolkata,Indore,Industrial Equipment,398,23699.13,929,Road Freight (Truck),964.76,6,6,On-Time,0,Enterprise,4336,7500,1.48,Clear
SHIP-10308,2025-01-22,WH-North-Delhi,Delhi,Patna,Consumer Goods,383,86050.87,1080,Express Courier,1797.38,5,5,On-Time,0,Enterprise,9097,10000,1.32,Clear
SHIP-10309,2025-08-26,WH-South-Bengaluru,Bengaluru,Chandigarh,Electronics,78,9069.15,539,Road Freight (Truck),500.2,5,5,On-Time,0,SMB,6518,8500,1.16,Clear
SHIP-10310,2025-06-07,WH-West-Mumbai,Mumbai,Surat,Apparel,424,26089.02,1392,Road Freight (Truck),1325.0,7,9,Delayed,2,Enterprise,10654,12000,1.53,Foggy
SHIP-10311,2025-02-07,WH-South-Bengaluru,Bengaluru,Lucknow,Electronics,54,6368.5,1731,Air Cargo,3115.42,4,7,Delayed,3,Enterprise,7160,8500,1.3,Stormy
SHIP-10312,2025-08-18,WH-North-Delhi,Delhi,Lucknow,Perishables,146,16214.0,768,Road Freight (Truck),724.39,5,5,On-Time,0,Enterprise,7219,10000,1.55,Clear
SHIP-10313,2025-02-20,WH-Central-Nagpur,Nagpur,Kochi,Consumer Goods,243,28138.42,1307,Express Courier,2074.61,4,5,Delayed,1,Enterprise,4604,6000,1.6,Rainy
SHIP-10314,2025-09-21,WH-Central-Nagpur,Nagpur,Bhopal,Consumer Goods,41,6256.88,1888,Rail Freight,1069.32,11,11,On-Time,0,E-Commerce Retailer,4462,6000,1.7,Clear
SHIP-10315,2025-10-10,WH-Central-Nagpur,Nagpur,Coimbatore,Consumer Goods,298,40967.8,1398,Rail Freight,934.2,8,9,Delayed,1,Enterprise,4578,6000,1.72,Clear
SHIP-10316,2025-01-27,WH-East-Kolkata,Kolkata,Chandigarh ,Electronics,135,6776.68,595,Express Courier,969.64,4,4,On-Time,0,E-Commerce Retailer,4308,7500,1.16,Clear
SHIP-10317,2025-08-14,WH-North-Delhi,Delhi,Kochi,Apparel,76,2311.24,1949,Rail Freight,1121.45,11,11,On-Time,0,SMB,6418,10000,1.74,Rainy
SHIP-10318,2025-10-04,WH-East-Kolkata,Kolkata,Patna,Industrial Equipment,39,7270.09,1560,Rail Freight,890.9,10,12,Delayed,2,E-Commerce Retailer,5463,7500,1.56,Clear
SHIP-10319,2025-10-13,WH-North-Delhi,Delhi,Kanpur, Apparel,123,18023.63,289,Road Freight (Truck),337.33,3,3,On-Time,0,Enterprise,4668,10000,1.54,Clear
SHIP-10320,2025-04-07,WH-North-Delhi,Delhi,Jaipur,Electronics,213,21164.78,1460,Air Cargo,2733.79,5,5,On-Time,0,Individual,6769,10000,1.16,Clear
SHIP-10321,2025-10-11,WH-West-Mumbai,Mumbai,Coimbatore,Apparel,38,7788.64,293,Road Freight (Truck),292.09,3,3,On-Time,0,SMB,10248,12000,1.67,Clear
SHIP-10322,2025-11-13,WH-West-Mumbai,Mumbai,Bhopal,Apparel,140,14867.12,589,Road Freight (Truck),576.78,5,4,Early,0,Individual,8176,12000,1.24,Clear
SHIP-10323,2025-10-31,WH-East-Kolkata,Kolkata,Surat,Automotive Parts,194,39198.05,464,Road Freight (Truck),525.4,4,4,On-Time,0,Individual,5321,7500,1.65,Stormy
SHIP-10324,2025-05-27,WH-South-Bengaluru,Bengaluru,Coimbatore,Consumer Goods,262,22755.4,564,Road Freight (Truck),586.85,5,5,On-Time,0,Enterprise,4631,8500,1.16,Rainy
SHIP-10325,2025-01-04,WH-West-Mumbai,Mumbai,Indore,Consumer Goods,295,9475.0,1161,Road Freight (Truck),1087.86,6,8,Delayed,2,Enterprise,9880,12000,1.54,Foggy
SHIP-10326,2025-02-04,WH-West-Mumbai,Mumbai,Bhopal,Apparel,402,94136.47,1213,Road Freight (Truck),1158.38,6,6,On-Time,0,Enterprise,7424,12000,1.41,Clear
SHIP-10327,2025-07-11,WH-Central-Nagpur,Nagpur,Kanpur,Apparel,419,45134.48,1481,Rail Freight,1040.16,9,9,On-Time,0,SMB,5397,6000,1.27,Clear
SHIP-10328,2025-02-18,WH-West-Mumbai,Mumbai,Indore,Consumer Goods,395,79506.69,747,Road Freight (Truck),804.74,5,5,On-Time,0,Enterprise,11004,12000,1.21,Clear
SHIP-10329,2025-01-17,WH-West-Mumbai,Mumbai,Coimbatore,Consumer Goods,71,5722.52,711,Road Freight (Truck),663.76,5,5,On-Time,0,Enterprise,10566,12000,1.41,Clear
SHIP-10330,2025-06-21,WH-North-Delhi,Delhi,Jaipur,Consumer Goods,12,2002.75,646,Road Freight (Truck),578.89,5,5,On-Time,0,SMB,4898,10000,1.22,Rainy
SHIP-10331,2025-08-08,WH-East-Kolkata,Kolkata,Jaipur,Automotive Parts,439,96680.12,1831,Rail Freight,1224.68,11,15,Delayed,4,Enterprise,4549,7500,1.44,Clear
SHIP-10332,2025-06-07,WH-South-Bengaluru,Bengaluru,Kanpur,Consumer Goods,77,1908.55,575,Express Courier,968.34,3,3,On-Time,0,Enterprise,7600,8500,1.53,Clear
SHIP-10333,2025-02-15,WH-North-Delhi,Delhi,Lucknow,Perishables,34,7146.78,1412,Road Freight (Truck),1142.55,8,9,Delayed,1,SMB,8281,10000,1.65,Rainy
SHIP-10334,2025-01-06,WH-North-Delhi,Delhi,Chandigarh,Apparel,188,28061.49,1774,Road Freight (Truck),1529.12,9,9,On-Time,0,Enterprise,8782,10000,1.56,Clear
SHIP-10335,2025-04-09,WH-South-Bengaluru,Bengaluru,Surat,Perishables,150,23663.38,930,Express Courier,1464.33,4,5,Delayed,1,SMB,6112,8500,1.19,Severe Heat
SHIP-10336,2025-08-21,WH-South-Bengaluru,Bengaluru,Lucknow,Automotive Parts,240,33106.11,307,Road Freight (Truck),405.97,3,3,On-Time,0,SMB,5744,8500,1.33,Clear
SHIP-10337,2025-02-06,WH-West-Mumbai,Mumbai,Jaipur,Consumer Goods,309,68135.01,1140,Express Courier,1839.93,4,5,Delayed,1,SMB,6000,12000,1.32,Rainy
SHIP-10338,2025-10-07,WH-Central-Nagpur,Nagpur,Jaipur,Automotive Parts,172,4335.58,1712,Express Courier,2600.43,6,6,On-Time,0,E-Commerce Retailer,5067,6000,1.7,Clear
SHIP-10339,2025-12-15,WH-North-Delhi,Delhi,Patna,Electronics,320,24429.34,830,Road Freight (Truck),861.79,5,6,Delayed,1,SMB,8002,10000,1.67,Severe Heat
SHIP-10340,2025-10-29,WH-West-Mumbai,Mumbai,Indore,Perishables,402,88763.29,648,Express Courier,1163.36,3,3,On-Time,0,SMB,5732,12000,1.37,Clear
SHIP-10341,2025-06-30,WH-Central-Nagpur,Nagpur,Coimbatore,Apparel,139,26660.37,553,Express Courier,911.66,4,5,Delayed,1,SMB,3290,6000,1.19,Rainy
SHIP-10342,2025-04-05,WH-West-Mumbai,Mumbai,Surat,Electronics,255,4882.39,407,Express Courier,771.78,3,3,On-Time,0,E-Commerce Retailer,8543,12000,1.69,Clear
SHIP-10343,2025-04-09,WH-South-Bengaluru,Bengaluru,Kanpur,Apparel,306,41767.92,2061,Road Freight (Truck),1797.79,10,13,Delayed,3,E-Commerce Retailer,6559,8500,1.68,Rainy
SHIP-10344,2025-07-07,WH-West-Mumbai,Mumbai,Coimbatore,Perishables,181,25240.37,1710,Rail Freight,1047.64,10,10,On-Time,0,E-Commerce Retailer,6176,12000,1.66,Clear
SHIP-10345,2025-04-26,WH-West-Mumbai,Mumbai,Patna,Electronics,73,7972.13,618,Road Freight (Truck),543.97,4,4,On-Time,0,E-Commerce Retailer,6780,12000,1.66,Clear
SHIP-10346,2025-07-10,WH-Central-Nagpur,Nagpur,Jaipur,Apparel,40,3395.5,1584,Road Freight (Truck),1278.75,8,11,Delayed,3,Enterprise,3244,6000,1.44,Stormy
SHIP-10347,2025-09-10,WH-West-Mumbai,Mumbai,Kanpur,Industrial Equipment,56,9811.5,1924,Rail Freight,1066.35,12,13,Delayed,1,Enterprise,6640,12000,1.26,Severe Heat
SHIP-10348,2025-06-10,WH-Central-Nagpur,Nagpur,Jaipur,Industrial Equipment,139,8872.48,422,Road Freight (Truck),461.21,4,3,Early,0,Enterprise,5296,6000,1.44,Clear
SHIP-10349,2025-09-13,WH-North-Delhi,Delhi,Surat,Consumer Goods,361,73193.8,206,Road Freight (Truck),372.02,3,5,Delayed,2,Individual,7864,10000,1.45,Foggy
SHIP-10350,2025-11-19,WH-North-Delhi,Delhi,Indore,Electronics,342,69670.1,949,Road Freight (Truck),936.45,5,5,On-Time,0,E-Commerce Retailer,7964,10000,1.44,Clear
SHIP-10351,2025-05-08,WH-North-Delhi,Delhi,Coimbatore,Electronics,119,13397.79,557,Road Freight (Truck),574.58,4,3,Early,0,E-Commerce Retailer,8231,10000,1.47,Foggy
SHIP-10352,2025-01-18,WH-South-Bengaluru,Bengaluru,Coimbatore,Apparel,78,6367.44,660,Road Freight (Truck),611.75,5,4,Early,0,Enterprise,5249,8500,1.3,Rainy
SHIP-10353,2025-10-08,WH-West-Mumbai,Mumbai,Lucknow,Consumer Goods,67,5474.66,1165,Road Freight (Truck),966.03,6,6,On-Time,0,E-Commerce Retailer,9726,12000,1.37,Clear
SHIP-10354,2025-08-11,WH-Central-Nagpur,Nagpur,Kanpur,Perishables,115,14758.92,952,Road Freight (Truck),857.0,6,6,On-Time,0,Enterprise,5459,6000,1.41,Stormy
SHIP-10355,2025-02-23,WH-West-Mumbai,Mumbai,Chandigarh,Electronics,309,56887.25,916,Express Courier,1510.37,5,7,Delayed,2,Enterprise,9338,12000,1.23,Foggy
SHIP-10356,2025-02-27,WH-Central-Nagpur,Nagpur,Patna,Apparel,339,33674.27,679,Express Courier,1212.35,4,4,On-Time,0,SMB,3875,6000,1.42,
SHIP-10357,2025-11-19,WH-North-Delhi,Delhi,Chandigarh,Electronics,265,41965.45,1660,Air Cargo,3112.07,5,7,Delayed,2,SMB,7866,10000,1.64,Foggy
SHIP-10358,2025-12-26,WH-Central-Nagpur,Nagpur,Lucknow,Electronics,321,33667.72,881,Express Courier,1476.44,4,5,Delayed,1,SMB,5240,6000,1.65,Clear
SHIP-10359,2025-06-23,WH-East-Kolkata,Kolkata,Surat,Consumer Goods,180,15581.33,1818,Road Freight (Truck),1515.88,10,10,On-Time,0,E-Commerce Retailer,3828,7500,1.4,Foggy
SHIP-10360,2025-10-07,WH-East-Kolkata,Kolkata,Patna,Consumer Goods,392,8170.06,1646,Road Freight (Truck),1502.77,9,10,Delayed,1,Enterprise,4310,7500,1.46,Rainy
SHIP-10361,2025-04-24,WH-East-Kolkata,Kolkata,Indore,Apparel,171,2722.29,1857,Road Freight (Truck),1562.92,9,9,On-Time,0,SMB,6615,7500,1.17,Clear
SHIP-10362,2025-10-15,WH-East-Kolkata,Kolkata,Chandigarh,Automotive Parts,295,20176.17,586,Road Freight (Truck),657.95,5,6,Delayed,1,SMB,6710,7500,1.55,Rainy
SHIP-10363,2025-12-08,WH-South-Bengaluru,Bengaluru,Indore,Apparel,80,8840.44,1244,Road Freight (Truck),1043.6,7,7,On-Time,0,Enterprise,5759,8500,1.39,Rainy
SHIP-10364,2025-05-31,WH-North-Delhi,Delhi,Chandigarh,Perishables,264,56772.24,1726,Road Freight (Truck),1473.3,8,10,Delayed,2,E-Commerce Retailer,6260,10000,1.42,Rainy
SHIP-10365,2025-05-07,WH-North-Delhi,Delhi,Indore,Automotive Parts,383,77612.57,2085,Road Freight (Truck),1825.81,11,11,On-Time,0,E-Commerce Retailer,5829,10000,1.67,Clear
SHIP-10366,2025-06-04,WH-Central-Nagpur,Nagpur,Chandigarh,Apparel,64,4978.17,794,Road Freight (Truck),683.51,5,5,On-Time,0,E-Commerce Retailer,4106,6000,1.43,Clear
SHIP-10367,2025-09-30,WH-South-Bengaluru,Bengaluru,Indore,Automotive Parts,332,24059.05,804,Express Courier,1388.29,4,3,Early,0,E-Commerce Retailer,7558,8500,1.16,Foggy
SHIP-10368,2025-04-14,WH-East-Kolkata,Kolkata,Lucknow,Apparel,406,27778.8,1284,Road Freight (Truck),1217.71,7,6,Early,0,E-Commerce Retailer,3903,7500,1.29,Clear
SHIP-10369,2025-10-26,WH-West-Mumbai,Mumbai,Bhopal,Electronics,12,1136.65,257,Road Freight (Truck),275.63,3,3,On-Time,0,Enterprise,7767,12000,1.44,Clear
SHIP-10370,2025-09-03,WH-North-Delhi,Delhi,Patna,Industrial Equipment,35,4622.68,697,Road Freight (Truck),609.32,4,5,Delayed,1,E-Commerce Retailer,8784,10000,1.4,Rainy
SHIP-10371,2025-06-25,WH-North-Delhi,Delhi,Kanpur,Electronics,322,38023.99,829,Road Freight (Truck),859.84,6,6,On-Time,0,Enterprise,6140,10000,1.67,Clear
SHIP-10372,2025-02-08,WH-South-Bengaluru,Bengaluru,Surat,Apparel,135,8949.72,1983,Rail Freight,1174.48,11,12,Delayed,1,Enterprise,6893,8500,1.48,Rainy
SHIP-10373,2025-06-19,WH-West-Mumbai,Mumbai,Kochi,Industrial Equipment,417,19038.59,347,Road Freight (Truck),560.9,4,5,Delayed,1,Enterprise,7595,12000,1.56,Rainy
SHIP-10374,2025-09-04,WH-North-Delhi,Delhi,Jaipur,Electronics,62,1113.26,400,Express Courier,667.11,3,4,Delayed,1,E-Commerce Retailer,8283,10000,1.43,Rainy
SHIP-10375,2025-01-26,WH-West-Mumbai,Mumbai,Kanpur,Electronics,207,10594.54,803,Express Courier,1334.47,4,4,On-Time,0,E-Commerce Retailer,10932,12000,1.41,
SHIP-10376,2025-12-21,WH-North-Delhi,Delhi,Jaipur,Automotive Parts,308,55673.69,947,Road Freight (Truck),932.19,6,5,Early,0,Enterprise,6322,10000,1.42,Clear
SHIP-10377,2025-11-02,WH-South-Bengaluru,Bengaluru,Patna,Apparel,197,14234.25,550,Road Freight (Truck),566.98,5,5,On-Time,0,E-Commerce Retailer,7201,8500,1.4,Clear
SHIP-10378,2025-01-13,WH-West-Mumbai,Mumbai,Kanpur,Electronics,195,24398.68,1183,Air Cargo,2233.68,4,6,Delayed,2,Individual,10974,12000,1.47,Foggy
SHIP-10379,2025-11-12,WH-East-Kolkata,Kolkata,Indore,Apparel,314,48342.11,1662,Rail Freight,1078.1,11,11,On-Time,0,Enterprise,6843,7500,1.3,Clear
SHIP-10380,2025-11-09,WH-West-Mumbai,Mumbai,Indore,Apparel,307,68586.14,1829,Rail Freight,1163.58,11,14,Delayed,3,Enterprise,7846,12000,1.68,Severe Heat
SHIP-10381,2025-02-05,WH-West-Mumbai,Mumbai,Kochi,Apparel,213,47686.64,1806,Rail Freight,1103.79,12,13,Delayed,1,E-Commerce Retailer,8139,12000,1.35,Rainy
SHIP-10382,2025-06-22,WH-North-Delhi,Delhi,Jaipur,Perishables,20,3804.95,1354,Rail Freight,786.45,9,12,Delayed,3,Enterprise,5925,10000,1.24,Stormy
SHIP-10383,2025-01-20,WH-North-Delhi,Delhi,Surat,Apparel,368,8560.38,421,Express Courier,871.62,2,2,On-Time,0,SMB,5975,10000,1.21,Clear
SHIP-10384,2025-11-17,WH-West-Mumbai,Mumbai,Patna,Consumer Goods,363,54501.38,1229,Road Freight (Truck),1158.48,7,7,On-Time,0,Enterprise,8177,12000,1.16,Clear
SHIP-10385,2025-09-21,WH-West-Mumbai,Mumbai,Indore,Industrial Equipment,155,30976.3,1540,Express Courier,2339.43,5,8,Delayed,3,SMB,6530,12000,1.4,Stormy
SHIP-10386,2025-05-22,WH-South-Bengaluru,Bengaluru,Bhopal,Automotive Parts,94,1791.89,1396,Rail Freight,838.29,8,8,On-Time,0,E-Commerce Retailer,6665,8500,1.26,Clear
SHIP-10387,2025-05-23,WH-West-Mumbai,Mumbai,Lucknow,Electronics,109,15715.17,652,Road Freight (Truck),597.91,5,5,On-Time,0,E-Commerce Retailer,8424,12000,1.16,Clear
SHIP-10388,2025-04-02,WH-South-Bengaluru,Bengaluru,Lucknow,Electronics,113,24472.93,888,Road Freight (Truck),825.23,6,7,Delayed,1,E-Commerce Retailer,7412,8500,1.46,Clear
SHIP-10389,2025-12-20,WH-Central-Nagpur,Nagpur,Chandigarh,Electronics,445,56254.22,2034,Air Cargo,3847.23,5,5,On-Time,0,E-Commerce Retailer,4985,6000,1.56,Severe Heat
SHIP-10390,2025-11-18,WH-East-Kolkata,Kolkata,Surat,Apparel,55,878.07,2058,Rail Freight,1157.19,13,14,Delayed,1,E-Commerce Retailer,4511,7500,1.2,Rainy
SHIP-10391,2025-10-15,WH-North-Delhi,Delhi,Lucknow,Apparel,53,932.17,1524,Rail Freight,895.72,9,9,On-Time,0,E-Commerce Retailer,6877,10000,1.43,Rainy
SHIP-10392,2025-08-03,WH-West-Mumbai,Mumbai,Chandigarh,Apparel,287,32405.02,563,Road Freight (Truck),640.4,4,5,Delayed,1,Enterprise,9632,12000,1.6,Rainy
SHIP-10393,2025-12-08,WH-North-Delhi,Delhi,Jaipur,Perishables,190,9771.14,1176,Road Freight (Truck),1081.01,7,6,Early,0,SMB,5408,10000,1.74,Clear
SHIP-10394,2025-02-20,WH-North-Delhi,Delhi,Indore,Industrial Equipment,196,33544.6,379,Road Freight (Truck),460.5,3,5,Delayed,2,Enterprise,4648,10000,1.55,Foggy
SHIP-10395,2025-06-02,WH-Central-Nagpur,Nagpur,Indore,Electronics,123,22332.84,1377,Air Cargo,2579.51,5,6,Delayed,1,E-Commerce Retailer,5103,6000,1.3,Clear
SHIP-10396,2025-07-05,WH-North-Delhi,Delhi,Bhopal,Consumer Goods,264,14995.66,1658,Road Freight (Truck),1460.92,9,9,On-Time,0,Enterprise,5146,10000,1.58,Foggy
SHIP-10397,2025-03-04,WH-West-Mumbai,Mumbai,Kanpur,Consumer Goods,390,87284.08,2002,Rail Freight,1308.88,12,12,On-Time,0,SMB,10416,12000,1.51,Clear
SHIP-10398,2025-07-09,WH-South-Bengaluru,Bengaluru,Lucknow,Consumer Goods,389,46232.01,1451,Rail Freight,987.33,9,9,On-Time,0,Enterprise,7474,8500,1.28,Clear
SHIP-10399,2025-05-05,WH-East-Kolkata,Kolkata,Jaipur,Apparel,39,1894.18,858,Express Courier,1360.79,4,4,On-Time,0,E-Commerce Retailer,4998,7500,1.66,Clear
SHIP-10400,2025-05-30,WH-South-Bengaluru,Bengaluru,Coimbatore,Automotive Parts,273,53125.56,915,Road Freight (Truck),882.38,6,6,On-Time,0,E-Commerce Retailer,7048,8500,1.41,Clear
SHIP-10401,2025-11-10,WH-North-Delhi,Delhi,Lucknow,Consumer Goods,107,21468.91,189,Road Freight (Truck),294.63,3,4,Delayed,1,SMB,6206,10000,1.73,Rainy
SHIP-10402,2025-02-27,WH-West-Mumbai,Mumbai,Surat,Apparel,322,53205.49,1597,Road Freight (Truck),1447.3,8,8,On-Time,0,E-Commerce Retailer,10240,12000,1.58,Clear
SHIP-10403,2025-12-08,WH-South-Bengaluru,Bengaluru,Kanpur,Industrial Equipment,376,81052.22,1582,Road Freight (Truck),1446.42,9,9,On-Time,0,Enterprise,7119,8500,1.54,Clear
SHIP-10404,2025-11-01,WH-North-Delhi,Delhi,Lucknow,Consumer Goods,338,63639.54,1968,Road Freight (Truck),1745.87,9,8,Early,0,SMB,4869,10000,1.59,Clear
SHIP-10405,2025-06-29,WH-West-Mumbai,Mumbai,Jaipur,Electronics,124,27567.48,1507,Rail Freight,909.66,9,9,On-Time,0,E-Commerce Retailer,8685,12000,1.44,Rainy
SHIP-10406,2025-06-19,WH-North-Delhi,Delhi,Lucknow,Consumer Goods,285,33334.65,1102,Road Freight (Truck),1057.05,6,5,Early,0,Enterprise,7507,10000,1.45,Clear
SHIP-10407,2025-11-22,WH-North-Delhi,Delhi,Surat,Electronics,290,55298.74,1909,Air Cargo,3574.11,6,5,Early,0,Individual,4504,10000,1.66,Rainy
SHIP-10408,2025-09-28,WH-West-Mumbai,Mumbai,Coimbatore,Perishables,284,70983.42,600,Road Freight (Truck),652.74,4,3,Early,0,Enterprise,10926,12000,1.56,Clear
SHIP-10409,2025-02-23,WH-North-Delhi,Delhi,Patna ,Electronics,270,50046.88,1287,Air Cargo,2470.57,5,5,On-Time,0,Enterprise,6410,10000,1.69,Clear
SHIP-10410,2025-04-11,WH-South-Bengaluru,Bengaluru,Kochi,Consumer Goods,340,14223.28,143,Express Courier,438.23,2,2,On-Time,0,Individual,5891,8500,1.68,Clear
SHIP-10411,2025-09-21,WH-South-Bengaluru,Bengaluru,Coimbatore,Apparel,216,29549.86,1084,Road Freight (Truck),995.3,7,10,Delayed,3,Enterprise,4603,8500,1.74,Stormy
SHIP-10412,2025-02-22,WH-East-Kolkata,Kolkata,Chandigarh,Perishables,393,60139.51,1568,Rail Freight,1070.65,10,11,Delayed,1,Individual,5528,7500,1.57,Rainy
SHIP-10413,2025-03-01,WH-North-Delhi,Delhi,Lucknow,Electronics,337,18851.61,865,Road Freight (Truck),885.86,5,5,On-Time,0,Individual,8309,10000,1.45,Clear
SHIP-10414,2025-04-18,WH-North-Delhi,Delhi,Indore,Electronics,220,53081.5,964,Road Freight (Truck),858.57,6,6,On-Time,0,Enterprise,7253,10000,1.25,Rainy
SHIP-10415,2025-01-05,WH-North-Delhi,Delhi,Bhopal,Electronics,224,12602.52,1318,Air Cargo,2502.95,4,4,On-Time,0,SMB,8203,10000,1.57,Foggy
SHIP-10416,2025-04-13,WH-South-Bengaluru,Bengaluru,Indore,Electronics,420,23824.97,1987,Road Freight (Truck),1776.44,9,9,On-Time,0,Enterprise,6745,8500,1.32,Clear
SHIP-10417,2025-07-15,WH-East-Kolkata,Kolkata,Coimbatore,Electronics,49,11273.15,444,Road Freight (Truck),447.46,3,7,Delayed,4,SMB,4212,7500,1.32,Foggy
SHIP-10418,2025-09-19,WH-North-Delhi,Delhi,Indore,Apparel,35,4351.31,2012,Road Freight (Truck),1591.48,10,10,On-Time,0,Enterprise,6548,10000,1.29,Clear
SHIP-10419,2025-12-16,WH-Central-Nagpur,Nagpur,Jaipur,Electronics,36,1074.57,1814,Rail Freight,1023.02,11,13,Delayed,2,Enterprise,3119,6000,1.68,Foggy
SHIP-10420,2025-02-16,WH-North-Delhi,Delhi,Indore,Electronics,199,30959.24,2003,Road Freight (Truck),1693.42,10,10,On-Time,0,SMB,4697,10000,1.67,Clear
SHIP-10421,2025-12-21,WH-South-Bengaluru,Bengaluru,Kanpur,Automotive Parts,92,14391.49,1491,Road Freight (Truck),1237.42,7,7,On-Time,0,SMB,4076,8500,1.53,Clear
SHIP-10422,2025-11-07,WH-East-Kolkata,Kolkata,Patna,Consumer Goods,393,11851.97,917,Road Freight (Truck),925.97,6,5,Early,0,Individual,6697,7500,1.43,Clear
SHIP-10423,2025-11-04,WH-Central-Nagpur,Nagpur,Lucknow,Consumer Goods,443,107889.45,137,Road Freight (Truck),371.52,2,3,Delayed,1,E-Commerce Retailer,5476,6000,1.55,Severe Heat
SHIP-10424,2025-05-24,WH-East-Kolkata,Kolkata,Indore,Consumer Goods,179,25569.62,163,Express Courier,382.72,2,4,Delayed,2,E-Commerce Retailer,3709,7500,1.51,Foggy
SHIP-10425,2025-09-26,WH-East-Kolkata,Kolkata,Surat,Perishables,422,61844.94,274,Express Courier,638.23,3,2,Early,0,SMB,4556,7500,1.4,Rainy
SHIP-10426,2025-05-04,WH-West-Mumbai,Mumbai,Patna,Electronics,176,24151.97,986,Road Freight (Truck),881.53,6,6,On-Time,0,E-Commerce Retailer,6045,12000,1.38,Clear
SHIP-10427,2025-04-16,WH-East-Kolkata,Kolkata,Patna,Automotive Parts,197,31228.83,1041,Road Freight (Truck),946.29,6,5,Early,0,Enterprise,6315,7500,1.38,Clear
SHIP-10428,2025-06-07,WH-North-Delhi,Delhi,Indore,Industrial Equipment,178,13725.66,1520,Rail Freight,921.27,9,9,On-Time,0,E-Commerce Retailer,6832,10000,1.5,Clear
SHIP-10429,2025-05-27,WH-Central-Nagpur,Nagpur,Patna,Electronics,298,24585.51,862,Road Freight (Truck),841.15,5,5,On-Time,0,Individual,4451,6000,1.54,Clear
SHIP-10430,2025-05-25,WH-South-Bengaluru,Bengaluru,Bhopal,Perishables,238,32169.2,2026,Road Freight (Truck),1717.63,11,11,On-Time,0,Enterprise,5981,8500,1.42,Clear
SHIP-10431,2025-04-30,WH-East-Kolkata,Kolkata,Indore,Consumer Goods,106,21684.54,1971,Road Freight (Truck),1648.79,9,12,Delayed,3,E-Commerce Retailer,5878,7500,1.73,Stormy
SHIP-10432,2025-11-15,WH-West-Mumbai,Mumbai,Jaipur,Electronics,376,10046.03,1545,Rail Freight,1045.6,10,11,Delayed,1,E-Commerce Retailer,7199,12000,1.2,Rainy
SHIP-10433,2025-10-02,WH-South-Bengaluru,Bengaluru,Coimbatore,Automotive Parts,25,3920.0,344,Road Freight (Truck),358.63,3,2,Early,0,Individual,4374,8500,1.36,Clear
SHIP-10434,2025-04-02,WH-South-Bengaluru,Bengaluru,Kanpur,Industrial Equipment,288,58922.74,336,Road Freight (Truck),426.88,3,3,On-Time,0,E-Commerce Retailer,3895,8500,1.4,Rainy
SHIP-10435,2025-02-27,WH-East-Kolkata,Kolkata,Kochi,Apparel,144,7470.08,1711,Road Freight (Truck),1404.63,9,9,On-Time,0,Enterprise,4946,7500,1.16,Stormy
SHIP-10436,2025-12-12,WH-North-Delhi,Delhi,Chandigarh,Electronics,35,648.56,150,Road Freight (Truck),197.86,2,3,Delayed,1,Enterprise,8766,10000,1.37,Rainy
SHIP-10437,2025-08-17,WH-North-Delhi,Delhi,Patna,Consumer Goods,361,31944.03,2012,Road Freight (Truck),1769.96,10,11,Delayed,1,Enterprise,5934,10000,1.31,Rainy
SHIP-10438,2025-04-27,WH-North-Delhi,Delhi,Jaipur,Industrial Equipment,21,3217.49,1202,Road Freight (Truck),1003.29,6,5,Early,0,E-Commerce Retailer,5420,10000,1.45,Severe Heat
SHIP-10439,2025-11-14,WH-North-Delhi,Delhi,Lucknow,Consumer Goods,81,3847.22,2035,Rail Freight,1141.74,13,13,On-Time,0,Enterprise,8852,10000,1.35,Foggy
SHIP-10440,2025-10-06,WH-Central-Nagpur,Nagpur,Lucknow,Consumer Goods,142,16349.7,1017,Road Freight (Truck),929.51,6,6,On-Time,0,E-Commerce Retailer,2997,6000,1.59,Clear
SHIP-10441,2025-05-07,WH-North-Delhi,Delhi,Chandigarh,Electronics,115,16651.49,1496,Air Cargo,2754.59,4,4,On-Time,0,Enterprise,4743,10000,1.46,Clear
SHIP-10442,2025-05-09,WH-Central-Nagpur,Nagpur,Kanpur,Electronics,229,35663.89,1054,Road Freight (Truck),978.81,7,7,On-Time,0,Enterprise,5179,6000,1.23,Severe Heat
SHIP-10443,2025-02-27,WH-West-Mumbai,Mumbai,Patna,Automotive Parts,382,30363.94,564,Road Freight (Truck),667.46,5,5,On-Time,0,SMB,9353,12000,1.6,Clear
SHIP-10444,2025-05-02,WH-North-Delhi,Delhi,Bhopal,Consumer Goods,186,20275.3,1378,Rail Freight,839.45,8,8,On-Time,0,E-Commerce Retailer,6483,10000,1.21,Clear
SHIP-10445,2025-01-01,WH-East-Kolkata,Kolkata,Chandigarh,Perishables,291,57591.73,1250,Road Freight (Truck),1171.39,6,6,On-Time,0,Enterprise,6027,7500,1.65,Clear
SHIP-10446,2025-08-27,WH-South-Bengaluru,Bengaluru,Kanpur,Consumer Goods,142,33538.33,1334,Rail Freight,844.47,9,10,Delayed,1,SMB,6787,8500,1.71,Rainy
SHIP-10447,2025-10-17,WH-West-Mumbai,Mumbai,Patna,Industrial Equipment,31,6743.8,649,Road Freight (Truck),555.41,4,4,On-Time,0,SMB,5625,12000,1.34,Severe Heat
SHIP-10448,2025-04-06,WH-South-Bengaluru,Bengaluru,Jaipur,Consumer Goods,278,41034.64,2056,Road Freight (Truck),1757.49,10,10,On-Time,0,Enterprise,6526,8500,1.71,Clear
SHIP-10449,2025-05-06,WH-East-Kolkata,Kolkata,Coimbatore,Consumer Goods,421,46907.32,857,Road Freight (Truck),928.11,6,5,Early,0,Enterprise,5634,7500,1.63,Clear
SHIP-10450,2025-04-28,WH-North-Delhi,Delhi,Bhopal,Electronics,170,15851.62,1822,Air Cargo,3365.81,5,8,Delayed,3,E-Commerce Retailer,9029,10000,1.7,Stormy
SHIP-10451,2025-02-17,WH-Central-Nagpur,Nagpur,Kochi,Consumer Goods,116,5146.32,1726,Road Freight (Truck),1445.74,8,8,On-Time,0,SMB,5425,6000,1.55,Clear
SHIP-10452,2025-03-30,WH-Central-Nagpur,Nagpur,Lucknow,Apparel,288,11531.39,993,Road Freight (Truck),941.56,6,6,On-Time,0,Enterprise,3765,6000,1.29,Clear
SHIP-10453,2025-08-25,WH-South-Bengaluru,Bengaluru,Surat,Perishables,362,63988.58,685,Road Freight (Truck),784.0,4,7,Delayed,3,E-Commerce Retailer,6181,8500,1.69,Stormy
SHIP-10454,2025-09-29,WH-North-Delhi,Delhi,Jaipur,Apparel,244,18556.61,1388,Rail Freight,893.99,8,8,On-Time,0,Individual,5164,10000,1.26,Clear
SHIP-10455,2025-07-08,WH-South-Bengaluru,Bengaluru,Lucknow,Electronics,27,2020.83,2005,Air Cargo,3570.24,5,5,On-Time,0,SMB,4090,8500,1.28,Clear
SHIP-10456,2025-07-11,WH-North-Delhi,Delhi,Indore,Electronics,251,62643.54,195,Road Freight (Truck),328.6,3,4,Delayed,1,SMB,6534,10000,1.31,Rainy
SHIP-10457,2025-03-10,WH-North-Delhi,Delhi,Surat,Electronics,126,7454.49,666,Road Freight (Truck),638.48,4,4,On-Time,0,E-Commerce Retailer,7742,10000,1.33,Clear
SHIP-10458,2025-10-05,WH-West-Mumbai,Mumbai,Lucknow,Apparel,295,14689.24,386,Road Freight (Truck),501.67,4,7,Delayed,3,Individual,8602,12000,1.46,Stormy
SHIP-10459,2025-12-15,WH-West-Mumbai,Mumbai,Kanpur,Industrial Equipment,291,11113.59,436,Road Freight (Truck),531.21,4,4,On-Time,0,E-Commerce Retailer,7823,12000,1.58,Clear
SHIP-10460,2025-09-04,WH-Central-Nagpur,Nagpur,Bhopal,Perishables,153,23141.9,1955,Road Freight (Truck),1605.19,9,8,Early,0,SMB,5007,6000,1.71,Clear
SHIP-10461,2025-03-17,WH-East-Kolkata,Kolkata,Lucknow,Electronics,214,34785.27,1264,Road Freight (Truck),1109.19,8,8,On-Time,0,SMB,6175,7500,1.2,Clear
SHIP-10462,2025-06-03,WH-East-Kolkata,Kolkata,Kochi,Apparel,48,4839.77,1979,Rail Freight,1122.55,11,12,Delayed,1,E-Commerce Retailer,5955,7500,1.72,Clear
SHIP-10463,2025-05-24,WH-West-Mumbai,Mumbai,Coimbatore,Consumer Goods,426,59990.23,144,Road Freight (Truck),370.75,2,2,On-Time,0,Enterprise,5834,12000,1.7,Foggy
SHIP-10464,2025-03-27,WH-West-Mumbai,Mumbai,Kanpur,Apparel,163,32644.64,1575,Rail Freight,962.83,9,11,Delayed,2,SMB,9892,12000,1.18,Foggy
SHIP-10465,2025-07-04,WH-West-Mumbai,Mumbai,Jaipur,Apparel,185,38342.08,279,Road Freight (Truck),358.24,4,7,Delayed,3,E-Commerce Retailer,10585,12000,1.37,Stormy
SHIP-10466,2025-10-12,WH-Central-Nagpur,Nagpur,Jaipur,Apparel,250,60027.33,715,Road Freight (Truck),754.03,4,4,On-Time,0,E-Commerce Retailer,2867,6000,1.64,Clear
SHIP-10467,2025-08-08,WH-North-Delhi,Delhi,Jaipur,Apparel,431,89950.98,1257,Road Freight (Truck),1219.09,7,8,Delayed,1,SMB,6387,10000,1.52,Rainy
SHIP-10468,2025-03-10,WH-Central-Nagpur,Nagpur,Jaipur,Electronics,395,58356.41,1878,Air Cargo,3577.97,5,5,On-Time,0,E-Commerce Retailer,5487,6000,1.62,Clear
SHIP-10469,2025-02-16,WH-South-Bengaluru,Bengaluru,Coimbatore,Industrial Equipment,378,21628.93,1019,Express Courier,1715.98,5,5,On-Time,0,Enterprise,6218,8500,1.58,Foggy
SHIP-10470,2025-04-04,WH-West-Mumbai,Mumbai,Lucknow,Electronics,143,5497.55,621,Road Freight (Truck),611.02,5,5,On-Time,0,SMB,8296,12000,1.45,Rainy
SHIP-10471,2025-08-26,WH-East-Kolkata,Kolkata,Patna,Apparel,55,1529.57,1309,Road Freight (Truck),1070.3,7,7,On-Time,0,E-Commerce Retailer,4000,7500,1.17,Clear
SHIP-10472,2025-07-23,WH-West-Mumbai,Mumbai,Lucknow,Consumer Goods,59,10126.38,1132,Road Freight (Truck),939.11,6,8,Delayed,2,Enterprise,8589,12000,1.5,Clear
SHIP-10473,2025-08-06,WH-Central-Nagpur,Nagpur,Indore,Apparel,175,35834.93,822,Road Freight (Truck),763.67,5,4,Early,0,Enterprise,3938,6000,1.18,Clear
SHIP-10474,2025-12-07,WH-Central-Nagpur,Nagpur,Bhopal,Automotive Parts,115,15472.18,1318,Rail Freight,835.26,8,9,Delayed,1,Individual,3059,6000,1.51,Rainy
SHIP-10475,2025-02-08,WH-West-Mumbai,Mumbai,Surat,Automotive Parts,225,6268.01,120,Road Freight (Truck),262.62,3,3,On-Time,0,Enterprise,8018,12000,1.63,Severe Heat
SHIP-10476,2025-04-10,WH-West-Mumbai,Mumbai,Patna,Industrial Equipment,155,21829.52,2042,Road Freight (Truck),1684.91,11,11,On-Time,0,Enterprise,6327,12000,1.5,Clear
SHIP-10477,2025-10-16,WH-South-Bengaluru,Bengaluru,Patna,Apparel,420,98658.45,860,Road Freight (Truck),921.27,6,6,On-Time,0,Individual,6744,8500,1.75,Clear
SHIP-10478,2025-09-11,WH-Central-Nagpur,Nagpur,Lucknow,Industrial Equipment,434,67460.57,1229,Road Freight (Truck),1225.56,7,9,Delayed,2,E-Commerce Retailer,5445,6000,1.42,Clear
SHIP-10479,2025-08-10,WH-North-Delhi,Delhi,Patna,Apparel,81,16622.45,1717,Rail Freight,1017.09,11,13,Delayed,2,E-Commerce Retailer,6707,10000,1.6,Foggy
SHIP-10480,2025-12-23,WH-South-Bengaluru,Bengaluru,Chandigarh,Automotive Parts,339,68829.16,439,Road Freight (Truck),578.65,4,4,On-Time,0,E-Commerce Retailer,6351,8500,1.55,Clear
SHIP-10481,2025-01-23,WH-South-Bengaluru,Bengaluru,Chandigarh,Consumer Goods,282,66002.2,1544,Road Freight (Truck),1351.53,9,10,Delayed,1,Enterprise,5546,8500,1.74,Clear
SHIP-10482,2025-09-07,WH-East-Kolkata,Kolkata,Indore,Perishables,256,50176.96,501,Road Freight (Truck),558.89,4,4,On-Time,0,E-Commerce Retailer,3863,7500,1.58,Clear
SHIP-10483,2025-01-10,WH-North-Delhi,Delhi,Surat,Perishables,422,80479.46,1861,Rail Freight,1209.52,11,12,Delayed,1,SMB,9061,10000,1.25,Rainy
SHIP-10484,2025-09-03,WH-East-Kolkata,Kolkata,Kochi,Industrial Equipment,195,13652.75,1760,Rail Freight,1100.19,10,10,On-Time,0,E-Commerce Retailer,3831,7500,1.72,Clear
SHIP-10485,2025-11-21,WH-Central-Nagpur,Nagpur,Coimbatore,Consumer Goods,79,2297.51,1461,Rail Freight,879.42,9,10,Delayed,1,SMB,3014,6000,1.55,Rainy
SHIP-10486,2025-04-10,WH-North-Delhi,Delhi,Lucknow,Electronics,159,21725.1,1946,Rail Freight,1160.96,11,11,On-Time,0,SMB,6658,10000,1.19,Clear
SHIP-10487,2025-10-17,WH-North-Delhi,Delhi,Coimbatore,Automotive Parts,255,11281.72,1393,Road Freight (Truck),1219.2,7,7,On-Time,0,SMB,7596,10000,1.54,Clear
SHIP-10488,2025-06-29,WH-Central-Nagpur,Nagpur,Kochi,Electronics,271,65342.44,1668,Air Cargo,3153.09,5,5,On-Time,0,SMB,3700,6000,1.68,Clear
SHIP-10489,2025-08-11,WH-North-Delhi,Delhi,Lucknow,Automotive Parts,35,2909.63,1818,Express Courier,2716.06,6,6,On-Time,0,E-Commerce Retailer,5404,10000,1.5,Clear
SHIP-10490,2025-09-07,WH-Central-Nagpur,Nagpur,Lucknow,Consumer Goods,432,93070.9,1698,Road Freight (Truck),1538.62,9,10,Delayed,1,SMB,5009,6000,1.36,Clear
SHIP-10491,2025-05-27,WH-West-Mumbai,Mumbai,Surat,Consumer Goods,149,15807.68,1017,Road Freight (Truck),914.42,6,5,Early,0,SMB,7447,12000,1.64,Clear
SHIP-10492,2025-04-06,WH-North-Delhi,Delhi,Coimbatore ,Automotive Parts,108,9822.67,2095,Road Freight (Truck),1704.1,11,12,Delayed,1,SMB,5413,10000,1.62,Rainy
SHIP-10493,2025-09-14,WH-Central-Nagpur,Nagpur,Chandigarh,Apparel,407,95548.24,1766,Rail Freight,1171.82,11,11,On-Time,0,SMB,3729,6000,1.48,Clear
SHIP-10494,2025-11-21,WH-West-Mumbai,Mumbai,Jaipur,Apparel,287,28809.29,836,Road Freight (Truck),834.65,5,9,Delayed,4,E-Commerce Retailer,6610,12000,1.24,Clear
SHIP-10495,2025-01-04,WH-South-Bengaluru,Bengaluru,Coimbatore,Apparel,60,6403.06,2039,Rail Freight,1173.84,12,15,Delayed,3,E-Commerce Retailer,5900,8500,1.3,Foggy
SHIP-10496,2025-01-16,WH-West-Mumbai,Mumbai,Bhopal,Consumer Goods,160,6389.05,1399,Rail Freight,861.04,8,9,Delayed,1,E-Commerce Retailer,9169,12000,1.59,Rainy
SHIP-10497,2025-10-07,WH-South-Bengaluru,Bengaluru,Bhopal,Industrial Equipment,441,76096.74,426,Express Courier,881.9,2,2,On-Time,0,Individual,7019,8500,1.63,Rainy
SHIP-10498,2025-12-02,WH-North-Delhi,Delhi,Lucknow,Consumer Goods,113,9365.13,2093,Road Freight (Truck),1691.19,10,12,Delayed,2,E-Commerce Retailer,5569,10000,1.32,Foggy
SHIP-10499,2025-09-04,WH-West-Mumbai,Mumbai,Jaipur,Perishables,443,67609.32,1287,Rail Freight,948.04,9,9,On-Time,0,SMB,6341,12000,1.37,Clear
SHIP-10500,2025-09-15,WH-Central-Nagpur,Nagpur,Kanpur,Automotive Parts,98,15088.83,1801,Rail Freight,1018.99,11,13,Delayed,2,E-Commerce Retailer,2755,6000,1.2,Foggy
SHIP-10501,2025-06-09,WH-West-Mumbai,Mumbai,Kochi,Consumer Goods,150,27601.79,510,Road Freight (Truck),533.06,5,6,Delayed,1,Individual,6686,12000,1.58,Clear
SHIP-10502,2025-12-06,WH-South-Bengaluru,Bengaluru,Indore,Industrial Equipment,222,42209.25,1956,Road Freight (Truck),1628.32,10,10,On-Time,0,SMB,3920,8500,1.15,Clear
SHIP-10503,2025-06-01,WH-West-Mumbai,Mumbai,Jaipur,Apparel,242,32886.91,1819,Rail Freight,1116.77,12,11,Early,0,E-Commerce Retailer,7348,12000,1.18,Clear
SHIP-10504,2025-06-27,WH-East-Kolkata,Kolkata,Indore,Consumer Goods,403,37391.59,1312,Rail Freight,941.18,8,8,On-Time,0,E-Commerce Retailer,3888,7500,1.15,Clear
SHIP-10505,2025-06-12,WH-North-Delhi,Delhi,Coimbatore,Perishables,192,40665.78,1109,Road Freight (Truck),995.47,6,6,On-Time,0,SMB,7225,10000,1.54,Clear
SHIP-10506,2025-02-02,WH-Central-Nagpur,Nagpur,Coimbatore,Electronics,260,22832.79,417,Road Freight (Truck),506.23,3,3,On-Time,0,Enterprise,3782,6000,1.4,Clear
SHIP-10507,2025-06-28,WH-West-Mumbai,Mumbai,Indore,Consumer Goods,18,2416.76,352,Express Courier,568.13,2,2,On-Time,0,SMB,5927,12000,1.33,Clear
SHIP-10508,2025-04-11,WH-North-Delhi,Delhi,Kochi,Apparel,88,9617.9,2046,Express Courier,3063.65,6,5,Early,0,Individual,6379,10000,1.7,Clear
SHIP-10509,2025-09-25,WH-North-Delhi,Delhi,Jaipur,Apparel,61,13172.55,390,Express Courier,630.13,2,3,Delayed,1,E-Commerce Retailer,5483,10000,1.27,Clear
SHIP-10510,2025-11-19,WH-North-Delhi,Delhi,Kanpur,Apparel,395,46017.84,1203,Rail Freight,882.23,9,9,On-Time,0,SMB,7696,10000,1.38,Clear
SHIP-10511,2025-03-06,WH-South-Bengaluru,Bengaluru,Lucknow,Industrial Equipment,418,44196.52,1439,Rail Freight,1010.0,9,9,On-Time,0,Individual,5280,8500,1.71,Clear
SHIP-10512,2025-06-17,WH-West-Mumbai,Mumbai,Surat,Apparel,278,49236.18,1610,Rail Freight,1028.52,11,11,On-Time,0,SMB,6229,12000,1.41,Clear
SHIP-10513,2025-11-26,WH-East-Kolkata,Kolkata,Coimbatore,Apparel,235,36794.81,1378,Road Freight (Truck),1225.87,8,8,On-Time,0,SMB,4607,7500,1.48,Rainy
SHIP-10514,2025-02-12,WH-West-Mumbai,Mumbai,Bhopal,Electronics,60,2412.18,796,Road Freight (Truck),664.46,5,5,On-Time,0,E-Commerce Retailer,6665,12000,1.2,Clear
SHIP-10515,2025-02-13,WH-North-Delhi,Delhi,Kochi,Consumer Goods,195,26211.84,825,Road Freight (Truck),781.07,5,5,On-Time,0,E-Commerce Retailer,8240,10000,1.62,
SHIP-10516,2025-10-12,WH-South-Bengaluru,Bengaluru,Surat,Electronics,43,8077.01,353,Road Freight (Truck),358.66,3,2,Early,0,Enterprise,7753,8500,1.4,Foggy
SHIP-10517,2025-01-12,WH-East-Kolkata,Kolkata,Kanpur,Consumer Goods,300,74441.27,1511,Road Freight (Truck),1358.01,8,8,On-Time,0,SMB,3464,7500,1.63,Clear
SHIP-10518,2025-04-05,WH-North-Delhi,Delhi,Patna,Apparel,239,38921.03,1838,Express Courier,2852.43,6,9,Delayed,3,SMB,7743,10000,1.3,Rainy
SHIP-10519,2025-10-29,WH-North-Delhi,Delhi,Lucknow,Electronics,140,14282.64,964,Road Freight (Truck),883.52,5,4,Early,0,SMB,5740,10000,1.4,Clear
SHIP-10520,2025-09-10,WH-North-Delhi,Delhi,Coimbatore,Consumer Goods,129,8790.79,1375,Rail Freight,851.84,9,9,On-Time,0,SMB,4812,10000,1.62,Clear
SHIP-10521,2025-08-30,WH-East-Kolkata,Kolkata,Lucknow,Electronics,335,73738.56,2016,Air Cargo,3764.12,6,9,Delayed,3,SMB,3425,7500,1.73,Stormy
SHIP-10522,2025-02-04,WH-South-Bengaluru,Bengaluru,Surat,Perishables,256,52844.24,610,Road Freight (Truck),633.03,5,5,On-Time,0,Enterprise,7344,8500,1.19,Clear
SHIP-10523,2025-08-03,WH-West-Mumbai,Mumbai,Lucknow,Perishables,441,30857.59,1762,Rail Freight,1201.96,11,14,Delayed,3,SMB,7394,12000,1.64,Stormy
SHIP-10524,2025-12-03,WH-East-Kolkata,Kolkata,Patna,Apparel,201,12491.86,622,Road Freight (Truck),630.87,5,6,Delayed,1,Enterprise,6880,7500,1.33,Rainy
SHIP-10525,2025-03-31,WH-East-Kolkata,Kolkata,Surat,Perishables,412,75419.54,1009,Road Freight (Truck),1043.18,7,7,On-Time,0,SMB,4934,7500,1.48,Clear
SHIP-10526,2025-09-21,WH-South-Bengaluru,Bengaluru,Coimbatore,Industrial Equipment,332,29552.56,1878,Road Freight (Truck),1643.91,9,9,On-Time,0,E-Commerce Retailer,4574,8500,1.32,Clear
SHIP-10527,2025-04-03,WH-Central-Nagpur,Nagpur,Jaipur,Apparel,219,19053.81,711,Road Freight (Truck),713.85,4,4,On-Time,0,E-Commerce Retailer,4891,6000,1.52,Clear
SHIP-10528,2025-03-31,WH-North-Delhi,Delhi,Bhopal,Electronics,112,5688.28,865,Road Freight (Truck),799.76,5,4,Early,0,SMB,8854,10000,1.36,Clear
SHIP-10529,2025-04-25,WH-North-Delhi,Delhi,Surat,Industrial Equipment,338,26037.58,1524,Rail Freight,995.38,10,12,Delayed,2,Enterprise,8333,10000,1.35,Clear
SHIP-10530,2025-04-15,WH-West-Mumbai,Mumbai,Chandigarh,Industrial Equipment,381,43991.89,1839,Rail Freight,1214.69,12,12,On-Time,0,Enterprise,9602,12000,1.17,Rainy
SHIP-10531,2025-07-15,WH-North-Delhi,Delhi,Patna,Apparel,142,26584.82,547,Road Freight (Truck),554.56,5,7,Delayed,2,SMB,6073,10000,1.24,Clear
SHIP-10532,2025-11-10,WH-South-Bengaluru,Bengaluru,Surat,Industrial Equipment,332,31218.76,816,Road Freight (Truck),897.59,5,5,On-Time,0,Enterprise,4082,8500,1.7,Clear
SHIP-10533,2025-04-24,WH-Central-Nagpur,Nagpur,Surat,Apparel,148,13648.86,765,Road Freight (Truck),718.73,5,5,On-Time,0,SMB,3267,6000,1.75,Clear
SHIP-10534,2025-03-16,WH-North-Delhi,Delhi,Chandigarh,Industrial Equipment,130,10654.1,851,Road Freight (Truck),806.4,5,7,Delayed,2,Enterprise,6600,10000,1.62,Foggy
SHIP-10535,2025-08-05,WH-North-Delhi,Delhi,Coimbatore,Perishables,103,13121.86,919,Road Freight (Truck),813.0,6,6,On-Time,0,E-Commerce Retailer,8994,10000,1.32,Clear
SHIP-10536,2025-10-04,WH-West-Mumbai,Mumbai,Surat,Consumer Goods,138,7928.05,483,Road Freight (Truck),495.05,4,4,On-Time,0,SMB,9476,12000,1.39,Clear
SHIP-10537,2025-09-06,WH-Central-Nagpur,Nagpur,Bhopal,Industrial Equipment,100,12912.32,321,Express Courier,587.46,3,4,Delayed,1,Enterprise,5035,6000,1.59,Severe Heat
SHIP-10538,2025-06-13,WH-West-Mumbai,Mumbai,Lucknow,Consumer Goods,101,18228.61,1001,Road Freight (Truck),888.64,6,7,Delayed,1,E-Commerce Retailer,6963,12000,1.73,Clear
SHIP-10539,2025-12-23,WH-South-Bengaluru,Bengaluru,Coimbatore,Apparel,72,1584.06,265,Express Courier,472.02,3,7,Delayed,4,Enterprise,6556,8500,1.42,Clear
SHIP-10540,2025-07-11,WH-North-Delhi,Delhi,Bhopal,Industrial Equipment,38,657.33,955,Road Freight (Truck),818.68,5,5,On-Time,0,Enterprise,8553,10000,1.65,Foggy
SHIP-10541,2025-08-15,WH-North-Delhi,Delhi,Coimbatore,Electronics,219,7151.2,758,Express Courier,1275.58,3,5,Delayed,2,SMB,6753,10000,1.74,Foggy
SHIP-10542,2025-06-26,WH-Central-Nagpur,Nagpur,Bhopal,Apparel,21,2958.48,1600,Rail Freight,913.52,9,9,On-Time,0,SMB,3912,6000,1.67,Clear
SHIP-10543,2025-04-09,WH-Central-Nagpur,Nagpur,Patna,Electronics,342,73802.56,254,Road Freight (Truck),420.2,3,2,Early,0,E-Commerce Retailer,4728,6000,1.29,Clear
SHIP-10544,2025-02-05,WH-North-Delhi,Delhi,Bhopal,Apparel,306,4941.24,745,Road Freight (Truck),759.71,4,5,Delayed,1,Enterprise,7131,10000,1.15,Rainy
SHIP-10545,2025-04-06,WH-Central-Nagpur,Nagpur,Indore,Consumer Goods,139,32681.04,1407,Rail Freight,871.82,9,9,On-Time,0,SMB,5500,6000,1.45,Clear
SHIP-10546,2025-06-01,WH-South-Bengaluru,Bengaluru,Bhopal,Industrial Equipment,302,12072.59,183,Express Courier,475.94,2,5,Delayed,3,Enterprise,5523,8500,1.47,Stormy
SHIP-10547,2025-05-31,WH-Central-Nagpur,Nagpur,Jaipur,Electronics,182,38741.64,610,Road Freight (Truck),616.72,5,5,On-Time,0,Enterprise,3196,6000,1.27,Clear
SHIP-10548,2025-07-09,WH-West-Mumbai,Mumbai,Jaipur,Apparel,217,27878.18,1790,Rail Freight,1074.42,10,10,On-Time,0,E-Commerce Retailer,8061,12000,1.32,Clear
SHIP-10549,2025-08-12,WH-South-Bengaluru,Bengaluru,Kochi,Consumer Goods,441,74947.5,160,Road Freight (Truck),412.86,3,3,On-Time,0,E-Commerce Retailer,4764,8500,1.61,Clear
SHIP-10550,2025-02-06,WH-West-Mumbai,Mumbai,Indore,Automotive Parts,33,4455.35,1439,Road Freight (Truck),1165.55,7,9,Delayed,2,Enterprise,8565,12000,1.43,Rainy
SHIP-10551,2025-09-25,WH-South-Bengaluru,Bengaluru,Indore,Perishables,108,13727.48,1146,Express Courier,1762.95,4,7,Delayed,3,SMB,4327,8500,1.34,Stormy
SHIP-10552,2025-07-02,WH-North-Delhi,Delhi,Lucknow,Perishables,415,87648.57,1032,Road Freight (Truck),1034.58,6,5,Early,0,Enterprise,8964,10000,1.52,Rainy
SHIP-10553,2025-01-13,WH-North-Delhi,Delhi,Indore,Industrial Equipment,365,70311.15,1849,Road Freight (Truck),1644.46,10,10,On-Time,0,E-Commerce Retailer,8541,10000,1.54,Stormy
SHIP-10554,2025-10-06,WH-West-Mumbai,Mumbai,Lucknow,Industrial Equipment,148,19032.73,1094,Road Freight (Truck),972.72,6,6,On-Time,0,Enterprise,6277,12000,1.61,Clear
SHIP-10555,2025-08-05,WH-East-Kolkata,Kolkata,Kochi,Electronics,323,13318.73,1253,Road Freight (Truck),1170.8,7,7,On-Time,0,Enterprise,3982,7500,1.24,Clear
SHIP-10556,2025-12-21,WH-North-Delhi,Delhi,Kochi,Consumer Goods,183,7707.9,1364,Rail Freight,867.94,9,10,Delayed,1,SMB,6908,10000,1.59,Foggy
SHIP-10557,2025-12-27,WH-South-Bengaluru,Bengaluru,Patna,Consumer Goods,38,7727.75,1513,Road Freight (Truck),1233.95,9,11,Delayed,2,SMB,6912,8500,1.51,Foggy
SHIP-10558,2025-10-13,WH-Central-Nagpur,Nagpur,Jaipur,Industrial Equipment,428,59666.11,487,Road Freight (Truck),597.06,4,4,On-Time,0,SMB,3317,6000,1.18,Foggy
SHIP-10559,2025-09-30,WH-North-Delhi,Delhi,Bhopal,Automotive Parts,152,19482.36,1579,Rail Freight,979.44,10,12,Delayed,2,Enterprise,4786,10000,1.62,Foggy
SHIP-10560,2025-03-03,WH-South-Bengaluru,Bengaluru,Bhopal,Electronics,325,56853.29,1037,Air Cargo,2047.43,3,3,On-Time,0,Enterprise,6004,8500,1.38,Clear
SHIP-10561,2025-03-25,WH-West-Mumbai,Mumbai,Chandigarh,Perishables,360,78058.0,1147,Road Freight (Truck),1114.85,6,6,On-Time,0,SMB,9300,12000,1.35,Clear
SHIP-10562,2025-08-05,WH-Central-Nagpur,Nagpur,Chandigarh,Apparel,51,8302.04,363,Road Freight (Truck),365.75,4,8,Delayed,4,Enterprise,3389,6000,1.42,Stormy
SHIP-10563,2025-12-08,WH-North-Delhi,Delhi,Kanpur,Apparel,308,59834.93,1021,Express Courier,1681.79,4,4,On-Time,0,E-Commerce Retailer,7976,10000,1.36,Clear
SHIP-10564,2025-07-06,WH-South-Bengaluru,Bengaluru,Coimbatore,Electronics,217,42279.97,285,Road Freight (Truck),371.7,4,3,Early,0,Enterprise,7622,8500,1.35,Clear
SHIP-10565,2025-01-19,WH-East-Kolkata,Kolkata,Patna,Electronics,339,33466.57,1169,Express Courier,1901.79,5,5,On-Time,0,SMB,3858,7500,1.63,Rainy
SHIP-10566,2025-06-26,WH-Central-Nagpur,Nagpur,Kanpur,Apparel,442,35099.02,1538,Rail Freight,1057.11,10,10,On-Time,0,E-Commerce Retailer,4141,6000,1.22,Clear
SHIP-10567,2025-04-10,WH-South-Bengaluru,Bengaluru,Kanpur,Apparel,201,40857.98,1617,Rail Freight,1025.67,10,12,Delayed,2,Enterprise,4052,8500,1.73,Foggy
SHIP-10568,2025-08-21,WH-West-Mumbai,Mumbai,Surat,Electronics,169,17514.66,1160,Road Freight (Truck),1025.33,7,7,On-Time,0,SMB,6565,12000,1.48,Clear
SHIP-10569,2025-03-17,WH-South-Bengaluru,Bengaluru,Surat,Apparel,73,16591.73,847,Road Freight (Truck),739.86,5,7,Delayed,2,E-Commerce Retailer,4183,8500,1.26,Foggy
SHIP-10570,2025-09-22,WH-Central-Nagpur,Nagpur,Kanpur,Automotive Parts,252,7907.08,1235,Rail Freight,822.29,8,9,Delayed,1,Enterprise,3839,6000,1.23,Rainy
SHIP-10571,2025-10-11,WH-South-Bengaluru,Bengaluru,Indore,Automotive Parts,267,7657.86,602,Road Freight (Truck),650.55,4,5,Delayed,1,Individual,7104,8500,1.5,Rainy
SHIP-10572,2025-07-25,WH-North-Delhi,Delhi,Coimbatore,Perishables,161,37488.2,662,Express Courier,1114.5,4,4,On-Time,0,SMB,7212,10000,1.53,Clear
SHIP-10573,2025-08-11,WH-Central-Nagpur,Nagpur,Patna,Consumer Goods,224,37494.67,1348,Road Freight (Truck),1175.36,7,7,On-Time,0,Enterprise,3327,6000,1.18,Clear
SHIP-10574,2025-02-21,WH-South-Bengaluru,Bengaluru,Kanpur,Consumer Goods,331,34492.14,1645,Road Freight (Truck),1466.15,9,9,On-Time,0,SMB,3985,8500,1.3,Clear
SHIP-10575,2025-12-05,WH-South-Bengaluru,Bengaluru,Bhopal,Industrial Equipment,175,33676.86,1050,Road Freight (Truck),960.91,6,6,On-Time,0,Enterprise,6035,8500,1.63,Clear
SHIP-10576,2025-05-24,WH-North-Delhi,Delhi,Coimbatore,Consumer Goods,40,6919.87,519,Road Freight (Truck),449.11,4,5,Delayed,1,E-Commerce Retailer,5124,10000,1.18,Rainy
SHIP-10577,2025-03-10,WH-South-Bengaluru,Bengaluru,Surat,Electronics,380,53136.25,1350,Air Cargo,2629.09,4,5,Delayed,1,E-Commerce Retailer,5194,8500,1.66,Clear
SHIP-10578,2025-04-09,WH-West-Mumbai,Mumbai,Bhopal,Consumer Goods,241,9214.69,738,Road Freight (Truck),763.36,5,5,On-Time,0,E-Commerce Retailer,8277,12000,1.54,Clear
SHIP-10579,2025-01-25,WH-South-Bengaluru,Bengaluru,Surat,Consumer Goods,291,59905.9,1289,Rail Freight,865.32,9,13,Delayed,4,Individual,7435,8500,1.41,Clear
SHIP-10580,2025-02-22,WH-North-Delhi,Delhi,Surat,Consumer Goods,38,8303.59,998,Road Freight (Truck),826.9,6,10,Delayed,4,E-Commerce Retailer,4884,10000,1.36,Rainy
SHIP-10581,2025-05-31,WH-South-Bengaluru,Bengaluru,Coimbatore,Consumer Goods,204,11313.77,220,Express Courier,476.21,3,3,On-Time,0,SMB,6496,8500,1.16,Clear
SHIP-10582,2025-05-24,WH-Central-Nagpur,Nagpur,Surat,Consumer Goods,343,73700.49,999,Road Freight (Truck),994.03,5,7,Delayed,2,Enterprise,2739,6000,1.65,Foggy
SHIP-10583,2025-02-26,WH-North-Delhi,Delhi,Kochi,Electronics,265,58642.94,949,Road Freight (Truck),926.73,5,5,On-Time,0,SMB,7460,10000,1.24,Rainy
SHIP-10584,2025-02-08,WH-Central-Nagpur,Nagpur,Jaipur,Apparel,290,41793.56,2023,Road Freight (Truck),1741.45,11,13,Delayed,2,Enterprise,4255,6000,1.34,Foggy
SHIP-10585,2025-04-19,WH-West-Mumbai,Mumbai,Kochi,Apparel,313,52960.25,1384,Rail Freight,918.53,9,15,Delayed,6,E-Commerce Retailer,9978,12000,1.49,Foggy
SHIP-10586,2025-06-30,WH-Central-Nagpur,Nagpur,Jaipur,Apparel,330,34592.5,2066,Rail Freight,1273.49,13,13,On-Time,0,SMB,4199,6000,1.3,Clear
SHIP-10587,2025-02-11,WH-East-Kolkata,Kolkata,Chandigarh,Electronics,446,36224.58,878,Road Freight (Truck),951.63,6,6,On-Time,0,Enterprise,4617,7500,1.45,Foggy
SHIP-10588,2025-07-05,WH-South-Bengaluru,Bengaluru,Chandigarh,Consumer Goods,332,61309.13,282,Road Freight (Truck),446.47,3,4,Delayed,1,Enterprise,4794,8500,1.64,Clear
SHIP-10589,2025-08-11,WH-East-Kolkata,Kolkata,Surat,Apparel,355,77226.93,2027,Road Freight (Truck),1769.45,11,14,Delayed,3,SMB,3675,7500,1.43,Stormy
SHIP-10590,2025-05-02,WH-Central-Nagpur,Nagpur,Patna,Apparel,411,69339.08,1316,Rail Freight,952.06,9,9,On-Time,0,SMB,4207,6000,1.72,Stormy
SHIP-10591,2025-05-13,WH-West-Mumbai,Mumbai,Patna,Apparel,402,54359.96,621,Road Freight (Truck),737.59,4,3,Early,0,SMB,10410,12000,1.66,Clear
SHIP-10592,2025-06-12,WH-West-Mumbai,Mumbai,Jaipur,Consumer Goods,303,15861.24,666,Road Freight (Truck),715.35,5,5,On-Time,0,SMB,8303,12000,1.35,Clear
SHIP-10593,2025-08-03,WH-South-Bengaluru,Bengaluru,Bhopal,Automotive Parts,96,2646.03,1427,Road Freight (Truck),1173.79,7,7,On-Time,0,SMB,6777,8500,1.39,Clear
SHIP-10594,2025-08-09,WH-East-Kolkata,Kolkata,Coimbatore,Consumer Goods,158,18918.54,1502,Rail Freight,939.39,10,11,Delayed,1,E-Commerce Retailer,4426,7500,1.4,Rainy
SHIP-10595,2025-08-23,WH-East-Kolkata,Kolkata,Surat,Consumer Goods,258,6862.06,500,Road Freight (Truck),588.9,3,4,Delayed,1,Enterprise,4954,7500,1.53,Clear
SHIP-10596,2025-11-27,WH-East-Kolkata,Kolkata,Coimbatore, Apparel,330,49101.9,989,Road Freight (Truck),993.49,6,6,On-Time,0,Enterprise,4519,7500,1.32,Clear
SHIP-10597,2025-05-26,WH-West-Mumbai,Mumbai,Kochi,Apparel,414,43445.72,1024,Road Freight (Truck),1068.98,7,7,On-Time,0,SMB,6016,12000,1.73,Clear
SHIP-10598,2025-08-27,WH-East-Kolkata,Kolkata,Patna,Consumer Goods,292,56338.32,2054,Rail Freight,1294.02,13,13,On-Time,0,SMB,4844,7500,1.52,Clear
SHIP-10599,2025-03-17,WH-North-Delhi,Delhi,Indore,Consumer Goods,371,32212.96,1676,Rail Freight,1102.82,11,13,Delayed,2,Enterprise,8092,10000,1.39,Severe Heat
SHIP-10600,2025-01-09,WH-South-Bengaluru,Bengaluru,Kochi,Industrial Equipment,388,59888.16,1963,Rail Freight,1273.78,12,14,Delayed,2,SMB,5402,8500,1.54,Foggy
SHIP-10601,2025-03-15,WH-North-Delhi,Delhi,Kochi,Consumer Goods,207,29260.61,1306,Rail Freight,858.42,8,7,Early,0,Enterprise,7555,10000,1.39,Clear
SHIP-10602,2025-09-10,WH-West-Mumbai,Mumbai,Jaipur,Electronics,53,853.69,1121,Air Cargo,2047.2,4,4,On-Time,0,SMB,9678,12000,1.64,Clear
SHIP-10603,2025-08-18,WH-West-Mumbai,Mumbai,Lucknow,Consumer Goods,365,11684.2,728,Road Freight (Truck),786.4,4,6,Delayed,2,SMB,7220,12000,1.49,Clear
SHIP-10604,2025-01-07,WH-West-Mumbai,Mumbai,Kochi,Automotive Parts,37,3079.75,426,Road Freight (Truck),376.13,3,7,Delayed,4,SMB,9897,12000,1.18,Clear
SHIP-10605,2025-06-23,WH-South-Bengaluru,Bengaluru,Surat,Electronics,438,97378.46,1482,Air Cargo,2873.72,4,6,Delayed,2,E-Commerce Retailer,5179,8500,1.26,Foggy
SHIP-10606,2025-05-21,WH-West-Mumbai,Mumbai,Kanpur,Perishables,26,1288.26,174,Road Freight (Truck),241.38,2,2,On-Time,0,Enterprise,6844,12000,1.67,Clear
SHIP-10607,2025-06-17,WH-West-Mumbai,Mumbai,Kanpur,Apparel,136,24760.18,1102,Road Freight (Truck),971.15,7,7,On-Time,0,Individual,6654,12000,1.49,Clear
SHIP-10608,2025-06-19,WH-North-Delhi,Delhi,Surat,Perishables,388,94571.56,452,Express Courier,897.14,4,6,Delayed,2,SMB,5439,10000,1.72,Stormy
SHIP-10609,2025-10-10,WH-West-Mumbai,Mumbai,Lucknow,Perishables,177,35538.66,246,Road Freight (Truck),332.51,3,6,Delayed,3,SMB,9557,12000,1.19,Stormy
SHIP-10610,2025-05-02,WH-North-Delhi,Delhi,Lucknow,Consumer Goods,253,18239.32,2083,Road Freight (Truck),1769.67,11,11,On-Time,0,E-Commerce Retailer,8671,10000,1.33,Clear
SHIP-10611,2025-07-13,WH-North-Delhi,Delhi,Jaipur, Electronics,396,90472.47,824,Road Freight (Truck),876.13,5,5,On-Time,0,E-Commerce Retailer,5584,10000,1.27,Clear
SHIP-10612,2025-01-05,WH-South-Bengaluru,Bengaluru,Patna,Electronics,85,3134.82,362,Road Freight (Truck),366.95,3,3,On-Time,0,SMB,4165,8500,1.48,Clear
SHIP-10613,2025-01-29,WH-South-Bengaluru,Bengaluru,Coimbatore,Electronics,240,30003.21,2004,Rail Freight,1222.03,12,13,Delayed,1,SMB,5078,8500,1.38,Rainy
SHIP-10614,2025-06-14,WH-South-Bengaluru,Bengaluru,Lucknow,Industrial Equipment,213,47620.91,719,Express Courier,1197.37,4,5,Delayed,1,Enterprise,6453,8500,1.24,Severe Heat
SHIP-10615,2025-12-05,WH-West-Mumbai,Mumbai,Indore,Consumer Goods,257,42584.24,1991,Rail Freight,1239.09,12,12,On-Time,0,Enterprise,7478,12000,1.54,Clear
SHIP-10616,2025-05-16,WH-West-Mumbai,Mumbai,Jaipur,Consumer Goods,311,34896.21,1552,Rail Freight,1017.31,10,10,On-Time,0,SMB,8497,12000,1.47,Clear
SHIP-10617,2025-11-17,WH-Central-Nagpur,Nagpur,Chandigarh,Consumer Goods,223,18689.86,622,Road Freight (Truck),668.53,5,5,On-Time,0,Enterprise,4798,6000,1.31,Stormy
SHIP-10618,2025-12-08,WH-South-Bengaluru,Bengaluru,Bhopal,Automotive Parts,224,23105.23,1870,Road Freight (Truck),1593.64,9,9,On-Time,0,SMB,5456,8500,1.44,Rainy
SHIP-10619,2025-05-25,WH-West-Mumbai,Mumbai,Chandigarh,Electronics,167,22478.42,723,Road Freight (Truck),693.46,5,5,On-Time,0,Enterprise,11038,12000,1.6,Severe Heat
SHIP-10620,2025-11-23,WH-North-Delhi,Delhi,Jaipur,Electronics,78,7018.08,422,Express Courier,692.18,3,4,Delayed,1,E-Commerce Retailer,5900,10000,1.27,Clear
SHIP-10621,2025-08-05,WH-West-Mumbai,Mumbai,Kochi,Electronics,402,97568.39,1607,Air Cargo,3068.06,4,4,On-Time,0,E-Commerce Retailer,10917,12000,1.33,Clear
SHIP-10622,2025-10-28,WH-West-Mumbai,Mumbai,Coimbatore,Automotive Parts,94,22021.69,354,Road Freight (Truck),366.96,3,3,On-Time,0,Individual,6545,12000,1.36,Clear
SHIP-10623,2025-05-12,WH-West-Mumbai,Mumbai,Bhopal,Apparel,276,60611.75,1839,Rail Freight,1154.14,12,12,On-Time,0,SMB,6025,12000,1.6,Clear
SHIP-10624,2025-10-19,WH-South-Bengaluru,Bengaluru,Chandigarh,Consumer Goods,78,8902.14,1181,Road Freight (Truck),1036.06,7,7,On-Time,0,E-Commerce Retailer,6824,8500,1.66,Rainy
SHIP-10625,2025-03-11,WH-South-Bengaluru,Bengaluru,Bhopal,Electronics,108,19165.24,258,Road Freight (Truck),291.09,3,3,On-Time,0,E-Commerce Retailer,6630,8500,1.38,Clear
SHIP-10626,2025-09-09,WH-South-Bengaluru,Bengaluru,Indore,Consumer Goods,356,80870.7,314,Road Freight (Truck),444.55,4,4,On-Time,0,SMB,7065,8500,1.33,Clear
SHIP-10627,2025-10-02,WH-East-Kolkata,Kolkata,Indore,Electronics,225,48341.46,1670,Air Cargo,3115.73,4,7,Delayed,3,Enterprise,4586,7500,1.68,Stormy
SHIP-10628,2025-12-30,WH-East-Kolkata,Kolkata,Indore,Perishables,424,47643.54,1912,Road Freight (Truck),1704.73,9,9,On-Time,0,Individual,6656,7500,1.75,Clear
SHIP-10629,2025-07-01,WH-East-Kolkata,Kolkata,Jaipur,Industrial Equipment,170,7039.82,766,Road Freight (Truck),718.18,6,7,Delayed,1,SMB,3796,7500,1.55,Rainy
SHIP-10630,2025-06-16,WH-Central-Nagpur,Nagpur,Coimbatore,Consumer Goods,432,14157.99,120,Road Freight (Truck),371.59,2,1,Early,0,SMB,2785,6000,1.74,Clear
SHIP-10631,2025-04-01,WH-North-Delhi,Delhi,Jaipur,Automotive Parts,103,15512.84,680,Road Freight (Truck),636.61,5,7,Delayed,2,Enterprise,5912,10000,1.55,Foggy
SHIP-10632,2025-07-21,WH-North-Delhi,Delhi,Kanpur,Electronics,183,30381.21,1239,Rail Freight,808.86,9,9,On-Time,0,Enterprise,8247,10000,1.59,Clear
SHIP-10633,2025-12-12,WH-North-Delhi,Delhi,Kochi,Industrial Equipment,174,37360.06,832,Road Freight (Truck),787.79,6,6,On-Time,0,E-Commerce Retailer,7663,10000,1.38,Foggy
SHIP-10634,2025-01-19,WH-South-Bengaluru,Bengaluru,Kochi,Automotive Parts,124,10383.89,532,Express Courier,911.37,4,4,On-Time,0,SMB,5567,8500,1.41,Clear
SHIP-10635,2025-02-08,WH-Central-Nagpur,Nagpur,Indore,Consumer Goods,229,12447.42,657,Road Freight (Truck),671.46,4,6,Delayed,2,Enterprise,3422,6000,1.24,Clear
SHIP-10636,2025-05-06,WH-North-Delhi,Delhi,Kanpur,Industrial Equipment,40,4162.65,1998,Road Freight (Truck),1631.95,10,10,On-Time,0,Enterprise,4778,10000,1.64,Rainy
SHIP-10637,2025-06-22,WH-Central-Nagpur,Nagpur,Lucknow,Consumer Goods,20,1961.8,548,Road Freight (Truck),506.94,5,5,On-Time,0,SMB,3651,6000,1.71,Clear
SHIP-10638,2025-05-21,WH-North-Delhi,Delhi,Lucknow,Consumer Goods,352,16237.83,354,Road Freight (Truck),506.5,3,3,On-Time,0,SMB,6662,10000,1.52,Clear
SHIP-10639,2025-08-30,WH-Central-Nagpur,Nagpur,Indore,Electronics,386,66772.76,468,Road Freight (Truck),602.64,4,4,On-Time,0,Enterprise,4637,6000,1.36,Foggy
SHIP-10640,2025-08-08,WH-West-Mumbai,Mumbai,Chandigarh,Consumer Goods,139,18701.42,1899,Road Freight (Truck),1573.46,10,13,Delayed,3,E-Commerce Retailer,9043,12000,1.24,Stormy
SHIP-10641,2025-05-06,WH-North-Delhi,Delhi,Jaipur,Industrial Equipment,114,21028.88,2013,Road Freight (Truck),1650.12,11,13,Delayed,2,Enterprise,8952,10000,1.31,Clear
SHIP-10642,2025-02-27,WH-West-Mumbai,Mumbai,Indore,Perishables,36,3523.77,1624,Rail Freight,953.49,11,10,Early,0,SMB,5966,12000,1.3,Clear
SHIP-10643,2025-05-28,WH-West-Mumbai,Mumbai,Patna,Apparel,236,21603.44,1982,Rail Freight,1220.51,11,11,On-Time,0,E-Commerce Retailer,7296,12000,1.52,Clear
SHIP-10644,2025-11-13,WH-West-Mumbai,Mumbai,Bhopal,Automotive Parts,11,1386.61,515,Express Courier,820.04,3,3,On-Time,0,Enterprise,8116,12000,1.72,Clear
SHIP-10645,2025-12-27,WH-West-Mumbai,Mumbai,Kochi,Automotive Parts,368,81398.19,1494,Road Freight (Truck),1397.49,8,10,Delayed,2,E-Commerce Retailer,9182,12000,1.18,
SHIP-10646,2025-01-01,WH-East-Kolkata,Kolkata,Lucknow,Electronics,110,2691.27,535,Road Freight (Truck),510.69,4,5,Delayed,1,E-Commerce Retailer,5121,7500,1.15,Rainy
SHIP-10647,2025-12-14,WH-South-Bengaluru,Bengaluru,Surat,Consumer Goods,30,6124.07,2029,Road Freight (Truck),1628.31,10,10,On-Time,0,E-Commerce Retailer,7471,8500,1.51,Clear
SHIP-10648,2025-07-09,WH-West-Mumbai,Mumbai,Lucknow,Electronics,67,6814.71,1035,Air Cargo,1905.49,3,4,Delayed,1,Enterprise,8832,12000,1.32,Severe Heat
SHIP-10649,2025-07-10,WH-South-Bengaluru,Bengaluru,Kochi,Apparel,398,85902.52,2030,Rail Freight,1324.26,12,12,On-Time,0,Enterprise,3983,8500,1.68,Rainy
SHIP-10650,2025-11-08,WH-East-Kolkata,Kolkata,Bhopal,Perishables,189,38464.85,1194,Road Freight (Truck),1085.09,7,8,Delayed,1,Enterprise,3775,7500,1.35,Rainy
SHIP-10651,2025-04-27,WH-West-Mumbai,Mumbai,Kochi,Electronics,438,42468.0,200,Express Courier,528.93,2,2,On-Time,0,SMB,9649,12000,1.32,Clear
SHIP-10652,2025-05-14,WH-West-Mumbai,Mumbai,Surat,Industrial Equipment,350,62321.35,155,Express Courier,442.39,3,3,On-Time,0,E-Commerce Retailer,9437,12000,1.31,Clear
SHIP-10653,2025-02-27,WH-North-Delhi,Delhi,Indore,Apparel,358,18799.9,1210,Road Freight (Truck),1160.85,7,8,Delayed,1,E-Commerce Retailer,5221,10000,1.24,Rainy
SHIP-10654,2025-02-13,WH-North-Delhi,Delhi,Kanpur,Apparel,29,6543.16,760,Express Courier,1164.06,3,3,On-Time,0,E-Commerce Retailer,4776,10000,1.5,Clear
SHIP-10655,2025-06-22,WH-South-Bengaluru,Bengaluru,Surat,Consumer Goods,264,29054.63,1001,Express Courier,1632.61,5,6,Delayed,1,Individual,6136,8500,1.25,Clear
SHIP-10656,2025-06-09,WH-North-Delhi,Delhi,Kochi,Consumer Goods,326,39795.48,1810,Road Freight (Truck),1571.78,9,9,On-Time,0,E-Commerce Retailer,7487,10000,,Clear
SHIP-10657,2025-06-22,WH-South-Bengaluru,Bengaluru,Kochi,Electronics,47,8500.11,876,Express Courier,1358.76,4,4,On-Time,0,Enterprise,4365,8500,1.43,Clear
SHIP-10658,2025-11-13,WH-East-Kolkata,Kolkata,Patna,Electronics,157,32639.9,742,Road Freight (Truck),696.34,5,5,On-Time,0,Enterprise,5044,7500,1.16,Clear
SHIP-10659,2025-10-30,WH-North-Delhi,Delhi,Patna,Electronics,34,2398.38,1823,Rail Freight,1073.62,11,10,Early,0,E-Commerce Retailer,5937,10000,1.16,Rainy
SHIP-10660,2025-05-29,WH-South-Bengaluru,Bengaluru,Coimbatore,Apparel,395,67314.83,1624,Rail Freight,1104.5,11,11,On-Time,0,Enterprise,7545,8500,1.46,Clear
SHIP-10661,2025-03-21,WH-West-Mumbai,Mumbai,Patna,Electronics,130,13925.54,587,Express Courier,946.14,3,3,On-Time,0,Enterprise,6636,12000,1.57,Clear
SHIP-10662,2025-08-01,WH-Central-Nagpur,Nagpur,Jaipur ,Automotive Parts,425,43199.2,1285,Rail Freight,938.53,9,10,Delayed,1,SMB,4767,6000,1.72,Rainy
SHIP-10663,2025-07-22,WH-West-Mumbai,Mumbai,Kanpur,Apparel,35,6200.46,475,Road Freight (Truck),453.21,4,4,On-Time,0,E-Commerce Retailer,8322,12000,1.26,Clear
SHIP-10664,2025-09-09,WH-East-Kolkata,Kolkata,Bhopal,Apparel,178,18865.88,828,Road Freight (Truck),765.53,5,6,Delayed,1,Enterprise,3415,7500,1.21,Clear
SHIP-10665,2025-08-17,WH-South-Bengaluru,Bengaluru,Surat,Consumer Goods,332,31983.39,1614,Rail Freight,1043.13,10,13,Delayed,3,E-Commerce Retailer,5890,8500,1.18,Foggy
SHIP-10666,2025-06-13,WH-North-Delhi,Delhi,Kochi,Apparel,234,49475.5,1764,Express Courier,2708.69,5,4,Early,0,E-Commerce Retailer,4967,10000,1.41,Clear
SHIP-10667,2025-08-15,WH-South-Bengaluru,Bengaluru,Coimbatore,Perishables,10,388.0,1139,Road Freight (Truck),951.55,7,7,On-Time,0,SMB,6457,8500,1.52,Foggy
SHIP-10668,2025-05-27,WH-Central-Nagpur,Nagpur,Coimbatore,Electronics,316,54931.79,2031,Air Cargo,3775.68,5,5,On-Time,0,Enterprise,4294,6000,1.65,Foggy
SHIP-10669,2025-01-20,WH-South-Bengaluru,Bengaluru,Bhopal,Consumer Goods,270,19831.63,1734,Road Freight (Truck),1505.52,8,8,On-Time,0,Enterprise,3866,8500,1.56,Clear
SHIP-10670,2025-02-16,WH-East-Kolkata,Kolkata,Kanpur,Industrial Equipment,22,410.13,1021,Road Freight (Truck),866.15,6,8,Delayed,2,E-Commerce Retailer,4096,7500,,Clear
SHIP-10671,2025-08-21,WH-Central-Nagpur,Nagpur,Surat,Electronics,412,22326.12,792,Road Freight (Truck),850.06,5,6,Delayed,1,E-Commerce Retailer,4888,6000,1.43,Severe Heat
SHIP-10672,2025-11-01,WH-North-Delhi,Delhi,Lucknow,Electronics,405,63814.01,558,Express Courier,1057.07,4,4,On-Time,0,E-Commerce Retailer,5796,10000,1.7,Clear
SHIP-10673,2025-01-14,WH-North-Delhi,Delhi,Patna,Consumer Goods,57,10353.76,650,Road Freight (Truck),566.25,5,7,Delayed,2,SMB,6846,10000,1.35,Foggy
SHIP-10674,2025-05-23,WH-South-Bengaluru,Bengaluru,Indore,Electronics,418,8338.51,246,Road Freight (Truck),455.5,3,3,On-Time,0,Enterprise,5071,8500,1.45,Rainy
SHIP-10675,2025-01-01,WH-West-Mumbai,Mumbai,Coimbatore,Apparel,322,7586.31,324,Road Freight (Truck),478.07,4,3,Early,0,Enterprise,10597,12000,1.73,Clear
SHIP-10676,2025-02-23,WH-East-Kolkata,Kolkata,Patna,Electronics,380,86297.01,148,Express Courier,474.36,3,3,On-Time,0,E-Commerce Retailer,5266,7500,1.59,Clear
SHIP-10677,2025-09-16,WH-Central-Nagpur,Nagpur,Patna,Automotive Parts,300,9668.06,564,Road Freight (Truck),637.95,5,5,On-Time,0,Enterprise,4663,6000,1.6,Clear
SHIP-10678,2025-05-24,WH-West-Mumbai,Mumbai,Jaipur,Industrial Equipment,341,76770.29,1085,Road Freight (Truck),1048.29,6,6,On-Time,0,Enterprise,5870,12000,1.3,Clear
SHIP-10679,2025-01-12,WH-North-Delhi,Delhi,Kanpur,Apparel,103,7067.76,1862,Rail Freight,1088.2,12,13,Delayed,1,SMB,4689,10000,1.4,
SHIP-10680,2025-11-26,WH-East-Kolkata,Kolkata,Indore,Apparel,270,51004.13,583,Road Freight (Truck),605.21,4,4,On-Time,0,Enterprise,4288,7500,1.2,Stormy
SHIP-10681,2025-08-12,WH-West-Mumbai,Mumbai,Lucknow,Automotive Parts,287,25194.96,1423,Road Freight (Truck),1318.78,7,9,Delayed,2,Enterprise,7143,12000,1.51,Foggy
SHIP-10682,2025-09-29,WH-East-Kolkata,Kolkata,Kochi,Electronics,368,79784.88,270,Road Freight (Truck),447.82,3,2,Early,0,SMB,5799,7500,1.21,Clear
SHIP-10683,2025-12-24,WH-West-Mumbai,Mumbai,Jaipur,Automotive Parts,214,38435.88,359,Express Courier,692.19,2,2,On-Time,0,Enterprise,8609,12000,1.65,Stormy
SHIP-10684,2025-06-05,WH-South-Bengaluru,Bengaluru,Patna,Industrial Equipment,194,21228.68,385,Express Courier,715.74,3,3,On-Time,0,Enterprise,5321,8500,1.64,Foggy
SHIP-10685,2025-01-08,WH-North-Delhi,Delhi,Patna,Industrial Equipment,184,6059.32,1837,Road Freight (Truck),1570.23,10,13,Delayed,3,E-Commerce Retailer,7574,10000,1.47,Stormy
SHIP-10686,2025-05-02,WH-South-Bengaluru,Bengaluru,Chandigarh,Apparel,447,83671.49,1248,Road Freight (Truck),1214.12,7,6,Early,0,E-Commerce Retailer,4478,8500,1.23,Clear
SHIP-10687,2025-12-14,WH-West-Mumbai,Mumbai,Indore,Electronics,396,63347.3,2080,Air Cargo,3913.65,5,7,Delayed,2,Enterprise,5758,12000,1.17,Foggy
SHIP-10688,2025-06-13,WH-South-Bengaluru,Bengaluru,Indore,Consumer Goods,389,6101.17,1576,Rail Freight,1062.95,10,13,Delayed,3,E-Commerce Retailer,7238,8500,1.63,Rainy
SHIP-10689,2025-03-31,WH-North-Delhi,Delhi,Chandigarh,Industrial Equipment,318,5473.95,1032,Road Freight (Truck),987.14,7,7,On-Time,0,SMB,7150,10000,1.51,Clear
SHIP-10690,2025-05-16,WH-East-Kolkata,Kolkata,Indore,Electronics,424,86948.13,616,Road Freight (Truck),731.83,5,5,On-Time,0,SMB,5663,7500,1.58,Severe Heat
SHIP-10691,2025-07-05,WH-Central-Nagpur,Nagpur,Patna,Industrial Equipment,78,5924.8,1583,Rail Freight,924.97,10,10,On-Time,0,E-Commerce Retailer,3566,6000,1.33,Clear
SHIP-10692,2025-11-12,WH-North-Delhi,Delhi,Coimbatore,Electronics,113,18587.53,1891,Air Cargo,3456.46,6,7,Delayed,1,E-Commerce Retailer,6248,10000,1.46,Clear
SHIP-10693,2025-06-27,WH-North-Delhi,Delhi,Surat,Electronics,255,31043.8,804,Road Freight (Truck),823.79,6,10,Delayed,4,E-Commerce Retailer,4887,10000,1.6,Stormy
SHIP-10694,2025-01-28,WH-North-Delhi,Delhi,Patna,Electronics,170,37044.03,277,Road Freight (Truck),373.75,3,4,Delayed,1,Enterprise,8527,10000,1.43,Clear
SHIP-10695,2025-08-08,WH-South-Bengaluru,Bengaluru,Jaipur,Electronics,209,48171.55,291,Road Freight (Truck),407.83,3,3,On-Time,0,Enterprise,6191,8500,1.51,Stormy
SHIP-10696,2025-12-23,WH-South-Bengaluru,Bengaluru,Kanpur,Apparel,225,56081.21,613,Road Freight (Truck),632.84,5,6,Delayed,1,E-Commerce Retailer,4159,8500,1.62,Rainy
SHIP-10697,2025-02-10,WH-South-Bengaluru,Bengaluru,Chandigarh,Electronics,443,22644.29,1089,Road Freight (Truck),1087.37,6,6,On-Time,0,SMB,7039,8500,1.28,Clear
SHIP-10698,2025-08-16,WH-North-Delhi,Delhi,Lucknow,Perishables,221,48133.04,1454,Express Courier,2269.38,5,5,On-Time,0,Enterprise,6587,10000,1.19,Clear
SHIP-10699,2025-07-11,WH-West-Mumbai,Mumbai,Kochi,Apparel,25,1937.88,1546,Rail Freight,904.84,10,12,Delayed,2,E-Commerce Retailer,9715,12000,1.47,Foggy
SHIP-10700,2025-05-25,WH-South-Bengaluru,Bengaluru,Lucknow ,Electronics,381,58613.7,1812,Air Cargo,3433.35,5,5,On-Time,0,E-Commerce Retailer,3875,8500,1.19,Rainy
SHIP-10701,2025-07-20,WH-West-Mumbai,Mumbai,Patna,Apparel,341,45645.11,1913,Road Freight (Truck),1675.24,10,15,Delayed,5,E-Commerce Retailer,5562,12000,1.61,Stormy
SHIP-10702,2025-07-31,WH-Central-Nagpur,Nagpur,Jaipur,Automotive Parts,214,4114.62,795,Road Freight (Truck),760.18,5,7,Delayed,2,Enterprise,3181,6000,1.58,Foggy
SHIP-10703,2025-08-08,WH-North-Delhi,Delhi,Patna,Industrial Equipment,374,87591.27,778,Express Courier,1370.91,4,4,On-Time,0,E-Commerce Retailer,5491,10000,1.68,Clear
SHIP-10704,2025-08-28,WH-South-Bengaluru,Bengaluru,Kanpur,Electronics,48,1603.53,1022,Road Freight (Truck),858.49,6,8,Delayed,2,Enterprise,6877,8500,1.53,Clear
SHIP-10705,2025-02-15,WH-West-Mumbai,Mumbai,Coimbatore,Automotive Parts,98,17319.68,785,Road Freight (Truck),709.26,5,8,Delayed,3,Enterprise,9385,12000,1.19,Stormy
SHIP-10706,2025-02-04,WH-West-Mumbai,Mumbai,Kochi,Industrial Equipment,439,87570.23,1606,Rail Freight,1116.93,10,10,On-Time,0,SMB,8874,12000,1.3,Clear
SHIP-10707,2025-09-10,WH-East-Kolkata,Kolkata,Kanpur,Electronics,265,53501.55,486,Road Freight (Truck),568.5,3,5,Delayed,2,Enterprise,6494,7500,1.63,Clear
SHIP-10708,2025-03-23,WH-South-Bengaluru,Bengaluru,Chandigarh,Electronics,263,12319.24,669,Road Freight (Truck),670.95,5,7,Delayed,2,Enterprise,4812,8500,1.25,Foggy
SHIP-10709,2025-09-13,WH-Central-Nagpur,Nagpur,Chandigarh,Apparel,225,27040.26,762,Road Freight (Truck),747.68,5,7,Delayed,2,E-Commerce Retailer,5250,6000,1.57,Foggy
SHIP-10710,2025-07-16,WH-North-Delhi,Delhi,Patna,Electronics,377,79138.25,2013,Road Freight (Truck),1789.2,11,12,Delayed,1,Enterprise,8774,10000,1.62,Rainy
SHIP-10711,2025-10-30,WH-North-Delhi,Delhi,Jaipur,Automotive Parts,312,26872.44,374,Express Courier,753.32,3,4,Delayed,1,Enterprise,6541,10000,1.35,Clear
SHIP-10712,2025-01-10,WH-East-Kolkata,Kolkata,Kanpur ,Consumer Goods,181,22610.69,327,Express Courier,627.54,2,3,Delayed,1,Enterprise,3707,7500,1.34,Rainy
SHIP-10713,2025-11-08,WH-South-Bengaluru,Bengaluru,Bhopal,Automotive Parts,146,11549.56,569,Express Courier,983.39,3,4,Delayed,1,SMB,6727,8500,1.48,Rainy
SHIP-10714,2025-10-13,WH-West-Mumbai,Mumbai,Jaipur,Apparel,393,48706.29,214,Road Freight (Truck),423.18,3,3,On-Time,0,SMB,7300,12000,1.67,Stormy
SHIP-10715,2025-08-30,WH-North-Delhi,Delhi,Coimbatore,Electronics,187,41821.04,2003,Air Cargo,3678.99,5,6,Delayed,1,E-Commerce Retailer,8236,10000,1.28,Severe Heat
SHIP-10716,2025-09-08,WH-North-Delhi,Delhi,Chandigarh,Electronics,86,10488.06,958,Road Freight (Truck),859.48,6,6,On-Time,0,E-Commerce Retailer,5269,10000,1.71,Clear
SHIP-10717,2025-01-05,WH-Central-Nagpur,Nagpur,Patna,Apparel,197,28690.95,597,Express Courier,1003.58,3,5,Delayed,2,SMB,4221,6000,1.51,Foggy
SHIP-10718,2025-04-29,WH-North-Delhi,Delhi,Indore,Industrial Equipment,24,2638.43,802,Road Freight (Truck),694.89,6,7,Delayed,1,E-Commerce Retailer,6887,10000,1.75,
SHIP-10719,2025-10-16,WH-West-Mumbai,Mumbai,Chandigarh,Industrial Equipment,301,37061.39,881,Road Freight (Truck),855.93,5,4,Early,0,Enterprise,5965,12000,1.2,Clear
SHIP-10720,2025-03-06,WH-North-Delhi,Delhi,Kochi,Consumer Goods,328,6089.63,309,Road Freight (Truck),455.31,3,3,On-Time,0,Enterprise,6207,10000,1.23,Clear
SHIP-10721,2025-05-26,WH-West-Mumbai,Mumbai,Surat,Electronics,334,27281.19,830,Road Freight (Truck),845.06,6,5,Early,0,E-Commerce Retailer,5878,12000,1.65,Foggy
SHIP-10722,2025-08-12,WH-North-Delhi,Delhi,Indore,Electronics,223,26224.07,1627,Rail Freight,1033.29,11,15,Delayed,4,SMB,6684,10000,1.67,Clear
SHIP-10723,2025-08-27,WH-South-Bengaluru,Bengaluru,Patna,Apparel,217,35575.48,1876,Rail Freight,1139.62,12,13,Delayed,1,Individual,7192,8500,1.42,Clear
SHIP-10724,2025-06-26,WH-North-Delhi,Delhi,Bhopal,Electronics,178,21495.67,1679,Air Cargo,3105.1,4,4,On-Time,0,SMB,5769,10000,1.58,Clear
SHIP-10725,2025-09-24,WH-East-Kolkata,Kolkata,Indore,Consumer Goods,339,31997.19,875,Road Freight (Truck),909.68,5,5,On-Time,0,E-Commerce Retailer,6071,7500,1.67,Clear
SHIP-10726,2025-12-07,WH-North-Delhi,Delhi,Kochi,Apparel,289,30692.73,1566,Express Courier,2426.41,5,5,On-Time,0,SMB,5362,10000,1.18,Clear
SHIP-10727,2025-10-09,WH-South-Bengaluru,Bengaluru,Jaipur,Perishables,314,22588.82,955,Road Freight (Truck),931.92,5,5,On-Time,0,SMB,6516,8500,1.49,Clear
SHIP-10728,2025-03-04,WH-Central-Nagpur,Nagpur,Bhopal,Consumer Goods,155,35999.7,1783,Rail Freight,1118.95,11,14,Delayed,3,SMB,5281,6000,1.66,Severe Heat
SHIP-10729,2025-08-05,WH-South-Bengaluru,Bengaluru,Chandigarh,Electronics,272,37429.83,1748,Road Freight (Truck),1547.29,9,10,Delayed,1,E-Commerce Retailer,5119,8500,1.39,Rainy
SHIP-10730,2025-12-08,WH-South-Bengaluru,Bengaluru,Bhopal,Apparel,13,235.97,1955,Road Freight (Truck),1530.98,9,10,Delayed,1,SMB,7422,8500,1.33,Rainy
SHIP-10731,2025-11-11,WH-West-Mumbai,Mumbai,Kanpur,Apparel,99,1937.42,252,Road Freight (Truck),305.51,3,3,On-Time,0,Individual,8250,12000,1.63,Clear
SHIP-10732,2025-10-10,WH-West-Mumbai,Mumbai,Kochi,Consumer Goods,69,16811.57,174,Express Courier,349.8,2,2,On-Time,0,Enterprise,7186,12000,1.35,Rainy
SHIP-10733,2025-06-26,WH-South-Bengaluru,Bengaluru,Indore,Perishables,320,21453.11,629,Road Freight (Truck),661.12,5,5,On-Time,0,Enterprise,7406,8500,1.15,Rainy
SHIP-10734,2025-04-08,WH-Central-Nagpur,Nagpur,Kanpur,Automotive Parts,25,5107.95,789,Road Freight (Truck),721.71,6,7,Delayed,1,SMB,2790,6000,1.73,Rainy
SHIP-10735,2025-04-15,WH-South-Bengaluru,Bengaluru,Bhopal,Electronics,236,6771.95,1684,Air Cargo,3143.33,4,4,On-Time,0,SMB,3936,8500,1.51,Clear
SHIP-10736,2025-04-09,WH-South-Bengaluru,Bengaluru,Kanpur,Electronics,38,8795.98,529,Express Courier,853.47,4,4,On-Time,0,E-Commerce Retailer,6221,8500,1.64,Clear
SHIP-10737,2025-11-07,WH-East-Kolkata,Kolkata,Lucknow,Apparel,160,35278.08,1354,Rail Freight,859.55,8,8,On-Time,0,Enterprise,6183,7500,1.65,Foggy
SHIP-10738,2025-01-06,WH-West-Mumbai,Mumbai,Kochi,Industrial Equipment,254,37898.55,1809,Road Freight (Truck),1556.27,9,10,Delayed,1,E-Commerce Retailer,9638,12000,1.19,Rainy
SHIP-10739,2025-07-16,WH-North-Delhi,Delhi,Coimbatore,Electronics,279,4775.0,1436,Road Freight (Truck),1267.84,8,9,Delayed,1,SMB,4873,10000,1.25,Rainy
SHIP-10740,2025-12-17,WH-South-Bengaluru,Bengaluru,Jaipur,Apparel,88,6651.53,1106,Road Freight (Truck),966.79,7,7,On-Time,0,SMB,7621,8500,1.34,Rainy
SHIP-10741,2025-05-13,WH-Central-Nagpur,Nagpur,Bhopal,Apparel,442,48886.67,853,Road Freight (Truck),916.51,6,6,On-Time,0,E-Commerce Retailer,4682,6000,1.34,Clear
SHIP-10742,2025-12-24,WH-North-Delhi,Delhi,Kochi,Electronics,298,36688.29,1258,Air Cargo,2442.06,5,8,Delayed,3,Enterprise,8960,10000,1.55,Foggy
SHIP-10743,2025-09-16,WH-South-Bengaluru,Bengaluru,Coimbatore,Apparel,162,13762.63,2092,Road Freight (Truck),1727.39,10,10,On-Time,0,SMB,5139,8500,1.52,Clear
SHIP-10744,2025-01-23,WH-North-Delhi,Delhi,Coimbatore,Perishables,286,6504.43,1813,Road Freight (Truck),1550.39,10,11,Delayed,1,Individual,7761,10000,1.45,Rainy
SHIP-10745,2025-02-22,WH-South-Bengaluru,Bengaluru,Patna,Electronics,410,63008.78,378,Road Freight (Truck),558.14,4,5,Delayed,1,E-Commerce Retailer,7260,8500,1.28,Severe Heat
SHIP-10746,2025-06-14,WH-North-Delhi,Delhi,Kanpur,Consumer Goods,288,39794.79,1906,Road Freight (Truck),1657.57,10,10,On-Time,0,SMB,6288,10000,1.38,Foggy
SHIP-10747,2025-07-21,WH-West-Mumbai,Mumbai,Coimbatore,Consumer Goods,66,5379.34,1265,Road Freight (Truck),1080.42,8,8,On-Time,0,SMB,10841,12000,1.48,Clear
SHIP-10748,2025-03-24,WH-East-Kolkata,Kolkata,Lucknow,Automotive Parts,195,4665.25,418,Road Freight (Truck),493.93,3,3,On-Time,0,Enterprise,4309,7500,1.43,Clear
SHIP-10749,2025-05-25,WH-West-Mumbai,Mumbai,Kochi,Perishables,407,101232.96,1918,Rail Freight,1243.85,11,14,Delayed,3,SMB,7180,12000,1.23,Rainy
SHIP-10750,2025-03-26,WH-South-Bengaluru,Bengaluru,Surat,Consumer Goods,102,13083.21,1524,Rail Freight,906.78,10,13,Delayed,3,E-Commerce Retailer,7501,8500,1.54,Stormy
SHIP-10751,2025-03-19,WH-East-Kolkata,Kolkata,Surat,Industrial Equipment,285,54908.38,680,Road Freight (Truck),705.32,5,5,On-Time,0,E-Commerce Retailer,6793,7500,1.19,Rainy
SHIP-10752,2025-01-01,WH-Central-Nagpur,Nagpur,Bhopal,Apparel,167,20256.06,2032,Rail Freight,1208.36,12,11,Early,0,Enterprise,3504,6000,1.38,Clear
SHIP-10753,2025-02-20,WH-North-Delhi,Delhi,Chandigarh,Apparel,284,7141.19,1984,Rail Freight,1238.94,11,12,Delayed,1,Enterprise,5141,10000,1.58,Clear
SHIP-10754,2025-06-22,WH-West-Mumbai,Mumbai,Kanpur,Consumer Goods,190,16673.67,1644,Rail Freight,973.54,11,12,Delayed,1,Enterprise,9681,12000,1.16,Rainy
SHIP-10755,2025-07-24,WH-North-Delhi,Delhi,Chandigarh,Electronics,368,33203.12,416,Road Freight (Truck),552.13,3,4,Delayed,1,Enterprise,8869,10000,1.49,Rainy
SHIP-10756,2025-09-17,WH-Central-Nagpur,Nagpur,Coimbatore,Consumer Goods,449,95193.81,481,Road Freight (Truck),656.07,3,2,Early,0,Enterprise,4394,6000,1.35,Severe Heat
SHIP-10757,2025-10-15,WH-Central-Nagpur,Nagpur,Kochi,Apparel,86,14511.99,708,Road Freight (Truck),637.36,4,4,On-Time,0,SMB,4489,6000,1.16,Clear
SHIP-10758,2025-02-03,WH-South-Bengaluru,Bengaluru,Bhopal,Electronics,160,12756.16,1606,Road Freight (Truck),1390.03,8,10,Delayed,2,Enterprise,6872,8500,1.26,Foggy
SHIP-10759,2025-12-14,WH-East-Kolkata,Kolkata,Indore,Automotive Parts,247,59877.47,1581,Express Courier,2453.22,6,6,On-Time,0,Enterprise,3914,7500,1.71,Clear
SHIP-10760,2025-04-05,WH-South-Bengaluru,Bengaluru,Coimbatore ,Electronics,298,26987.57,246,Road Freight (Truck),397.39,2,5,Delayed,3,SMB,7714,8500,1.46,Rainy
SHIP-10761,2025-03-13,WH-South-Bengaluru,Bengaluru,Kanpur,Electronics,240,59900.4,316,Road Freight (Truck),414.63,3,6,Delayed,3,Enterprise,5280,8500,1.75,Foggy
SHIP-10762,2025-02-08,WH-North-Delhi,Delhi,Surat,Apparel,27,6725.66,340,Express Courier,560.02,3,3,On-Time,0,Enterprise,7452,10000,1.46,Clear
SHIP-10763,2025-06-03,WH-East-Kolkata,Kolkata,Patna,Industrial Equipment,82,4914.63,1114,Express Courier,1700.17,5,5,On-Time,0,Enterprise,5026,7500,1.48,Clear
SHIP-10764,2025-09-07,WH-North-Delhi,Delhi,Kochi,Electronics,426,37698.51,210,Road Freight (Truck),453.1,3,3,On-Time,0,Enterprise,6700,10000,1.39,Foggy
SHIP-10765,2025-06-11,WH-East-Kolkata,Kolkata,Jaipur,Consumer Goods,425,54918.66,530,Road Freight (Truck),657.17,4,5,Delayed,1,SMB,5852,7500,1.34,Rainy
SHIP-10766,2025-04-28,WH-East-Kolkata,Kolkata,Chandigarh,Perishables,198,33870.6,127,Express Courier,326.94,3,3,On-Time,0,Enterprise,6881,7500,1.3,Clear
SHIP-10767,2025-09-16,WH-East-Kolkata,Kolkata,Bhopal,Consumer Goods,447,62173.74,663,Road Freight (Truck),772.59,4,4,On-Time,0,E-Commerce Retailer,5698,7500,,Clear
SHIP-10768,2025-11-02,WH-North-Delhi,Delhi,Chandigarh,Consumer Goods,26,6313.29,587,Road Freight (Truck),524.53,5,7,Delayed,2,Individual,8232,10000,1.43,Rainy
SHIP-10769,2025-09-25,WH-West-Mumbai,Mumbai,Kochi,Automotive Parts,28,5183.85,439,Express Courier,721.38,2,6,Delayed,4,E-Commerce Retailer,5555,12000,1.27,
SHIP-10770,2025-02-23,WH-West-Mumbai,Mumbai,Chandigarh,Electronics,228,14781.36,1537,Air Cargo,2841.93,5,6,Delayed,1,SMB,9970,12000,1.28,Clear
SHIP-10771,2025-08-24,WH-West-Mumbai,Mumbai,Kochi,Consumer Goods,335,13298.8,388,Road Freight (Truck),497.16,4,4,On-Time,0,E-Commerce Retailer,7091,12000,1.31,Foggy
SHIP-10772,2025-08-10,WH-North-Delhi,Delhi,Chandigarh,Consumer Goods,129,22803.89,1334,Rail Freight,834.13,8,8,On-Time,0,E-Commerce Retailer,5095,10000,1.42,Clear
SHIP-10773,2025-09-08,WH-Central-Nagpur,Nagpur,Lucknow,Consumer Goods,110,5746.0,2004,Express Courier,3001.83,7,7,On-Time,0,Enterprise,3019,6000,1.54,Clear
SHIP-10774,2025-11-09,WH-South-Bengaluru,Bengaluru,Indore,Consumer Goods,43,8604.47,1818,Express Courier,2704.05,7,7,On-Time,0,SMB,6541,8500,1.66,Clear
SHIP-10775,2025-04-22,WH-West-Mumbai,Mumbai,Coimbatore,Electronics,93,8192.71,180,Road Freight (Truck),232.85,3,6,Delayed,3,E-Commerce Retailer,11026,12000,1.32,Stormy
SHIP-10776,2025-09-12,WH-West-Mumbai,Mumbai,Coimbatore,Consumer Goods,418,38380.73,1581,Road Freight (Truck),1464.61,9,9,On-Time,0,Enterprise,9157,12000,1.26,Clear
SHIP-10777,2025-10-30,WH-West-Mumbai,Mumbai,Kanpur,Electronics,205,3595.21,1407,Air Cargo,2647.07,5,8,Delayed,3,Enterprise,6879,12000,1.38,Foggy
SHIP-10778,2025-07-26,WH-South-Bengaluru,Bengaluru,Jaipur, Industrial Equipment,339,60931.06,916,Express Courier,1565.1,4,4,On-Time,0,E-Commerce Retailer,4637,8500,1.69,Clear
SHIP-10779,2025-08-17,WH-South-Bengaluru,Bengaluru,Jaipur,Consumer Goods,211,8781.48,1238,Road Freight (Truck),1078.99,6,6,On-Time,0,E-Commerce Retailer,5926,8500,1.16,Severe Heat
SHIP-10780,2025-12-07,WH-Central-Nagpur,Nagpur,Kanpur,Consumer Goods,353,69409.31,672,Road Freight (Truck),725.84,5,9,Delayed,4,Enterprise,2883,6000,1.56,Foggy
SHIP-10781,2025-03-07,WH-West-Mumbai,Mumbai,Patna,Automotive Parts,350,45706.13,1045,Road Freight (Truck),1039.16,7,8,Delayed,1,SMB,7652,12000,1.44,Rainy
SHIP-10782,2025-03-16,WH-Central-Nagpur,Nagpur,Coimbatore,Apparel,20,3986.12,1613,Road Freight (Truck),1301.71,8,12,Delayed,4,Enterprise,4578,6000,1.25,Stormy
SHIP-10783,2025-04-13,WH-Central-Nagpur,Nagpur,Patna,Electronics,356,54191.29,780,Road Freight (Truck),810.81,5,5,On-Time,0,E-Commerce Retailer,5428,6000,1.34,Rainy
SHIP-10784,2025-07-11,WH-North-Delhi,Delhi,Kochi,Perishables,409,14058.07,835,Road Freight (Truck),881.09,6,6,On-Time,0,Enterprise,6500,10000,1.28,Foggy
SHIP-10785,2025-09-09,WH-Central-Nagpur,Nagpur,Kochi,Electronics,227,44248.72,898,Road Freight (Truck),844.92,5,6,Delayed,1,Enterprise,3264,6000,1.68,Clear
SHIP-10786,2025-08-14,WH-North-Delhi,Delhi,Surat,Electronics,262,8227.55,1657,Rail Freight,1042.0,11,12,Delayed,1,E-Commerce Retailer,8341,10000,1.44,
SHIP-10787,2025-10-21,WH-East-Kolkata,Kolkata,Chandigarh,Industrial Equipment,231,29451.32,1833,Rail Freight,1131.65,12,13,Delayed,1,SMB,5998,7500,1.49,Rainy
SHIP-10788,2025-11-02,WH-West-Mumbai,Mumbai,Jaipur,Apparel,392,21756.81,2080,Rail Freight,1336.17,13,13,On-Time,0,E-Commerce Retailer,10248,12000,1.51,Clear
SHIP-10789,2025-04-08,WH-Central-Nagpur,Nagpur,Surat,Consumer Goods,378,72499.93,313,Road Freight (Truck),480.22,4,4,On-Time,0,SMB,3305,6000,1.53,Clear
SHIP-10790,2025-12-04,WH-Central-Nagpur,Nagpur,Indore,Electronics,89,20400.93,601,Road Freight (Truck),564.71,4,4,On-Time,0,Enterprise,3841,6000,1.45,Clear
SHIP-10791,2025-10-13,WH-East-Kolkata,Kolkata,Kanpur,Apparel,16,2323.51,2042,Rail Freight,1140.64,12,12,On-Time,0,SMB,6834,7500,1.16,Clear
SHIP-10792,2025-12-01,WH-East-Kolkata,Kolkata,Kanpur,Consumer Goods,281,39025.17,1479,Road Freight (Truck),1316.22,7,8,Delayed,1,Enterprise,3932,7500,1.35,Rainy
SHIP-10793,2025-12-13,WH-West-Mumbai,Mumbai,Kochi,Automotive Parts,236,45909.4,1578,Rail Freight,984.15,10,14,Delayed,4,SMB,9186,12000,1.26,Clear
SHIP-10794,2025-11-04,WH-North-Delhi,Delhi,Coimbatore,Electronics,25,404.84,1339,Air Cargo,2431.06,4,5,Delayed,1,Enterprise,5614,10000,1.56,Severe Heat
SHIP-10795,2025-09-06,WH-West-Mumbai,Mumbai,Patna,Automotive Parts,433,99881.53,974,Road Freight (Truck),969.88,6,6,On-Time,0,E-Commerce Retailer,8220,12000,1.18,Stormy
SHIP-10796,2025-06-15,WH-North-Delhi,Delhi,Jaipur,Apparel,21,1289.41,1392,Road Freight (Truck),1149.27,8,8,On-Time,0,Individual,8262,10000,1.49,Stormy
SHIP-10797,2025-12-01,WH-South-Bengaluru,Bengaluru,Surat,Automotive Parts,300,73880.38,617,Road Freight (Truck),690.67,4,4,On-Time,0,Individual,5776,8500,1.28,Clear
SHIP-10798,2025-01-30,WH-West-Mumbai,Mumbai,Patna,Industrial Equipment,250,47004.92,331,Road Freight (Truck),431.86,4,4,On-Time,0,SMB,9942,12000,1.72,Clear
SHIP-10799,2025-09-04,WH-Central-Nagpur,Nagpur,Surat,Apparel,30,5908.47,784,Road Freight (Truck),657.54,6,6,On-Time,0,Enterprise,3902,6000,1.35,Severe Heat
SHIP-10800,2025-04-16,WH-South-Bengaluru,Bengaluru,Chandigarh,Consumer Goods,187,31641.84,789,Road Freight (Truck),741.7,6,9,Delayed,3,SMB,7817,8500,1.35,Stormy
SHIP-10801,2025-02-20,WH-East-Kolkata,Kolkata,Indore,Electronics,436,54866.61,1609,Rail Freight,1116.74,10,12,Delayed,2,E-Commerce Retailer,4911,7500,1.7,Foggy
SHIP-10802,2025-03-22,WH-North-Delhi,Delhi,Indore,Electronics,237,35391.8,2017,Road Freight (Truck),1700.99,11,11,On-Time,0,Enterprise,5202,10000,1.4,Clear
SHIP-10803,2025-05-13,WH-Central-Nagpur,Nagpur,Patna, Automotive Parts,282,7305.12,1794,Express Courier,2782.97,5,5,On-Time,0,Individual,3833,6000,1.73,Rainy
SHIP-10804,2025-10-12,WH-Central-Nagpur,Nagpur,Patna,Automotive Parts,297,48004.25,340,Road Freight (Truck),451.41,4,4,On-Time,0,Enterprise,4794,6000,1.16,Foggy
SHIP-10805,2025-05-18,WH-West-Mumbai,Mumbai,Patna,Consumer Goods,306,49612.71,392,Road Freight (Truck),503.68,3,3,On-Time,0,Individual,10182,12000,1.33,Clear
SHIP-10806,2025-07-03,WH-South-Bengaluru,Bengaluru,Surat,Electronics,143,32093.8,1297,Road Freight (Truck),1129.84,8,10,Delayed,2,E-Commerce Retailer,5663,8500,1.55,Rainy
SHIP-10807,2025-11-26,WH-East-Kolkata,Kolkata,Chandigarh,Consumer Goods,292,39078.14,1392,Road Freight (Truck),1263.69,7,9,Delayed,2,E-Commerce Retailer,5470,7500,1.68,Foggy
SHIP-10808,2025-09-30,WH-North-Delhi,Delhi,Lucknow,Apparel,413,13682.25,398,Express Courier,819.78,2,2,On-Time,0,Enterprise,8470,10000,1.3,Rainy
SHIP-10809,2025-12-06,WH-South-Bengaluru,Bengaluru,Patna,Consumer Goods,162,14086.88,1583,Road Freight (Truck),1327.0,9,8,Early,0,Enterprise,7075,8500,1.71,Clear
SHIP-10810,2025-03-10,WH-West-Mumbai,Mumbai,Coimbatore,Industrial Equipment,75,12680.47,2091,Rail Freight,1207.96,13,15,Delayed,2,SMB,9109,12000,1.51,Rainy
SHIP-10811,2025-02-03,WH-North-Delhi,Delhi,Jaipur,Perishables,146,10398.97,935,Road Freight (Truck),857.14,6,7,Delayed,1,Enterprise,8330,10000,1.63,Severe Heat
SHIP-10812,2025-09-19,WH-West-Mumbai,Mumbai,Jaipur,Electronics,101,8173.33,395,Express Courier,705.57,3,4,Delayed,1,Enterprise,8648,12000,1.39,Rainy
SHIP-10813,2025-02-22,WH-North-Delhi,Delhi,Surat,Consumer Goods,446,92683.36,1124,Road Freight (Truck),1127.41,6,6,On-Time,0,SMB,4521,10000,1.28,Foggy
SHIP-10814,2025-07-24,WH-North-Delhi,Delhi,Patna,Consumer Goods,326,49654.73,633,Road Freight (Truck),706.18,5,5,On-Time,0,SMB,4693,10000,1.7,Rainy
SHIP-10815,2025-05-06,WH-North-Delhi,Delhi,Kochi, Consumer Goods,431,57971.2,1231,Rail Freight,891.63,8,9,Delayed,1,SMB,9105,10000,1.71,Rainy
SHIP-10816,2025-08-23,WH-Central-Nagpur,Nagpur,Kanpur,Electronics,268,24076.1,1942,Road Freight (Truck),1642.76,10,11,Delayed,1,SMB,3108,6000,1.45,Rainy
SHIP-10817,2025-02-12,WH-South-Bengaluru,Bengaluru,Lucknow,Electronics,112,20918.03,1042,Air Cargo,1960.3,3,3,On-Time,0,Enterprise,5441,8500,1.15,Clear
SHIP-10818,2025-08-28,WH-Central-Nagpur,Nagpur,Coimbatore,Automotive Parts,64,5287.29,761,Road Freight (Truck),678.28,5,4,Early,0,Individual,5333,6000,1.22,Clear
SHIP-10819,2025-04-21,WH-West-Mumbai,Mumbai,Chandigarh,Consumer Goods,266,50063.84,624,Road Freight (Truck),688.07,4,4,On-Time,0,Enterprise,6500,12000,1.49,Clear
SHIP-10820,2025-09-06,WH-West-Mumbai,Mumbai,Kochi,Consumer Goods,110,3462.12,709,Road Freight (Truck),662.91,5,5,On-Time,0,SMB,10158,12000,1.16,Clear
SHIP-10821,2025-05-31,WH-South-Bengaluru,Bengaluru,Indore,Automotive Parts,207,45160.61,891,Road Freight (Truck),833.39,6,6,On-Time,0,SMB,7093,8500,1.39,Clear
SHIP-10822,2025-07-02,WH-West-Mumbai,Mumbai,Kochi,Industrial Equipment,310,41043.42,1384,Rail Freight,891.23,8,7,Early,0,E-Commerce Retailer,10962,12000,1.33,Clear
SHIP-10823,2025-12-02,WH-North-Delhi,Delhi,Surat,Electronics,235,27741.61,1796,Air Cargo,3351.08,4,4,On-Time,0,Enterprise,5823,10000,1.58,Stormy
SHIP-10824,2025-04-05,WH-South-Bengaluru,Bengaluru,Lucknow,Apparel,440,69779.82,859,Road Freight (Truck),896.9,5,5,On-Time,0,SMB,5084,8500,1.18,Clear
SHIP-10825,2025-01-08,WH-North-Delhi,Delhi,Bhopal, Consumer Goods,246,39774.54,794,Road Freight (Truck),781.78,5,6,Delayed,1,SMB,8743,10000,1.44,Clear
SHIP-10826,2025-12-26,WH-South-Bengaluru,Bengaluru,Bhopal,Industrial Equipment,35,1610.99,1379,Rail Freight,811.51,8,9,Delayed,1,Enterprise,4760,8500,1.5,Clear
SHIP-10827,2025-07-03,WH-South-Bengaluru,Bengaluru,Patna,Industrial Equipment,130,25052.94,1133,Road Freight (Truck),983.32,7,9,Delayed,2,SMB,6013,8500,1.52,Rainy
SHIP-10828,2025-10-08,WH-North-Delhi,Delhi,Patna,Apparel,407,32496.16,247,Road Freight (Truck),427.14,2,1,Early,0,Individual,7824,10000,1.39,Clear
SHIP-10829,2025-07-14,WH-North-Delhi,Delhi,Surat,Consumer Goods,191,43484.21,622,Road Freight (Truck),620.61,5,5,On-Time,0,Individual,5777,10000,1.33,Clear
SHIP-10830,2025-12-18,WH-East-Kolkata,Kolkata,Chandigarh,Industrial Equipment,208,43096.54,1343,Rail Freight,835.87,9,9,On-Time,0,Enterprise,6682,7500,1.56,Clear
SHIP-10831,2025-07-14,WH-West-Mumbai,Mumbai,Patna,Electronics,311,29971.85,1021,Air Cargo,1999.5,4,6,Delayed,2,Enterprise,9154,12000,1.66,Foggy
SHIP-10832,2025-06-04,WH-North-Delhi,Delhi,Kanpur,Electronics,264,54072.15,662,Road Freight (Truck),681.15,4,6,Delayed,2,Enterprise,4721,10000,1.57,Severe Heat
SHIP-10833,2025-04-03,WH-Central-Nagpur,Nagpur,Lucknow,Consumer Goods,131,12936.48,1645,Express Courier,2504.06,5,4,Early,0,SMB,3082,6000,1.71,Severe Heat
SHIP-10834,2025-06-09,WH-North-Delhi,Delhi,Surat,Electronics,40,1548.91,1793,Air Cargo,3234.77,4,4,On-Time,0,Enterprise,5396,10000,1.58,Clear
SHIP-10835,2025-03-02,WH-South-Bengaluru,Bengaluru,Jaipur,Electronics,324,78098.17,611,Road Freight (Truck),678.77,4,4,On-Time,0,Enterprise,4803,8500,1.61,Rainy
SHIP-10836,2025-05-02,WH-Central-Nagpur,Nagpur,Indore,Automotive Parts,294,49498.27,1164,Express Courier,1865.54,5,6,Delayed,1,Individual,4760,6000,1.25,Rainy
SHIP-10837,2025-02-20,WH-North-Delhi,Delhi,Surat,Perishables,115,14051.09,1377,Rail Freight,868.71,9,8,Early,0,Individual,4917,10000,1.4,Clear
SHIP-10838,2025-10-04,WH-North-Delhi,Delhi,Surat,Consumer Goods,233,25275.08,833,Express Courier,1386.31,4,4,On-Time,0,Enterprise,6147,10000,1.44,Clear
SHIP-10839,2025-01-05,WH-North-Delhi,Delhi,Bhopal,Consumer Goods,282,25748.22,910,Express Courier,1500.99,4,4,On-Time,0,Enterprise,8783,10000,1.3,Clear
SHIP-10840,2025-04-02,WH-West-Mumbai,Mumbai,Coimbatore,Consumer Goods,407,99975.56,1786,Rail Freight,1190.06,10,12,Delayed,2,SMB,8539,12000,1.47,Foggy
SHIP-10841,2025-06-19,WH-North-Delhi,Delhi,Chandigarh,Consumer Goods,241,11246.41,535,Road Freight (Truck),595.06,4,3,Early,0,Enterprise,5747,10000,1.32,Clear
SHIP-10842,2025-11-13,WH-South-Bengaluru,Bengaluru,Coimbatore,Electronics,429,38172.07,267,Road Freight (Truck),474.89,3,3,On-Time,0,SMB,7648,8500,1.56,Clear
SHIP-10843,2025-01-22,WH-North-Delhi,Delhi,Kanpur,Perishables,265,34209.37,1089,Road Freight (Truck),1001.43,6,8,Delayed,2,SMB,5648,10000,1.43,Clear
SHIP-10844,2025-11-22,WH-South-Bengaluru,Bengaluru,Jaipur,Electronics,33,4201.89,148,Road Freight (Truck),195.32,2,3,Delayed,1,E-Commerce Retailer,7440,8500,1.43,Rainy
SHIP-10845,2025-01-01,WH-Central-Nagpur,Nagpur,Bhopal,Consumer Goods,118,14840.99,1504,Rail Freight,901.44,10,10,On-Time,0,E-Commerce Retailer,4746,6000,1.74,Foggy
SHIP-10846,2025-05-13,WH-East-Kolkata,Kolkata,Jaipur,Electronics,200,11261.84,427,Road Freight (Truck),478.23,4,4,On-Time,0,SMB,5985,7500,1.39,Rainy
SHIP-10847,2025-08-21,WH-South-Bengaluru,Bengaluru,Kanpur,Automotive Parts,356,17465.06,2026,Rail Freight,1279.29,12,12,On-Time,0,E-Commerce Retailer,6880,8500,1.37,Rainy
SHIP-10848,2025-01-12,WH-West-Mumbai,Mumbai,Coimbatore,Industrial Equipment,34,2545.59,2085,Road Freight (Truck),1682.59,11,10,Early,0,Enterprise,8257,12000,1.34,Clear
SHIP-10849,2025-12-12,WH-South-Bengaluru,Bengaluru,Surat,Perishables,196,45063.07,281,Road Freight (Truck),369.0,4,5,Delayed,1,SMB,7079,8500,1.69,Clear
SHIP-10850,2025-02-15,WH-South-Bengaluru,Bengaluru,Patna,Industrial Equipment,297,12345.53,988,Road Freight (Truck),942.17,6,6,On-Time,0,SMB,7165,8500,1.45,Clear
SHIP-10851,2025-02-03,WH-West-Mumbai,Mumbai,Patna,Consumer Goods,125,24124.36,971,Road Freight (Truck),856.31,6,7,Delayed,1,Enterprise,7433,12000,1.51,Severe Heat
SHIP-10852,2025-03-19,WH-North-Delhi,Delhi,Kochi,Electronics,347,66979.28,180,Road Freight (Truck),347.91,2,3,Delayed,1,Enterprise,6381,10000,1.26,Severe Heat
SHIP-10853,2025-08-06,WH-Central-Nagpur,Nagpur,Indore,Apparel,375,76986.02,244,Road Freight (Truck),420.87,3,4,Delayed,1,Enterprise,5206,6000,1.47,Rainy
SHIP-10854,2025-10-28,WH-West-Mumbai,Mumbai,Chandigarh,Consumer Goods,411,91798.76,1599,Rail Freight,1087.22,9,9,On-Time,0,Individual,8359,12000,1.31,Clear
SHIP-10855,2025-03-14,WH-North-Delhi,Delhi,Kanpur,Apparel,46,3533.42,1214,Road Freight (Truck),1007.21,6,6,On-Time,0,Enterprise,8574,10000,1.59,Clear
SHIP-10856,2025-10-09,WH-West-Mumbai,Mumbai,Indore,Electronics,291,19721.5,957,Road Freight (Truck),937.74,6,6,On-Time,0,Enterprise,8934,12000,1.65,Clear
SHIP-10857,2025-09-06,WH-West-Mumbai,Mumbai,Chandigarh,Electronics,146,18161.5,2050,Rail Freight,1208.91,12,11,Early,0,SMB,8747,12000,1.58,Foggy
SHIP-10858,2025-02-16,WH-East-Kolkata,Kolkata,Indore,Apparel,236,18241.85,2019,Express Courier,3097.52,7,8,Delayed,1,E-Commerce Retailer,3484,7500,1.59,Rainy
SHIP-10859,2025-05-01,WH-East-Kolkata,Kolkata,Coimbatore,Apparel,329,61708.18,585,Road Freight (Truck),660.59,4,8,Delayed,4,Enterprise,4354,7500,1.46,Stormy
SHIP-10860,2025-08-02,WH-East-Kolkata,Kolkata,Chandigarh,Industrial Equipment,337,55418.23,362,Road Freight (Truck),514.55,3,4,Delayed,1,Individual,5144,7500,1.58,Rainy
SHIP-10861,2025-08-27,WH-North-Delhi,Delhi,Coimbatore,Electronics,413,91116.93,1633,Rail Freight,1109.55,11,11,On-Time,0,E-Commerce Retailer,7260,10000,1.4,Clear
SHIP-10862,2025-02-25,WH-West-Mumbai,Mumbai,Surat,Apparel,191,6578.71,1904,Rail Freight,1154.79,12,13,Delayed,1,SMB,8955,12000,1.54,Clear
SHIP-10863,2025-12-16,WH-West-Mumbai,Mumbai,Bhopal,Electronics,371,85346.54,1364,Air Cargo,2625.18,4,4,On-Time,0,E-Commerce Retailer,9439,12000,1.31,Clear
SHIP-10864,2025-04-17,WH-North-Delhi,Delhi,Coimbatore,Electronics,95,7974.01,592,Road Freight (Truck),558.44,5,6,Delayed,1,Enterprise,7584,10000,1.19,Rainy
SHIP-10865,2025-11-15,WH-West-Mumbai,Mumbai,Patna,Consumer Goods,423,55122.47,1078,Road Freight (Truck),1083.91,6,6,On-Time,0,Enterprise,10185,12000,1.4,Clear
SHIP-10866,2025-02-17,WH-East-Kolkata,Kolkata,Indore,Electronics,62,7320.57,652,Road Freight (Truck),584.51,5,6,Delayed,1,E-Commerce Retailer,4416,7500,1.43,Rainy
SHIP-10867,2025-03-02,WH-North-Delhi,Delhi,Kochi,Electronics,357,69141.35,613,Express Courier,1126.78,3,4,Delayed,1,Enterprise,7515,10000,1.3,Rainy
SHIP-10868,2025-12-03,WH-South-Bengaluru,Bengaluru,Lucknow,Consumer Goods,364,41415.31,1018,Road Freight (Truck),1052.48,6,5,Early,0,Enterprise,4029,8500,1.59,Clear
SHIP-10869,2025-01-26,WH-North-Delhi,Delhi,Chandigarh,Consumer Goods,244,57763.34,201,Road Freight (Truck),314.35,2,2,On-Time,0,SMB,6756,10000,1.19,Clear
SHIP-10870,2025-10-19,WH-North-Delhi,Delhi,Kanpur,Electronics,276,62678.35,975,Road Freight (Truck),922.95,5,5,On-Time,0,Enterprise,5759,10000,1.28,Clear
SHIP-10871,2025-09-14,WH-North-Delhi,Delhi,Kochi,Electronics,296,65107.53,998,Road Freight (Truck),961.0,5,6,Delayed,1,Individual,6290,10000,1.6,Rainy
SHIP-10872,2025-01-08,WH-Central-Nagpur,Nagpur,Patna,Electronics,442,14031.6,1665,Air Cargo,3179.01,5,4,Early,0,Enterprise,3700,6000,1.41,Clear
SHIP-10873,2025-04-23,WH-East-Kolkata,Kolkata,Coimbatore,Electronics,109,23516.82,1042,Air Cargo,1944.78,3,3,On-Time,0,E-Commerce Retailer,3588,7500,1.57,Clear
SHIP-10874,2025-12-21,WH-Central-Nagpur,Nagpur,Bhopal,Apparel,96,19073.7,131,Road Freight (Truck),227.77,3,5,Delayed,2,SMB,4015,6000,1.49,Foggy
SHIP-10875,2025-09-10,WH-West-Mumbai,Mumbai,Surat,Consumer Goods,412,16202.12,1406,Rail Freight,995.49,10,10,On-Time,0,E-Commerce Retailer,11009,12000,1.72,Rainy
SHIP-10876,2025-06-29,WH-North-Delhi,Delhi,Lucknow,Consumer Goods,405,16298.16,1800,Rail Freight,1219.89,10,12,Delayed,2,Enterprise,5904,10000,1.51,Clear
SHIP-10877,2025-07-26,WH-South-Bengaluru,Bengaluru,Jaipur,Consumer Goods,24,930.56,568,Road Freight (Truck),498.75,4,6,Delayed,2,SMB,6765,8500,1.16,Rainy
SHIP-10878,2025-10-30,WH-West-Mumbai,Mumbai,Kochi,Apparel,424,7489.18,1335,Rail Freight,958.85,9,11,Delayed,2,E-Commerce Retailer,8489,12000,1.36,Foggy
SHIP-10879,2025-05-07,WH-East-Kolkata,Kolkata,Bhopal,Automotive Parts,436,62753.07,881,Road Freight (Truck),915.6,5,6,Delayed,1,SMB,4521,7500,1.24,Rainy
SHIP-10880,2025-02-25,WH-North-Delhi,Delhi,Jaipur,Industrial Equipment,110,26812.24,1257,Express Courier,1937.43,4,4,On-Time,0,SMB,4921,10000,1.7,Clear
SHIP-10881,2025-08-02,WH-West-Mumbai,Mumbai,Lucknow,Industrial Equipment,174,20547.82,145,Road Freight (Truck),252.17,3,3,On-Time,0,SMB,6617,12000,1.21,Clear
SHIP-10882,2025-01-14,WH-North-Delhi,Delhi,Kanpur,Consumer Goods,38,5398.96,1926,Road Freight (Truck),1517.6,10,14,Delayed,4,E-Commerce Retailer,8174,10000,1.38,Foggy
SHIP-10883,2025-01-28,WH-West-Mumbai,Mumbai,Kanpur,Apparel,123,29824.17,1642,Rail Freight,961.97,11,12,Delayed,1,SMB,6973,12000,1.29,Clear
SHIP-10884,2025-03-19,WH-East-Kolkata,Kolkata,Indore,Apparel,116,8696.27,627,Road Freight (Truck),616.36,5,6,Delayed,1,Individual,3883,7500,1.66,Rainy
SHIP-10885,2025-08-04,WH-West-Mumbai,Mumbai,Lucknow, Electronics,419,90814.27,1688,Air Cargo,3235.07,5,8,Delayed,3,Enterprise,7268,12000,1.34,Stormy
SHIP-10886,2025-06-03,WH-West-Mumbai,Mumbai,Lucknow,Electronics,373,53488.86,181,Road Freight (Truck),367.93,3,6,Delayed,3,SMB,8694,12000,1.75,Stormy
SHIP-10887,2025-01-14,WH-West-Mumbai,Mumbai,Jaipur,Consumer Goods,139,20686.95,348,Road Freight (Truck),382.57,3,5,Delayed,2,E-Commerce Retailer,9367,12000,1.17,Clear
SHIP-10888,2025-07-06,WH-West-Mumbai,Mumbai,Bhopal,Automotive Parts,93,8895.06,1958,Rail Freight,1087.52,12,14,Delayed,2,E-Commerce Retailer,7584,12000,1.23,Clear
SHIP-10889,2025-11-08,WH-East-Kolkata,Kolkata,Chandigarh,Apparel,280,41152.25,726,Express Courier,1236.19,4,8,Delayed,4,E-Commerce Retailer,5130,7500,1.28,Clear
SHIP-10890,2025-01-07,WH-Central-Nagpur,Nagpur,Jaipur,Industrial Equipment,253,8143.69,1178,Road Freight (Truck),1105.43,6,6,On-Time,0,Individual,3982,6000,1.64,Foggy
SHIP-10891,2025-01-03,WH-Central-Nagpur,Nagpur,Surat,Consumer Goods,397,77292.42,1848,Road Freight (Truck),1681.48,9,9,On-Time,0,SMB,2725,6000,1.68,Clear
SHIP-10892,2025-04-21,WH-East-Kolkata,Kolkata,Kanpur,Consumer Goods,223,18264.06,1599,Rail Freight,1012.5,9,9,On-Time,0,Enterprise,4769,7500,1.19,Clear
SHIP-10893,2025-08-26,WH-West-Mumbai,Mumbai,Kanpur,Electronics,315,70430.21,1731,Air Cargo,3257.16,4,4,On-Time,0,Enterprise,8712,12000,1.17,Clear
SHIP-10894,2025-12-29,WH-South-Bengaluru,Bengaluru,Indore,Electronics,175,17752.86,1010,Road Freight (Truck),939.72,6,6,On-Time,0,E-Commerce Retailer,6101,8500,1.6,Clear
SHIP-10895,2025-08-27,WH-West-Mumbai,Mumbai,Surat,Automotive Parts,288,13986.34,1645,Road Freight (Truck),1440.01,8,8,On-Time,0,E-Commerce Retailer,9628,12000,1.23,Clear
SHIP-10896,2025-10-01,WH-West-Mumbai,Mumbai,Kanpur,Apparel,68,12140.19,880,Road Freight (Truck),754.62,6,5,Early,0,Enterprise,9180,12000,1.23,Clear
SHIP-10897,2025-10-21,WH-East-Kolkata,Kolkata,Jaipur,Consumer Goods,99,5313.91,714,Express Courier,1150.42,3,4,Delayed,1,Enterprise,4350,7500,1.16,Rainy
SHIP-10898,2025-08-15,WH-North-Delhi,Delhi,Surat,Industrial Equipment,380,73003.67,1168,Road Freight (Truck),1124.31,6,8,Delayed,2,Enterprise,5701,10000,1.18,Clear
SHIP-10899,2025-01-15,WH-Central-Nagpur,Nagpur,Jaipur,Electronics,340,82452.17,1712,Air Cargo,3205.04,4,3,Early,0,E-Commerce Retailer,4008,6000,1.31,Clear
SHIP-10900,2025-07-11,WH-West-Mumbai,Mumbai,Chandigarh,Perishables,421,83440.06,1175,Road Freight (Truck),1162.35,6,6,On-Time,0,Enterprise,9533,12000,1.19,Foggy
SHIP-10901,2025-04-29,WH-South-Bengaluru,Bengaluru,Chandigarh,Consumer Goods,203,4115.94,1974,Rail Freight,1182.48,12,16,Delayed,4,SMB,4199,8500,1.37,Foggy
SHIP-10902,2025-01-28,WH-South-Bengaluru,Bengaluru,Kanpur,Consumer Goods,132,20588.46,1155,Road Freight (Truck),1004.94,6,6,On-Time,0,SMB,7613,8500,1.65,Clear
SHIP-10903,2025-07-21,WH-Central-Nagpur,Nagpur,Kanpur,Consumer Goods,145,25871.12,1462,Rail Freight,907.42,9,9,On-Time,0,E-Commerce Retailer,4231,6000,1.35,Clear
SHIP-10904,2025-02-08,WH-South-Bengaluru,Bengaluru,Bhopal,Electronics,422,88190.7,1988,Road Freight (Truck),1789.09,10,11,Delayed,1,E-Commerce Retailer,5049,8500,1.59,Rainy
SHIP-10905,2025-09-30,WH-South-Bengaluru,Bengaluru,Chandigarh,Electronics,148,4167.76,1747,Air Cargo,3189.32,5,5,On-Time,0,SMB,6595,8500,1.21,Clear
SHIP-10906,2025-08-19,WH-North-Delhi,Delhi,Kochi,Apparel,238,30422.43,120,Road Freight (Truck),270.19,3,3,On-Time,0,Enterprise,4710,10000,1.55,
SHIP-10907,2025-03-27,WH-South-Bengaluru,Bengaluru,Kochi,Automotive Parts,283,39849.84,1578,Express Courier,2452.94,5,5,On-Time,0,SMB,5760,8500,1.34,Clear
SHIP-10908,2025-05-06,WH-North-Delhi,Delhi,Indore,Industrial Equipment,448,24525.47,1981,Rail Freight,1294.49,12,12,On-Time,0,E-Commerce Retailer,6784,10000,1.6,Clear
SHIP-10909,2025-10-27,WH-East-Kolkata,Kolkata,Chandigarh,Electronics,59,5355.77,1279,Rail Freight,709.79,9,9,On-Time,0,Individual,3945,7500,1.23,Rainy
SHIP-10910,2025-01-25,WH-South-Bengaluru,Bengaluru,Jaipur,Apparel,407,48210.01,1339,Road Freight (Truck),1264.73,8,8,On-Time,0,Enterprise,7170,8500,1.69,Stormy
SHIP-10911,2025-05-25,WH-South-Bengaluru,Bengaluru,Jaipur,Electronics,127,26772.14,252,Express Courier,482.96,2,4,Delayed,2,Enterprise,7008,8500,1.3,Foggy
SHIP-10912,2025-01-13,WH-North-Delhi,Delhi,Patna,Electronics,211,49249.67,205,Road Freight (Truck),275.85,2,2,On-Time,0,Enterprise,5217,10000,1.36,Clear
SHIP-10913,2025-07-31,WH-North-Delhi,Delhi,Surat,Apparel,402,65397.1,1619,Rail Freight,1082.4,11,11,On-Time,0,SMB,6209,10000,1.72,Clear
SHIP-10914,2025-01-25,WH-East-Kolkata,Kolkata,Coimbatore,Apparel,404,43556.1,1950,Road Freight (Truck),1745.41,9,10,Delayed,1,E-Commerce Retailer,3729,7500,1.5,Rainy
SHIP-10915,2025-03-09,WH-North-Delhi,Delhi,Kochi,Electronics,200,14939.46,1934,Air Cargo,3540.61,5,5,On-Time,0,Enterprise,8488,10000,1.37,Clear
SHIP-10916,2025-03-08,WH-North-Delhi,Delhi,Kanpur,Electronics,373,91684.06,1467,Air Cargo,2827.61,4,4,On-Time,0,SMB,6019,10000,1.72,Clear
SHIP-10917,2025-08-21,WH-North-Delhi,Delhi,Indore,Perishables,332,81675.22,1323,Road Freight (Truck),1197.33,7,8,Delayed,1,Enterprise,6564,10000,1.35,Rainy
SHIP-10918,2025-04-19,WH-Central-Nagpur,Nagpur,Coimbatore,Electronics,190,44150.22,635,Road Freight (Truck),636.59,4,7,Delayed,3,Enterprise,3613,6000,1.21,Stormy
SHIP-10919,2025-05-26,WH-East-Kolkata,Kolkata,Lucknow,Consumer Goods,432,86241.13,1781,Rail Freight,1196.88,11,11,On-Time,0,SMB,4467,7500,1.75,Clear
SHIP-10920,2025-04-21,WH-West-Mumbai,Mumbai,Indore,Apparel,87,7965.56,294,Road Freight (Truck),314.67,4,6,Delayed,2,Enterprise,9614,12000,1.31,Foggy
SHIP-10921,2025-08-16,WH-West-Mumbai,Mumbai,Lucknow,Electronics,449,92940.81,882,Road Freight (Truck),910.8,6,10,Delayed,4,SMB,9616,12000,1.66,Clear
SHIP-10922,2025-04-21,WH-West-Mumbai,Mumbai,Chandigarh,Electronics,421,46758.94,1164,Express Courier,1915.95,5,5,On-Time,0,E-Commerce Retailer,8320,12000,1.25,Clear
SHIP-10923,2025-02-03,WH-East-Kolkata,Kolkata,Lucknow,Consumer Goods,84,7710.5,1116,Express Courier,1730.46,4,4,On-Time,0,SMB,5693,7500,1.59,Clear
SHIP-10924,2025-04-21,WH-South-Bengaluru,Bengaluru,Lucknow,Industrial Equipment,304,57773.18,2095,Rail Freight,1320.55,13,15,Delayed,2,Enterprise,5869,8500,1.46,Rainy
SHIP-10925,2025-09-21,WH-North-Delhi,Delhi,Bhopal,Apparel,290,9778.42,1248,Road Freight (Truck),1156.59,7,9,Delayed,2,Individual,4634,10000,1.74,Foggy
SHIP-10926,2025-08-24,WH-North-Delhi,Delhi,Bhopal,Apparel,30,792.37,697,Road Freight (Truck),613.52,4,4,On-Time,0,SMB,4810,10000,1.48,Rainy
SHIP-10927,2025-03-24,WH-North-Delhi,Delhi,Bhopal,Perishables,403,48468.45,1586,Rail Freight,1056.86,9,9,On-Time,0,E-Commerce Retailer,6303,10000,1.17,Clear
SHIP-10928,2025-02-11,WH-South-Bengaluru,Bengaluru,Chandigarh,Industrial Equipment,180,21550.52,1918,Road Freight (Truck),1629.97,9,8,Early,0,Enterprise,6820,8500,1.51,Clear
SHIP-10929,2025-04-11,WH-East-Kolkata,Kolkata,Coimbatore,Consumer Goods,24,5411.43,168,Road Freight (Truck),198.27,2,2,On-Time,0,Enterprise,6594,7500,1.24,Rainy
SHIP-10930,2025-01-06,WH-West-Mumbai,Mumbai,Indore,Consumer Goods,220,9822.12,647,Road Freight (Truck),681.18,5,5,On-Time,0,Enterprise,5567,12000,1.63,Clear
SHIP-10931,2025-06-29,WH-North-Delhi,Delhi,Indore,Apparel,57,2506.39,264,Road Freight (Truck),308.11,3,2,Early,0,Enterprise,6229,10000,,Clear
SHIP-10932,2025-10-09,WH-North-Delhi,Delhi,Kanpur,Apparel,95,4716.88,1483,Road Freight (Truck),1242.07,7,9,Delayed,2,SMB,5551,10000,1.44,Severe Heat
SHIP-10933,2025-11-16,WH-Central-Nagpur,Nagpur,Bhopal,Apparel,158,3474.11,881,Road Freight (Truck),802.06,5,6,Delayed,1,Individual,4998,6000,1.62,Rainy
SHIP-10934,2025-08-14,WH-West-Mumbai,Mumbai,Chandigarh,Apparel,197,6275.82,1998,Express Courier,3055.91,6,6,On-Time,0,SMB,10171,12000,1.24,Clear
SHIP-10935,2025-11-11,WH-East-Kolkata,Kolkata,Kanpur,Electronics,381,64796.45,1497,Road Freight (Truck),1401.91,7,7,On-Time,0,Enterprise,4102,7500,1.45,Clear
SHIP-10936,2025-08-17,WH-South-Bengaluru,Bengaluru,Surat,Consumer Goods,315,36673.03,1218,Road Freight (Truck),1170.19,6,6,On-Time,0,SMB,6664,8500,1.39,Clear
SHIP-10937,2025-10-16,WH-West-Mumbai,Mumbai,Kanpur,Consumer Goods,160,31111.48,1945,Road Freight (Truck),1606.91,10,10,On-Time,0,Enterprise,9527,12000,1.52,Rainy
SHIP-10938,2025-05-30,WH-North-Delhi,Delhi,Coimbatore,Electronics,150,37239.07,1048,Road Freight (Truck),929.24,7,9,Delayed,2,SMB,5332,10000,1.18,Foggy
SHIP-10939,2025-10-04,WH-North-Delhi,Delhi,Kochi,Electronics,78,13250.11,913,Road Freight (Truck),793.08,6,6,On-Time,0,SMB,6538,10000,1.6,Rainy
SHIP-10940,2025-07-17,WH-South-Bengaluru,Bengaluru,Lucknow,Apparel,269,7224.55,1721,Road Freight (Truck),1497.66,8,8,On-Time,0,E-Commerce Retailer,6303,8500,1.2,Clear
SHIP-10941,2025-03-11,WH-East-Kolkata,Kolkata,Bhopal,Apparel,343,13573.29,1780,Rail Freight,1158.23,10,10,On-Time,0,Individual,3466,7500,1.54,Clear
SHIP-10942,2025-04-22,WH-South-Bengaluru,Bengaluru,Kochi,Consumer Goods,18,3996.65,438,Road Freight (Truck),395.37,4,5,Delayed,1,Enterprise,5441,8500,1.16,Severe Heat
SHIP-10943,2025-01-04,WH-South-Bengaluru,Bengaluru,Kanpur,Consumer Goods,130,18065.0,1230,Rail Freight,772.42,9,9,On-Time,0,SMB,4444,8500,1.65,Severe Heat
SHIP-10944,2025-12-16,WH-North-Delhi,Delhi,Chandigarh,Consumer Goods,380,79357.96,1696,Express Courier,2708.35,6,5,Early,0,Individual,7046,10000,1.25,Clear
SHIP-10945,2025-11-27,WH-Central-Nagpur,Nagpur,Lucknow,Electronics,428,92578.07,817,Road Freight (Truck),882.59,6,6,On-Time,0,E-Commerce Retailer,5077,6000,1.46,Clear
SHIP-10946,2025-11-14,WH-East-Kolkata,Kolkata,Indore,Apparel,110,25630.39,2009,Road Freight (Truck),1609.15,10,10,On-Time,0,SMB,5224,7500,1.31,Clear
SHIP-10947,2025-12-16,WH-West-Mumbai,Mumbai,Jaipur,Industrial Equipment,158,37637.16,2035,Express Courier,3068.76,7,10,Delayed,3,Individual,5602,12000,1.58,Stormy
SHIP-10948,2025-04-05,WH-Central-Nagpur,Nagpur,Lucknow,Industrial Equipment,155,22534.53,966,Road Freight (Truck),854.38,5,6,Delayed,1,Enterprise,2783,6000,1.34,Rainy
SHIP-10949,2025-06-01,WH-South-Bengaluru,Bengaluru,Coimbatore,Apparel,362,34440.59,1921,Rail Freight,1223.32,11,12,Delayed,1,Individual,6243,8500,1.58,Rainy
SHIP-10950,2025-11-07,WH-South-Bengaluru,Bengaluru,Coimbatore,Apparel,252,60741.64,902,Road Freight (Truck),875.76,5,5,On-Time,0,Enterprise,5135,8500,1.32,Clear
SHIP-10951,2025-05-17,WH-East-Kolkata,Kolkata,Kanpur,Electronics,250,35910.13,161,Road Freight (Truck),324.22,3,3,On-Time,0,SMB,5393,7500,1.6,Clear
SHIP-10952,2025-09-04,WH-East-Kolkata,Kolkata,Surat ,Consumer Goods,346,10414.39,1236,Road Freight (Truck),1143.36,7,7,On-Time,0,E-Commerce Retailer,3951,7500,1.17,Clear
SHIP-10953,2025-08-31,WH-South-Bengaluru,Bengaluru,Coimbatore, Electronics,52,8634.73,1840,Air Cargo,3319.74,6,9,Delayed,3,Enterprise,6928,8500,1.32,Stormy
SHIP-10954,2025-01-31,WH-North-Delhi,Delhi,Coimbatore,Perishables,104,15923.02,1870,Road Freight (Truck),1528.28,9,8,Early,0,SMB,8545,10000,1.45,Clear
SHIP-10955,2025-02-09,WH-West-Mumbai,Mumbai,Chandigarh,Electronics,235,52995.16,1650,Air Cargo,3093.82,4,6,Delayed,2,Enterprise,10415,12000,1.18,Foggy
SHIP-10956,2025-08-17,WH-Central-Nagpur,Nagpur,Kanpur ,Electronics,15,2527.48,648,Road Freight (Truck),577.14,5,4,Early,0,Individual,3557,6000,1.26,Clear
SHIP-10957,2025-02-05,WH-North-Delhi,Delhi,Lucknow,Automotive Parts,223,21637.09,2099,Rail Freight,1281.83,12,15,Delayed,3,E-Commerce Retailer,7605,10000,1.71,Stormy
SHIP-10958,2025-08-11,WH-West-Mumbai,Mumbai,Surat,Perishables,215,52043.55,1408,Rail Freight,894.33,10,12,Delayed,2,E-Commerce Retailer,6973,12000,1.74,Foggy
SHIP-10959,2025-01-06,WH-West-Mumbai,Mumbai,Kochi,Industrial Equipment,76,15456.92,1769,Road Freight (Truck),1428.65,9,9,On-Time,0,SMB,9701,12000,1.59,Clear
SHIP-10960,2025-11-18,WH-West-Mumbai,Mumbai,Jaipur,Electronics,405,66075.0,411,Road Freight (Truck),578.57,3,6,Delayed,3,E-Commerce Retailer,6079,12000,1.3,Stormy
SHIP-10961,2025-08-08,WH-South-Bengaluru,Bengaluru,Bhopal,Electronics,109,9138.28,1088,Road Freight (Truck),970.56,6,5,Early,0,SMB,6872,8500,1.31,Clear
SHIP-10962,2025-03-16,WH-Central-Nagpur,Nagpur,Indore,Consumer Goods,21,2158.42,1607,Express Courier,2371.08,5,5,On-Time,0,SMB,3940,6000,1.54,Clear
SHIP-10963,2025-01-04,WH-North-Delhi,Delhi,Coimbatore,Electronics,246,42420.96,1947,Rail Freight,1219.46,11,11,On-Time,0,E-Commerce Retailer,8521,10000,1.22,Clear
SHIP-10964,2025-12-01,WH-North-Delhi,Delhi,Kanpur ,Electronics,331,10564.03,1703,Air Cargo,3224.84,4,5,Delayed,1,SMB,7972,10000,1.72,Stormy
SHIP-10965,2025-05-14,WH-North-Delhi,Delhi,Bhopal,Consumer Goods,267,20110.42,1962,Road Freight (Truck),1678.59,9,12,Delayed,3,Enterprise,6269,10000,1.28,Stormy
SHIP-10966,2025-04-28,WH-Central-Nagpur,Nagpur,Indore,Perishables,408,74568.82,216,Road Freight (Truck),409.24,3,3,On-Time,0,Enterprise,5247,6000,1.75,Clear
SHIP-10967,2025-04-04,WH-South-Bengaluru,Bengaluru,Indore ,Consumer Goods,416,53166.61,2030,Rail Freight,1286.93,12,13,Delayed,1,Enterprise,4956,8500,1.45,Rainy
SHIP-10968,2025-03-03,WH-West-Mumbai,Mumbai,Kochi,Apparel,422,46235.37,1238,Road Freight (Truck),1173.17,6,8,Delayed,2,E-Commerce Retailer,10853,12000,1.61,Rainy
SHIP-10969,2025-07-13,WH-East-Kolkata,Kolkata,Kochi,Apparel,346,17505.02,1469,Road Freight (Truck),1347.85,8,10,Delayed,2,SMB,6079,7500,1.15,Foggy
SHIP-10970,2025-12-01,WH-Central-Nagpur,Nagpur,Kochi,Consumer Goods,144,17112.17,193,Road Freight (Truck),289.04,3,3,On-Time,0,E-Commerce Retailer,5493,6000,1.68,Clear
SHIP-10971,2025-07-22,WH-East-Kolkata,Kolkata,Patna,Apparel,231,45302.01,1479,Rail Freight,945.79,10,11,Delayed,1,SMB,3565,7500,1.31,Clear
SHIP-10972,2025-01-26,WH-Central-Nagpur,Nagpur,Patna,Electronics,165,12712.1,1211,Rail Freight,795.22,9,10,Delayed,1,Enterprise,3472,6000,1.55,Rainy
SHIP-10973,2025-06-22,WH-West-Mumbai,Mumbai,Indore,Electronics,151,2456.57,877,Road Freight (Truck),810.08,5,6,Delayed,1,Enterprise,9580,12000,1.63,Clear
SHIP-10974,2025-10-27,WH-East-Kolkata,Kolkata,Kochi,Industrial Equipment,437,75207.11,2061,Rail Freight,1357.46,12,12,On-Time,0,E-Commerce Retailer,6625,7500,1.25,Clear
SHIP-10975,2025-05-13,WH-West-Mumbai,Mumbai,Chandigarh,Electronics,167,40675.73,1220,Air Cargo,2279.67,5,5,On-Time,0,SMB,5562,12000,1.42,Rainy
SHIP-10976,2025-11-22,WH-East-Kolkata,Kolkata,Coimbatore,Perishables,425,66981.8,327,Road Freight (Truck),504.26,3,3,On-Time,0,Individual,3375,7500,1.45,
SHIP-10977,2025-04-28,WH-East-Kolkata,Kolkata,Bhopal,Electronics,335,14465.85,2027,Air Cargo,3771.63,6,6,On-Time,0,E-Commerce Retailer,4278,7500,1.34,Severe Heat
SHIP-10978,2025-11-20,WH-East-Kolkata,Kolkata,Bhopal ,Apparel,380,34341.47,1909,Road Freight (Truck),1704.77,9,9,On-Time,0,SMB,6381,7500,1.44,Clear
SHIP-10979,2025-10-02,WH-South-Bengaluru,Bengaluru,Patna,Consumer Goods,353,77270.21,1364,Rail Freight,951.73,8,10,Delayed,2,SMB,6889,8500,1.34,Severe Heat
SHIP-10980,2025-07-31,WH-North-Delhi,Delhi,Indore,Electronics,271,18876.1,1405,Rail Freight,913.71,9,9,On-Time,0,Individual,6099,10000,1.37,Clear
SHIP-10981,2025-08-13,WH-South-Bengaluru,Bengaluru,Kanpur,Electronics,292,46080.09,529,Road Freight (Truck),586.79,4,4,On-Time,0,E-Commerce Retailer,3833,8500,1.55,Clear
SHIP-10982,2025-01-20,WH-Central-Nagpur,Nagpur,Lucknow,Apparel,347,38040.82,450,Road Freight (Truck),590.16,3,2,Early,0,Enterprise,4264,6000,1.53,Clear
SHIP-10983,2025-04-23,WH-Central-Nagpur,Nagpur,Lucknow,Industrial Equipment,353,22536.68,463,Road Freight (Truck),562.67,4,6,Delayed,2,SMB,3371,6000,1.29,Foggy
SHIP-10984,2025-05-20,WH-North-Delhi,Delhi,Patna,Automotive Parts,238,49063.85,1108,Road Freight (Truck),1022.29,6,9,Delayed,3,E-Commerce Retailer,8004,10000,1.69,Foggy
SHIP-10985,2025-02-16,WH-North-Delhi,Delhi,Kanpur,Consumer Goods,385,72982.66,890,Road Freight (Truck),912.0,5,5,On-Time,0,E-Commerce Retailer,6597,10000,1.67,Clear
SHIP-10986,2025-01-01,WH-North-Delhi,Delhi,Patna,Industrial Equipment,289,49266.96,1963,Rail Freight,1226.22,11,11,On-Time,0,Enterprise,7689,10000,1.46,Clear
SHIP-10987,2025-03-31,WH-East-Kolkata,Kolkata,Lucknow,Apparel,367,25887.85,193,Road Freight (Truck),369.63,2,3,Delayed,1,E-Commerce Retailer,6379,7500,1.41,Rainy
SHIP-10988,2025-05-22,WH-East-Kolkata,Kolkata,Kanpur,Industrial Equipment,299,11360.92,1780,Road Freight (Truck),1566.17,9,9,On-Time,0,Individual,5263,7500,1.38,Clear
SHIP-10989,2025-11-16,WH-North-Delhi,Delhi,Kochi,Consumer Goods,177,26620.35,1843,Road Freight (Truck),1546.88,10,12,Delayed,2,Enterprise,6078,10000,1.57,Foggy
SHIP-10990,2025-02-07,WH-South-Bengaluru,Bengaluru,Indore,Apparel,56,8126.4,373,Road Freight (Truck),391.0,3,4,Delayed,1,E-Commerce Retailer,6899,8500,1.55,Clear
SHIP-10991,2025-10-20,WH-East-Kolkata,Kolkata,Bhopal,Industrial Equipment,212,12565.34,1078,Road Freight (Truck),965.26,7,8,Delayed,1,Enterprise,4309,7500,1.27,
SHIP-10992,2025-05-19,WH-East-Kolkata,Kolkata,Chandigarh,Consumer Goods,223,6292.61,1976,Road Freight (Truck),1694.75,9,10,Delayed,1,Enterprise,6517,7500,1.55,Rainy
SHIP-10993,2025-12-22,WH-South-Bengaluru,Bengaluru,Surat,Industrial Equipment,255,8661.45,939,Road Freight (Truck),886.39,5,6,Delayed,1,Enterprise,4110,8500,1.3,Severe Heat
SHIP-10994,2025-11-29,WH-South-Bengaluru,Bengaluru,Indore,Apparel,33,8193.94,1890,Road Freight (Truck),1513.2,10,11,Delayed,1,Enterprise,7162,8500,1.16,Rainy
SHIP-10995,2025-09-16,WH-South-Bengaluru,Bengaluru,Kochi,Electronics,330,65716.93,1105,Air Cargo,2150.43,3,3,On-Time,0,E-Commerce Retailer,4190,8500,1.57,Clear
SHIP-10996,2025-06-10,WH-West-Mumbai,Mumbai,Lucknow,Electronics,283,65561.78,1905,Air Cargo,3553.81,5,5,On-Time,0,Enterprise,5716,12000,1.54,Clear
SHIP-10997,2025-06-27,WH-South-Bengaluru,Bengaluru,Kochi,Consumer Goods,53,3224.41,451,Road Freight (Truck),418.35,4,9,Delayed,5,Enterprise,5276,8500,1.4,Rainy
SHIP-10998,2025-01-10,WH-South-Bengaluru,Bengaluru,Patna,Apparel,341,82090.16,1541,Road Freight (Truck),1395.4,8,7,Early,0,Enterprise,7646,8500,1.47,Clear
SHIP-10999,2025-09-18,WH-Central-Nagpur,Nagpur,Kanpur,Automotive Parts,322,15624.65,1488,Express Courier,2353.4,6,6,On-Time,0,Enterprise,5473,6000,1.72,Stormy
SHIP-11000,2025-05-18,WH-South-Bengaluru,Bengaluru,Bhopal,Electronics,372,50083.93,1727,Air Cargo,3277.44,5,6,Delayed,1,Enterprise,4632,8500,1.51,Rainy
SHIP-11001,2025-06-21,WH-East-Kolkata,Kolkata,Coimbatore,Industrial Equipment,165,34646.45,866,Road Freight (Truck),813.3,6,7,Delayed,1,E-Commerce Retailer,3898,7500,1.54,Clear
SHIP-11002,2025-01-13,WH-North-Delhi,Delhi,Patna,Automotive Parts,389,37812.27,955,Road Freight (Truck),941.91,5,5,On-Time,0,Enterprise,6158,10000,1.19,Clear
SHIP-11003,2025-06-17,WH-West-Mumbai,Mumbai,Indore,Electronics,208,23885.62,1811,Road Freight (Truck),1533.06,9,9,On-Time,0,E-Commerce Retailer,7301,12000,1.25,Clear
SHIP-11004,2025-05-10,WH-North-Delhi,Delhi,Patna,Automotive Parts,416,18771.38,574,Road Freight (Truck),696.11,5,6,Delayed,1,E-Commerce Retailer,8070,10000,1.33,Clear
SHIP-11005,2025-03-25,WH-North-Delhi,Delhi,Indore,Perishables,171,7504.62,2049,Rail Freight,1219.94,12,12,On-Time,0,Enterprise,6586,10000,1.47,Clear
SHIP-11006,2025-11-17,WH-East-Kolkata,Kolkata,Coimbatore,Industrial Equipment,404,64881.81,1258,Rail Freight,941.44,9,10,Delayed,1,E-Commerce Retailer,6124,7500,1.62,Rainy
SHIP-11007,2025-11-15,WH-Central-Nagpur,Nagpur,Jaipur,Industrial Equipment,243,42221.28,432,Road Freight (Truck),493.4,3,3,On-Time,0,Enterprise,4811,6000,1.34,Clear
SHIP-11008,2025-04-11,WH-North-Delhi,Delhi,Bhopal,Perishables,172,33999.78,1137,Express Courier,1782.24,5,5,On-Time,0,Enterprise,7218,10000,1.36,Clear
SHIP-11009,2025-11-25,WH-West-Mumbai,Mumbai,Chandigarh,Apparel,125,18227.54,347,Road Freight (Truck),411.69,3,3,On-Time,0,Enterprise,10101,12000,1.3,Clear
SHIP-11010,2025-09-30,WH-East-Kolkata,Kolkata,Chandigarh,Consumer Goods,102,17008.85,953,Road Freight (Truck),815.08,6,6,On-Time,0,Enterprise,4064,7500,1.3,Clear
SHIP-11011,2025-09-22,WH-North-Delhi,Delhi,Surat,Automotive Parts,51,927.0,977,Road Freight (Truck),811.21,5,5,On-Time,0,SMB,5260,10000,1.72,Clear
SHIP-11012,2025-02-07,WH-South-Bengaluru,Bengaluru,Kochi,Apparel,293,15561.27,1388,Rail Freight,935.19,9,9,On-Time,0,E-Commerce Retailer,6823,8500,1.53,Rainy
SHIP-11013,2025-04-04,WH-East-Kolkata,Kolkata,Jaipur,Apparel,388,95624.53,937,Road Freight (Truck),965.77,5,5,On-Time,0,Enterprise,4237,7500,1.24,Clear
SHIP-11014,2025-04-05,WH-South-Bengaluru,Bengaluru,Chandigarh,Consumer Goods,219,7196.01,1669,Rail Freight,1010.08,11,12,Delayed,1,E-Commerce Retailer,3836,8500,1.58,Rainy
SHIP-11015,2025-11-01,WH-North-Delhi,Delhi,Patna,Industrial Equipment,215,37520.77,1137,Road Freight (Truck),1031.37,6,9,Delayed,3,Enterprise,8786,10000,1.58,Rainy
SHIP-11016,2025-03-10,WH-West-Mumbai,Mumbai,Kochi,Electronics,229,12910.89,647,Road Freight (Truck),653.75,4,3,Early,0,E-Commerce Retailer,8913,12000,1.55,Severe Heat
SHIP-11017,2025-11-14,WH-East-Kolkata,Kolkata,Jaipur,Perishables,289,53010.94,1069,Express Courier,1737.11,5,5,On-Time,0,Enterprise,4943,7500,1.23,Clear
SHIP-11018,2025-08-24,WH-South-Bengaluru,Bengaluru,Kanpur,Consumer Goods,145,26231.62,546,Road Freight (Truck),548.35,4,4,On-Time,0,Enterprise,6724,8500,1.39,Clear
SHIP-11019,2025-11-30,WH-North-Delhi,Delhi,Kanpur,Electronics,115,8054.23,161,Road Freight (Truck),256.09,2,2,On-Time,0,Enterprise,6066,10000,1.21,Clear
SHIP-11020,2025-05-17,WH-East-Kolkata,Kolkata,Kochi,Consumer Goods,127,9952.24,584,Road Freight (Truck),558.22,4,4,On-Time,0,Enterprise,6736,7500,1.64,Clear
SHIP-11021,2025-03-17,WH-North-Delhi,Delhi,Indore,Electronics,246,41542.29,1765,Road Freight (Truck),1531.79,9,13,Delayed,4,SMB,4822,10000,1.54,Stormy
SHIP-11022,2025-02-04,WH-East-Kolkata,Kolkata,Indore,Apparel,318,33921.13,397,Road Freight (Truck),524.89,4,5,Delayed,1,E-Commerce Retailer,5634,7500,1.45,Rainy
SHIP-11023,2025-01-01,WH-North-Delhi,Delhi,Patna,Automotive Parts,397,24105.35,955,Express Courier,1622.21,4,5,Delayed,1,Enterprise,8153,10000,1.36,Rainy
SHIP-11024,2025-10-23,WH-Central-Nagpur,Nagpur,Jaipur,Automotive Parts,109,20376.97,138,Express Courier,281.77,2,2,On-Time,0,E-Commerce Retailer,4022,6000,1.26,Clear
SHIP-11025,2025-11-16,WH-West-Mumbai,Mumbai,Jaipur,Electronics,270,13830.66,185,Road Freight (Truck),330.68,3,4,Delayed,1,E-Commerce Retailer,9658,12000,1.21,Rainy
SHIP-11026,2025-03-01,WH-West-Mumbai,Mumbai,Kochi,Electronics,314,67847.95,286,Road Freight (Truck),428.25,3,3,On-Time,0,E-Commerce Retailer,10627,12000,1.73,Clear
SHIP-11027,2025-11-16,WH-North-Delhi,Delhi,Lucknow,Industrial Equipment,363,49348.88,1728,Express Courier,2689.97,6,7,Delayed,1,Enterprise,7996,10000,1.27,Rainy
SHIP-11028,2025-12-15,WH-West-Mumbai,Mumbai,Kanpur,Perishables,295,11752.69,1139,Road Freight (Truck),1065.58,6,7,Delayed,1,SMB,7144,12000,1.19,Rainy
SHIP-11029,2025-11-24,WH-Central-Nagpur,Nagpur,Jaipur,Consumer Goods,337,60022.06,522,Road Freight (Truck),640.43,5,4,Early,0,Individual,4284,6000,1.73,Clear
SHIP-11030,2025-09-24,WH-Central-Nagpur,Nagpur,Kochi,Consumer Goods,112,15344.37,2055,Rail Freight,1181.57,12,11,Early,0,E-Commerce Retailer,5270,6000,1.48,Clear
SHIP-11031,2025-12-27,WH-West-Mumbai,Mumbai,Coimbatore,Consumer Goods,72,6123.13,1965,Rail Freight,1143.76,12,14,Delayed,2,SMB,7932,12000,1.63,Foggy
SHIP-11032,2025-08-17,WH-West-Mumbai,Mumbai,Surat,Automotive Parts,184,21030.6,528,Road Freight (Truck),558.04,5,5,On-Time,0,Enterprise,9244,12000,1.18,Clear
SHIP-11033,2025-09-27,WH-East-Kolkata,Kolkata,Coimbatore,Apparel,291,24766.83,231,Road Freight (Truck),378.4,3,7,Delayed,4,Enterprise,5015,7500,1.49,Clear
SHIP-11034,2025-11-12,WH-Central-Nagpur,Nagpur,Bhopal, Consumer Goods,302,23196.94,1417,Road Freight (Truck),1290.42,7,7,On-Time,0,SMB,3042,6000,1.39,Clear
SHIP-11035,2025-10-13,WH-South-Bengaluru,Bengaluru,Patna,Consumer Goods,235,12560.28,1550,Rail Freight,1002.75,10,10,On-Time,0,E-Commerce Retailer,4059,8500,1.61,Clear
SHIP-11036,2025-10-18,WH-West-Mumbai,Mumbai,Jaipur,Automotive Parts,16,1604.0,1516,Rail Freight,864.35,9,11,Delayed,2,Enterprise,10770,12000,1.17,Rainy
SHIP-11037,2025-08-01,WH-West-Mumbai,Mumbai,Bhopal,Electronics,136,10061.55,716,Road Freight (Truck),639.71,5,6,Delayed,1,SMB,8854,12000,1.39,Rainy
SHIP-11038,2025-06-14,WH-South-Bengaluru,Bengaluru,Chandigarh,Consumer Goods,433,76037.88,770,Road Freight (Truck),819.29,6,8,Delayed,2,SMB,4239,8500,1.63,Foggy
SHIP-11039,2025-01-05,WH-North-Delhi,Delhi,Bhopal,Apparel,101,17746.81,1182,Road Freight (Truck),1030.86,7,7,On-Time,0,SMB,8529,10000,1.46,Clear
SHIP-11040,2025-12-05,WH-South-Bengaluru,Bengaluru,Kochi,Electronics,432,57426.82,224,Road Freight (Truck),426.11,2,4,Delayed,2,E-Commerce Retailer,5913,8500,1.48,Rainy
SHIP-11041,2025-03-19,WH-West-Mumbai,Mumbai,Jaipur,Electronics,199,39365.58,443,Road Freight (Truck),481.14,3,5,Delayed,2,E-Commerce Retailer,9753,12000,1.21,Foggy
SHIP-11042,2025-03-03,WH-East-Kolkata,Kolkata,Surat,Industrial Equipment,368,78279.06,1936,Rail Freight,1263.72,12,13,Delayed,1,Enterprise,3821,7500,1.23,Clear
SHIP-11043,2025-05-12,WH-North-Delhi,Delhi,Kochi,Automotive Parts,62,9377.2,1111,Road Freight (Truck),935.85,7,7,On-Time,0,E-Commerce Retailer,8762,10000,1.56,Clear
SHIP-11044,2025-03-30,WH-South-Bengaluru,Bengaluru,Kochi,Automotive Parts,251,40272.89,1557,Road Freight (Truck),1368.79,9,13,Delayed,4,Enterprise,6184,8500,1.56,Stormy
SHIP-11045,2025-08-25,WH-West-Mumbai,Mumbai,Patna,Automotive Parts,141,11488.42,548,Road Freight (Truck),561.02,5,5,On-Time,0,Enterprise,9563,12000,1.74,Clear
SHIP-11046,2025-02-11,WH-South-Bengaluru,Bengaluru,Patna,Apparel,373,84034.76,754,Road Freight (Truck),813.0,6,6,On-Time,0,Enterprise,3950,8500,1.58,Clear
SHIP-11047,2025-03-30,WH-North-Delhi,Delhi,Kanpur,Industrial Equipment,121,2503.3,849,Express Courier,1367.92,4,4,On-Time,0,Enterprise,5981,10000,1.45,Clear
SHIP-11048,2025-10-23,WH-South-Bengaluru,Bengaluru,Kanpur,Consumer Goods,418,40513.22,1008,Road Freight (Truck),1026.66,7,7,On-Time,0,Enterprise,4893,8500,1.66,Clear
SHIP-11049,2025-11-24,WH-South-Bengaluru,Bengaluru,Indore,Apparel,16,2953.97,1204,Rail Freight,706.42,9,9,On-Time,0,Enterprise,7618,8500,1.21,Clear
SHIP-11050,2025-10-22,WH-South-Bengaluru,Bengaluru,Lucknow,Perishables,239,8083.23,1755,Road Freight (Truck),1512.1,9,11,Delayed,2,E-Commerce Retailer,4565,8500,1.42,Clear
SHIP-11051,2025-04-14,WH-South-Bengaluru,Bengaluru,Jaipur,Electronics,165,9577.4,1450,Air Cargo,2706.95,5,5,On-Time,0,Enterprise,6649,8500,1.32,Rainy
SHIP-11052,2025-01-14,WH-South-Bengaluru,Bengaluru,Jaipur,Consumer Goods,206,31617.32,1497,Road Freight (Truck),1272.19,7,7,On-Time,0,E-Commerce Retailer,3995,8500,1.21,Clear
SHIP-11053,2025-10-15,WH-East-Kolkata,Kolkata,Bhopal,Consumer Goods,332,48670.71,512,Road Freight (Truck),581.07,5,8,Delayed,3,Enterprise,4071,7500,1.61,Foggy
SHIP-11054,2025-06-28,WH-West-Mumbai,Mumbai,Jaipur,Electronics,373,70365.76,323,Road Freight (Truck),484.88,3,3,On-Time,0,Individual,7309,12000,1.46,Clear
SHIP-11055,2025-05-05,WH-East-Kolkata,Kolkata,Jaipur,Electronics,232,47783.64,377,Road Freight (Truck),450.01,3,6,Delayed,3,E-Commerce Retailer,6175,7500,1.48,Severe Heat
SHIP-11056,2025-12-19,WH-West-Mumbai,Mumbai,Lucknow,Automotive Parts,376,17001.29,605,Express Courier,1131.37,4,5,Delayed,1,Enterprise,9855,12000,1.4,Severe Heat
SHIP-11057,2025-01-23,WH-North-Delhi,Delhi,Chandigarh,Perishables,259,5003.76,1660,Rail Freight,1048.55,10,10,On-Time,0,E-Commerce Retailer,8977,10000,1.43,Foggy
SHIP-11058,2025-03-04,WH-North-Delhi,Delhi,Kanpur,Consumer Goods,413,73127.87,565,Road Freight (Truck),681.25,4,4,On-Time,0,SMB,8808,10000,1.22,Stormy
SHIP-11059,2025-05-23,WH-West-Mumbai,Mumbai,Kanpur,Electronics,92,7896.09,1852,Rail Freight,1074.08,12,12,On-Time,0,E-Commerce Retailer,5859,12000,1.55,Rainy
SHIP-11060,2025-06-02,WH-East-Kolkata,Kolkata,Surat,Electronics,249,40364.45,1323,Air Cargo,2500.11,5,8,Delayed,3,SMB,6300,7500,1.41,Stormy
SHIP-11061,2025-05-25,WH-East-Kolkata,Kolkata,Jaipur,Automotive Parts,389,19597.03,1143,Road Freight (Truck),1121.99,7,7,On-Time,0,SMB,4965,7500,1.64,Clear
SHIP-11062,2025-08-13,WH-East-Kolkata,Kolkata,Lucknow,Consumer Goods,404,50590.66,461,Road Freight (Truck),611.83,3,3,On-Time,0,E-Commerce Retailer,6427,7500,1.27,Clear
SHIP-11063,2025-11-05,WH-South-Bengaluru,Bengaluru,Kanpur,Consumer Goods,369,49276.19,252,Express Courier,588.69,3,5,Delayed,2,SMB,4181,8500,1.27,Foggy
SHIP-11064,2025-04-14,WH-West-Mumbai,Mumbai,Lucknow,Consumer Goods,332,50627.77,562,Road Freight (Truck),644.68,4,4,On-Time,0,Enterprise,10040,12000,1.54,Clear
SHIP-11065,2025-04-14,WH-North-Delhi,Delhi,Coimbatore,Consumer Goods,272,36881.83,1979,Express Courier,3062.33,7,9,Delayed,2,E-Commerce Retailer,5250,10000,1.66,Foggy
SHIP-11066,2025-02-08,WH-West-Mumbai,Mumbai,Chandigarh,Consumer Goods,416,54698.73,372,Road Freight (Truck),514.7,4,7,Delayed,3,SMB,7282,12000,1.43,Stormy
SHIP-11067,2025-07-17,WH-West-Mumbai,Mumbai,Jaipur,Automotive Parts,198,18452.12,384,Road Freight (Truck),474.42,3,3,On-Time,0,SMB,5562,12000,1.59,Clear
SHIP-11068,2025-05-14,WH-North-Delhi,Delhi,Surat,Apparel,375,11897.76,212,Road Freight (Truck),399.02,2,6,Delayed,4,Enterprise,5081,10000,1.75,Foggy
SHIP-11069,2025-03-08,WH-North-Delhi,Delhi,Bhopal,Apparel,299,10775.14,1805,Road Freight (Truck),1601.42,9,11,Delayed,2,SMB,6594,10000,1.74,Clear
SHIP-11070,2025-06-28,WH-South-Bengaluru,Bengaluru,Kanpur,Consumer Goods,371,43383.96,1554,Road Freight (Truck),1428.4,9,11,Delayed,2,Individual,7094,8500,1.6,Clear
SHIP-11071,2025-02-11,WH-East-Kolkata,Kolkata,Coimbatore,Industrial Equipment,412,40627.89,257,Road Freight (Truck),425.11,4,4,On-Time,0,Enterprise,6102,7500,1.59,Clear
SHIP-11072,2025-01-15,WH-Central-Nagpur,Nagpur,Lucknow,Apparel,67,9131.54,1351,Rail Freight,798.35,9,9,On-Time,0,SMB,3363,6000,1.3,Clear
SHIP-11073,2025-04-21,WH-Central-Nagpur,Nagpur,Patna,Electronics,18,1559.47,1121,Air Cargo,2078.52,3,4,Delayed,1,E-Commerce Retailer,3127,6000,1.65,Rainy
SHIP-11074,2025-06-06,WH-South-Bengaluru,Bengaluru,Kochi,Apparel,313,55294.23,1780,Road Freight (Truck),1557.75,9,10,Delayed,1,E-Commerce Retailer,5380,8500,1.39,Rainy
SHIP-11075,2025-10-16,WH-West-Mumbai,Mumbai,Jaipur,Consumer Goods,124,27035.64,1889,Road Freight (Truck),1568.81,9,11,Delayed,2,SMB,10381,12000,1.73,Clear
SHIP-11076,2025-08-19,WH-South-Bengaluru,Bengaluru,Jaipur,Industrial Equipment,219,18665.99,1716,Road Freight (Truck),1453.2,8,8,On-Time,0,Enterprise,4190,8500,1.2,Foggy
SHIP-11077,2025-06-06,WH-East-Kolkata,Kolkata,Coimbatore,Consumer Goods,50,3017.56,426,Road Freight (Truck),433.54,4,4,On-Time,0,Individual,5288,7500,1.41,Rainy
SHIP-11078,2025-02-07,WH-North-Delhi,Delhi,Lucknow,Perishables,313,13240.66,385,Road Freight (Truck),498.31,3,3,On-Time,0,E-Commerce Retailer,4917,10000,1.48,Clear
SHIP-11079,2025-04-07,WH-West-Mumbai,Mumbai,Indore,Electronics,182,29087.19,765,Road Freight (Truck),758.82,5,5,On-Time,0,Enterprise,8051,12000,1.39,Clear
SHIP-11080,2025-10-16,WH-East-Kolkata,Kolkata,Jaipur,Industrial Equipment,243,28991.4,437,Road Freight (Truck),523.6,4,7,Delayed,3,Enterprise,3821,7500,1.28,Stormy
SHIP-11081,2025-09-11,WH-West-Mumbai,Mumbai,Indore,Apparel,290,17163.27,1256,Road Freight (Truck),1177.89,8,10,Delayed,2,SMB,5853,12000,1.51,Foggy
SHIP-11082,2025-07-15,WH-South-Bengaluru,Bengaluru,Patna,Industrial Equipment,381,64193.6,1020,Road Freight (Truck),1023.85,6,6,On-Time,0,Enterprise,4587,8500,1.6,Clear
SHIP-11083,2025-03-27,WH-South-Bengaluru,Bengaluru,Coimbatore,Consumer Goods,87,4340.74,1521,Express Courier,2296.0,5,5,On-Time,0,Enterprise,4844,8500,1.54,Clear
SHIP-11084,2025-11-18,WH-North-Delhi,Delhi,Lucknow,Consumer Goods,117,16995.5,573,Road Freight (Truck),560.46,4,6,Delayed,2,E-Commerce Retailer,5798,10000,1.29,Foggy
SHIP-11085,2025-01-10,WH-West-Mumbai,Mumbai,Lucknow,Industrial Equipment,290,40275.16,310,Road Freight (Truck),465.03,3,2,Early,0,Enterprise,9039,12000,1.59,Rainy
SHIP-11086,2025-01-05,WH-West-Mumbai,Mumbai,Chandigarh,Electronics,412,77267.94,2034,Rail Freight,1335.18,12,12,On-Time,0,E-Commerce Retailer,5710,12000,1.3,Clear
SHIP-11087,2025-05-03,WH-North-Delhi,Delhi,Kochi,Electronics,48,1341.64,1583,Air Cargo,2843.92,4,5,Delayed,1,Enterprise,4879,10000,1.26,Rainy
SHIP-11088,2025-11-26,WH-North-Delhi,Delhi,Kanpur,Apparel,128,28627.22,1330,Rail Freight,864.37,9,9,On-Time,0,E-Commerce Retailer,5386,10000,1.56,Clear
SHIP-11089,2025-12-19,WH-East-Kolkata,Kolkata,Kanpur,Apparel,344,61989.85,950,Road Freight (Truck),958.68,6,12,Delayed,6,E-Commerce Retailer,6449,7500,1.66,Foggy
SHIP-11090,2025-04-28,WH-West-Mumbai,Mumbai,Bhopal,Consumer Goods,345,22697.42,1510,Road Freight (Truck),1384.94,9,9,On-Time,0,Enterprise,8945,12000,1.44,Clear
SHIP-11091,2025-10-21,WH-South-Bengaluru,Bengaluru,Surat,Consumer Goods,36,2091.61,1232,Rail Freight,714.86,9,9,On-Time,0,SMB,6742,8500,1.47,Clear
SHIP-11092,2025-06-08,WH-West-Mumbai,Mumbai,Coimbatore,Consumer Goods,113,13157.74,306,Road Freight (Truck),335.5,3,3,On-Time,0,Enterprise,7488,12000,1.33,Clear
SHIP-11093,2025-10-30,WH-Central-Nagpur,Nagpur,Patna,Industrial Equipment,83,17191.61,938,Road Freight (Truck),799.4,5,6,Delayed,1,E-Commerce Retailer,3301,6000,1.45,Severe Heat
SHIP-11094,2025-08-16,WH-West-Mumbai,Mumbai,Lucknow,Apparel,200,42618.65,2089,Express Courier,3186.76,6,5,Early,0,E-Commerce Retailer,5614,12000,1.23,Foggy
SHIP-11095,2025-08-04,WH-West-Mumbai,Mumbai,Kochi,Automotive Parts,333,45723.29,1140,Road Freight (Truck),1086.13,6,6,On-Time,0,SMB,8155,12000,1.72,Rainy
SHIP-11096,2025-07-03,WH-Central-Nagpur,Nagpur,Indore,Perishables,156,33897.33,251,Road Freight (Truck),336.63,4,3,Early,0,SMB,4319,6000,1.63,Rainy
SHIP-11097,2025-01-15,WH-East-Kolkata,Kolkata,Coimbatore,Consumer Goods,264,4297.73,991,Road Freight (Truck),941.69,5,5,On-Time,0,Enterprise,6536,7500,1.55,Clear
SHIP-11098,2025-06-06,WH-North-Delhi,Delhi,Bhopal,Electronics,293,6816.95,754,Express Courier,1273.75,3,6,Delayed,3,E-Commerce Retailer,8645,10000,1.47,Stormy
SHIP-11099,2025-05-16,WH-East-Kolkata,Kolkata,Coimbatore,Electronics,222,50899.73,1703,Air Cargo,3171.25,4,4,On-Time,0,SMB,4872,7500,1.63,Clear
SHIP-11100,2025-09-18,WH-West-Mumbai,Mumbai,Bhopal,Consumer Goods,132,26030.8,1943,Rail Freight,1141.83,11,11,On-Time,0,Enterprise,7788,12000,1.45,Foggy
SHIP-11101,2025-06-06,WH-West-Mumbai,Mumbai,Lucknow,Perishables,215,25996.92,1519,Road Freight (Truck),1336.47,9,9,On-Time,0,SMB,6308,12000,1.33,Clear
SHIP-11102,2025-02-16,WH-North-Delhi,Delhi,Surat,Apparel,426,81833.91,810,Express Courier,1405.96,3,3,On-Time,0,Enterprise,5710,10000,1.25,Clear
SHIP-11103,2025-11-20,WH-North-Delhi,Delhi,Bhopal,Consumer Goods,249,59654.24,811,Road Freight (Truck),793.56,6,6,On-Time,0,E-Commerce Retailer,8850,10000,1.54,Clear
SHIP-11104,2025-11-28,WH-East-Kolkata,Kolkata,Lucknow,Consumer Goods,403,79165.74,1242,Road Freight (Truck),1213.37,6,6,On-Time,0,Enterprise,3872,7500,1.71,Foggy
SHIP-11105,2025-06-22,WH-West-Mumbai,Mumbai,Lucknow,Apparel,348,74109.13,1985,Rail Freight,1252.88,11,13,Delayed,2,SMB,10863,12000,1.24,Foggy
SHIP-11106,2025-05-10,WH-West-Mumbai,Mumbai,Surat,Apparel,295,57154.05,1177,Road Freight (Truck),1092.33,6,6,On-Time,0,Enterprise,8246,12000,1.26,Rainy
SHIP-11107,2025-04-05,WH-East-Kolkata,Kolkata,Kanpur,Electronics,31,1690.42,2075,Air Cargo,3720.73,6,6,On-Time,0,Enterprise,4984,7500,1.41,Clear
SHIP-11108,2025-04-25,WH-East-Kolkata,Kolkata,Coimbatore,Perishables,268,56518.5,701,Express Courier,1218.77,3,6,Delayed,3,SMB,3990,7500,1.63,Stormy
SHIP-11109,2025-08-31,WH-North-Delhi,Delhi,Jaipur,Apparel,366,22271.31,290,Road Freight (Truck),472.85,3,3,On-Time,0,Individual,7609,10000,1.33,Clear
SHIP-11110,2025-10-19,WH-South-Bengaluru,Bengaluru,Jaipur,Electronics,114,25623.06,1509,Rail Freight,921.3,9,10,Delayed,1,E-Commerce Retailer,5662,8500,1.3,Foggy
SHIP-11111,2025-10-09,WH-North-Delhi,Delhi,Indore,Automotive Parts,441,54147.18,903,Express Courier,1569.07,5,5,On-Time,0,Enterprise,6242,10000,1.52,Rainy
SHIP-11112,2025-10-26,WH-East-Kolkata,Kolkata,Indore,Electronics,267,46481.91,1202,Air Cargo,2268.38,5,5,On-Time,0,Enterprise,4307,7500,1.47,Clear
SHIP-11113,2025-10-10,WH-South-Bengaluru,Bengaluru,Jaipur,Automotive Parts,213,28084.39,300,Road Freight (Truck),389.01,3,3,On-Time,0,E-Commerce Retailer,4090,8500,1.19,Clear
SHIP-11114,2025-03-10,WH-Central-Nagpur,Nagpur,Patna,Perishables,319,11831.03,138,Road Freight (Truck),311.93,3,3,On-Time,0,SMB,4164,6000,1.2,Clear
SHIP-11115,2025-05-28,WH-North-Delhi,Delhi,Jaipur ,Industrial Equipment,271,22579.65,1369,Rail Freight,892.46,8,8,On-Time,0,Enterprise,5970,10000,1.54,Clear
SHIP-11116,2025-01-11,WH-North-Delhi,Delhi,Indore,Industrial Equipment,116,28556.53,1616,Express Courier,2436.97,5,6,Delayed,1,E-Commerce Retailer,7826,10000,1.43,Clear
SHIP-11117,2025-09-11,WH-West-Mumbai,Mumbai,Kochi,Consumer Goods,260,62599.67,1238,Rail Freight,826.38,9,9,On-Time,0,E-Commerce Retailer,9480,12000,1.73,Clear
SHIP-11118,2025-11-26,WH-West-Mumbai,Mumbai,Indore,Perishables,433,39106.14,1000,Road Freight (Truck),1033.57,5,5,On-Time,0,Individual,7273,12000,1.56,Clear
SHIP-11119,2025-12-26,WH-North-Delhi,Delhi,Patna, Apparel,230,57299.84,1440,Rail Freight,900.56,9,10,Delayed,1,Individual,7644,10000,1.16,Rainy
SHIP-11120,2025-02-07,WH-Central-Nagpur,Nagpur,Coimbatore,Industrial Equipment,388,82917.36,1736,Rail Freight,1150.2,11,13,Delayed,2,E-Commerce Retailer,3429,6000,1.44,Foggy
SHIP-11121,2025-05-14,WH-North-Delhi,Delhi,Jaipur,Perishables,231,36630.94,294,Road Freight (Truck),432.04,4,4,On-Time,0,Enterprise,7917,10000,1.4,Clear
SHIP-11122,2025-07-19,WH-West-Mumbai,Mumbai,Surat,Perishables,267,6522.62,1365,Rail Freight,889.51,9,8,Early,0,Enterprise,5490,12000,1.21,Clear
SHIP-11123,2025-01-23,WH-East-Kolkata,Kolkata,Kochi,Automotive Parts,210,47636.4,1758,Road Freight (Truck),1492.68,10,10,On-Time,0,SMB,3909,7500,1.7,Clear
SHIP-11124,2025-10-30,WH-West-Mumbai,Mumbai,Lucknow,Consumer Goods,376,54894.45,173,Road Freight (Truck),355.93,2,2,On-Time,0,SMB,6781,12000,1.63,Clear
SHIP-11125,2025-12-12,WH-East-Kolkata,Kolkata,Patna,Perishables,267,58497.54,814,Road Freight (Truck),808.89,5,7,Delayed,2,SMB,6099,7500,1.29,Foggy
SHIP-11126,2025-10-29,WH-North-Delhi,Delhi,Indore,Apparel,358,75570.52,982,Express Courier,1670.72,4,5,Delayed,1,SMB,4811,10000,1.3,Rainy
SHIP-11127,2025-12-29,WH-West-Mumbai,Mumbai,Surat,Perishables,234,49317.01,1546,Rail Freight,956.65,9,9,On-Time,0,SMB,6460,12000,1.17,Foggy
SHIP-11128,2025-08-06,WH-North-Delhi,Delhi,Bhopal,Apparel,211,37783.95,1461,Road Freight (Truck),1239.54,7,7,On-Time,0,SMB,6185,10000,1.33,Clear
SHIP-11129,2025-05-21,WH-North-Delhi,Delhi,Kanpur,Consumer Goods,235,19618.4,2010,Rail Freight,1249.06,12,13,Delayed,1,Enterprise,4543,10000,1.5,Rainy
SHIP-11130,2025-04-14,WH-Central-Nagpur,Nagpur,Jaipur,Consumer Goods,245,23029.43,468,Express Courier,890.91,3,2,Early,0,Enterprise,4849,6000,1.4,Clear
SHIP-11131,2025-07-29,WH-North-Delhi,Delhi,Kanpur,Apparel,192,16798.13,562,Road Freight (Truck),605.42,4,7,Delayed,3,SMB,7132,10000,1.73,Foggy
SHIP-11132,2025-04-21,WH-South-Bengaluru,Bengaluru,Patna,Industrial Equipment,209,4119.56,952,Road Freight (Truck),885.33,6,6,On-Time,0,E-Commerce Retailer,7423,8500,1.18,Stormy
SHIP-11133,2025-04-14,WH-West-Mumbai,Mumbai,Bhopal,Consumer Goods,366,55596.75,699,Express Courier,1244.76,3,3,On-Time,0,Enterprise,5575,12000,1.5,Rainy
SHIP-11134,2025-11-12,WH-West-Mumbai,Mumbai,Bhopal,Apparel,255,45702.61,1683,Express Courier,2626.59,5,5,On-Time,0,SMB,6930,12000,1.66,Foggy
SHIP-11135,2025-06-20,WH-Central-Nagpur,Nagpur,Bhopal,Consumer Goods,362,78068.38,1929,Rail Freight,1245.9,11,11,On-Time,0,E-Commerce Retailer,4762,6000,1.44,Clear
SHIP-11136,2025-12-22,WH-North-Delhi,Delhi,Lucknow,Industrial Equipment,120,5752.67,401,Express Courier,695.93,2,5,Delayed,3,SMB,7673,10000,1.15,Stormy
SHIP-11137,2025-11-20,WH-South-Bengaluru,Bengaluru,Patna, Consumer Goods,15,2143.25,479,Road Freight (Truck),422.01,3,3,On-Time,0,Enterprise,4796,8500,1.3,Clear
SHIP-11138,2025-05-13,WH-Central-Nagpur,Nagpur,Coimbatore,Electronics,245,4136.07,1034,Air Cargo,2001.16,4,4,On-Time,0,SMB,4379,6000,1.34,Clear
SHIP-11139,2025-10-20,WH-South-Bengaluru,Bengaluru,Kanpur,Electronics,136,5079.19,942,Express Courier,1496.75,5,5,On-Time,0,Enterprise,6996,8500,1.73,Clear
SHIP-11140,2025-11-24,WH-Central-Nagpur,Nagpur,Coimbatore,Electronics,113,3134.59,1774,Rail Freight,1040.8,11,11,On-Time,0,Individual,2794,6000,1.7,Severe Heat
SHIP-11141,2025-05-07,WH-North-Delhi,Delhi,Surat,Consumer Goods,246,45629.89,1011,Road Freight (Truck),963.39,6,8,Delayed,2,Enterprise,7872,10000,1.72,Foggy
SHIP-11142,2025-04-16,WH-West-Mumbai,Mumbai,Chandigarh,Electronics,412,14028.19,1072,Road Freight (Truck),1070.58,6,9,Delayed,3,E-Commerce Retailer,6821,12000,1.65,Stormy
SHIP-11143,2025-04-02,WH-West-Mumbai,Mumbai,Kochi,Electronics,164,30072.1,1789,Air Cargo,3291.06,4,4,On-Time,0,Enterprise,10745,12000,1.36,Foggy
SHIP-11144,2025-10-14,WH-East-Kolkata,Kolkata,Kochi,Perishables,266,19594.04,760,Road Freight (Truck),783.3,5,4,Early,0,SMB,5272,7500,1.69,Clear
SHIP-11145,2025-02-20,WH-Central-Nagpur,Nagpur,Coimbatore,Automotive Parts,244,53988.06,1151,Road Freight (Truck),1074.43,7,10,Delayed,3,SMB,2794,6000,1.74,Stormy
SHIP-11146,2025-01-29,WH-West-Mumbai,Mumbai,Chandigarh,Consumer Goods,298,61414.89,682,Road Freight (Truck),713.1,5,8,Delayed,3,Enterprise,7675,12000,1.36,Severe Heat
SHIP-11147,2025-10-23,WH-South-Bengaluru,Bengaluru,Chandigarh,Perishables,49,11764.41,610,Road Freight (Truck),558.26,4,4,On-Time,0,SMB,7685,8500,1.31,Clear
SHIP-11148,2025-10-24,WH-North-Delhi,Delhi,Jaipur,Electronics,297,66137.17,460,Road Freight (Truck),565.3,3,2,Early,0,Enterprise,7932,10000,,Clear
SHIP-11149,2025-08-02,WH-South-Bengaluru,Bengaluru,Surat,Apparel,206,48272.48,591,Road Freight (Truck),620.57,5,6,Delayed,1,Enterprise,5025,8500,1.26,Rainy
SHIP-11150,2025-09-24,WH-West-Mumbai,Mumbai,Patna,Apparel,282,61138.86,1936,Road Freight (Truck),1663.78,10,11,Delayed,1,SMB,8644,12000,1.17,Severe Heat
SHIP-11151,2025-09-14,WH-Central-Nagpur,Nagpur,Chandigarh,Consumer Goods,391,69576.4,1830,Rail Freight,1216.83,12,15,Delayed,3,Enterprise,4389,6000,1.72,Stormy
SHIP-11152,2025-10-29,WH-South-Bengaluru,Bengaluru,Indore,Consumer Goods,273,15017.98,1838,Rail Freight,1152.14,12,14,Delayed,2,E-Commerce Retailer,3918,8500,1.71,Foggy
SHIP-11153,2025-04-11,WH-West-Mumbai,Mumbai,Kochi,Consumer Goods,66,5204.18,1847,Road Freight (Truck),1535.82,10,13,Delayed,3,SMB,6408,12000,1.25,Stormy
SHIP-11154,2025-12-12,WH-North-Delhi,Delhi,Indore,Consumer Goods,307,19952.19,368,Road Freight (Truck),485.52,4,4,On-Time,0,SMB,7093,10000,1.39,Stormy
SHIP-11155,2025-04-20,WH-North-Delhi,Delhi,Surat,Industrial Equipment,107,16782.16,354,Road Freight (Truck),411.76,4,6,Delayed,2,Enterprise,6392,10000,1.65,Foggy
SHIP-11156,2025-07-01,WH-North-Delhi,Delhi,Chandigarh,Electronics,146,19469.2,1226,Air Cargo,2290.41,4,5,Delayed,1,SMB,5393,10000,1.55,Rainy
SHIP-11157,2025-11-09,WH-West-Mumbai,Mumbai,Kanpur,Electronics,385,84224.06,1236,Rail Freight,890.24,8,8,On-Time,0,E-Commerce Retailer,9757,12000,1.39,Clear
SHIP-11158,2025-01-01,WH-Central-Nagpur,Nagpur,Kochi,Electronics,96,22932.3,2028,Air Cargo,3693.54,6,7,Delayed,1,Enterprise,4078,6000,1.6,Rainy
SHIP-11159,2025-11-15,WH-South-Bengaluru,Bengaluru,Jaipur,Consumer Goods,428,47140.81,1537,Road Freight (Truck),1447.79,8,8,On-Time,0,E-Commerce Retailer,5063,8500,1.69,Clear
SHIP-11160,2025-02-24,WH-South-Bengaluru,Bengaluru,Jaipur,Apparel,251,33632.09,943,Road Freight (Truck),896.76,6,8,Delayed,2,Enterprise,4470,8500,1.71,Foggy
SHIP-11161,2025-05-29,WH-North-Delhi,Delhi,Bhopal,Electronics,208,50607.72,1411,Road Freight (Truck),1240.1,7,6,Early,0,E-Commerce Retailer,7372,10000,1.38,Clear
SHIP-11162,2025-11-05,WH-Central-Nagpur,Nagpur,Lucknow,Automotive Parts,446,35642.6,1560,Road Freight (Truck),1442.81,9,11,Delayed,2,Enterprise,4578,6000,1.25,Clear
SHIP-11163,2025-05-17,WH-East-Kolkata,Kolkata,Chandigarh,Consumer Goods,319,64186.57,751,Road Freight (Truck),806.1,5,5,On-Time,0,E-Commerce Retailer,5735,7500,1.7,Clear
SHIP-11164,2025-07-21,WH-North-Delhi,Delhi,Surat,Electronics,93,6317.62,1726,Air Cargo,3128.79,5,6,Delayed,1,SMB,5535,10000,1.21,Rainy
SHIP-11165,2025-11-09,WH-East-Kolkata,Kolkata,Kochi,Apparel,251,43960.92,648,Road Freight (Truck),685.32,4,6,Delayed,2,Enterprise,5473,7500,1.58,Clear
SHIP-11166,2025-04-27,WH-South-Bengaluru,Bengaluru,Lucknow,Electronics,290,21633.91,1396,Road Freight (Truck),1254.09,7,6,Early,0,Enterprise,7442,8500,1.23,Clear
SHIP-11167,2025-06-03,WH-North-Delhi,Delhi,Surat,Apparel,332,73928.88,241,Road Freight (Truck),428.68,3,4,Delayed,1,SMB,6159,10000,1.38,Clear
SHIP-11168,2025-10-18,WH-West-Mumbai,Mumbai,Coimbatore,Apparel,261,38353.25,1011,Road Freight (Truck),971.58,7,7,On-Time,0,Individual,6588,12000,1.4,Clear
SHIP-11169,2025-03-04,WH-West-Mumbai,Mumbai,Chandigarh,Electronics,199,11680.19,129,Road Freight (Truck),271.93,3,3,On-Time,0,Enterprise,9754,12000,1.25,Clear
SHIP-11170,2025-09-01,WH-North-Delhi,Delhi,Patna,Electronics,448,30341.59,1942,Air Cargo,3687.45,5,5,On-Time,0,Enterprise,5331,10000,1.7,Clear
SHIP-11171,2025-01-25,WH-Central-Nagpur,Nagpur,Patna,Consumer Goods,439,57532.95,1459,Rail Freight,1010.73,9,9,On-Time,0,SMB,3415,6000,1.15,Clear
SHIP-11172,2025-03-31,WH-East-Kolkata,Kolkata,Chandigarh,Electronics,161,38797.21,957,Express Courier,1529.62,4,4,On-Time,0,SMB,3729,7500,1.69,Clear
SHIP-11173,2025-03-16,WH-South-Bengaluru,Bengaluru,Bhopal,Electronics,311,60914.3,1416,Air Cargo,2728.08,4,3,Early,0,SMB,4895,8500,1.68,Clear
SHIP-11174,2025-10-21,WH-West-Mumbai,Mumbai,Bhopal,Consumer Goods,287,37239.04,1449,Rail Freight,955.17,10,10,On-Time,0,E-Commerce Retailer,7714,12000,1.34,Clear
SHIP-11175,2025-07-29,WH-West-Mumbai,Mumbai,Patna,Consumer Goods,148,13965.87,1948,Road Freight (Truck),1610.79,10,14,Delayed,4,Enterprise,5761,12000,1.57,Foggy
SHIP-11176,2025-12-13,WH-South-Bengaluru,Bengaluru,Kanpur,Apparel,185,26654.45,1353,Road Freight (Truck),1166.43,7,7,On-Time,0,Individual,7307,8500,1.3,Clear
SHIP-11177,2025-01-17,WH-South-Bengaluru,Bengaluru,Kochi,Apparel,17,3244.7,1873,Road Freight (Truck),1525.37,10,10,On-Time,0,SMB,5877,8500,1.61,Clear
SHIP-11178,2025-05-08,WH-North-Delhi,Delhi,Patna,Apparel,304,60563.86,872,Road Freight (Truck),877.8,6,6,On-Time,0,Enterprise,7264,10000,1.49,Clear
SHIP-11179,2025-12-30,WH-South-Bengaluru,Bengaluru,Kanpur,Electronics,244,22273.07,1005,Road Freight (Truck),940.94,7,9,Delayed,2,E-Commerce Retailer,5308,8500,1.33,Clear
SHIP-11180,2025-09-08,WH-East-Kolkata,Kolkata,Lucknow,Electronics,172,31729.26,583,Road Freight (Truck),588.67,5,5,On-Time,0,SMB,5736,7500,1.39,Clear
SHIP-11181,2025-06-28,WH-West-Mumbai,Mumbai,Kanpur,Automotive Parts,58,9835.66,831,Road Freight (Truck),745.69,5,5,On-Time,0,Enterprise,7835,12000,1.56,Clear
SHIP-11182,2025-07-01,WH-North-Delhi,Delhi,Lucknow,Apparel,311,74761.72,847,Road Freight (Truck),847.0,6,6,On-Time,0,SMB,8078,10000,1.69,Rainy
SHIP-11183,2025-06-01,WH-East-Kolkata,Kolkata,Surat,Automotive Parts,47,10988.89,836,Road Freight (Truck),720.34,6,7,Delayed,1,Enterprise,6270,7500,1.23,Rainy
SHIP-11184,2025-01-25,WH-North-Delhi,Delhi,Indore,Consumer Goods,145,29073.1,2068,Rail Freight,1214.43,13,13,On-Time,0,SMB,7657,10000,1.49,Clear
SHIP-11185,2025-06-29,WH-West-Mumbai,Mumbai,Surat,Apparel,319,59014.28,1559,Rail Freight,1001.04,9,12,Delayed,3,E-Commerce Retailer,8171,12000,1.3,Foggy
SHIP-11186,2025-07-17,WH-North-Delhi,Delhi,Patna,Apparel,430,34141.9,1359,Road Freight (Truck),1300.28,8,8,On-Time,0,Enterprise,8176,10000,1.63,Clear
SHIP-11187,2025-12-10,WH-West-Mumbai,Mumbai,Lucknow,Consumer Goods,228,48746.82,199,Road Freight (Truck),349.79,2,5,Delayed,3,SMB,8187,12000,1.19,Stormy
SHIP-11188,2025-06-10,WH-East-Kolkata,Kolkata,Patna,Consumer Goods,357,41220.59,1922,Rail Freight,1222.16,11,11,On-Time,0,E-Commerce Retailer,3768,7500,1.56,Clear
SHIP-11189,2025-06-26,WH-South-Bengaluru,Bengaluru,Chandigarh,Apparel,305,24087.84,599,Road Freight (Truck),658.13,5,6,Delayed,1,Individual,4289,8500,1.25,Rainy
SHIP-11190,2025-10-12,WH-North-Delhi,Delhi,Kochi,Electronics,43,4526.94,1021,Road Freight (Truck),837.0,7,7,On-Time,0,SMB,8958,10000,1.51,Clear
SHIP-11191,2025-03-04,WH-Central-Nagpur,Nagpur,Jaipur,Consumer Goods,361,76331.59,1010,Road Freight (Truck),1005.72,6,9,Delayed,3,SMB,3302,6000,1.65,Stormy
SHIP-11192,2025-05-30,WH-Central-Nagpur,Nagpur,Patna,Industrial Equipment,88,4393.73,1690,Rail Freight,978.28,10,10,On-Time,0,SMB,5000,6000,1.6,Clear
SHIP-11193,2025-06-03,WH-Central-Nagpur,Nagpur,Kochi,Automotive Parts,245,29938.34,1944,Express Courier,2980.33,6,6,On-Time,0,Individual,3395,6000,1.6,Clear
SHIP-11194,2025-06-05,WH-North-Delhi,Delhi,Kanpur,Consumer Goods,392,51235.98,137,Road Freight (Truck),358.01,2,3,Delayed,1,E-Commerce Retailer,6524,10000,1.46,Rainy
SHIP-11195,2025-02-18,WH-West-Mumbai,Mumbai,Surat,Consumer Goods,282,6657.45,1308,Rail Freight,868.97,9,9,On-Time,0,Enterprise,9093,12000,1.68,Clear
SHIP-11196,2025-12-03,WH-Central-Nagpur,Nagpur,Kanpur,Electronics,170,10370.05,1668,Air Cargo,3088.3,4,4,On-Time,0,SMB,3148,6000,1.5,Foggy
SHIP-11197,2025-03-25,WH-East-Kolkata,Kolkata,Jaipur,Apparel,184,38508.34,321,Road Freight (Truck),394.56,4,5,Delayed,1,SMB,5973,7500,1.7,Rainy
SHIP-11198,2025-12-27,WH-North-Delhi,Delhi,Lucknow,Consumer Goods,375,78836.38,860,Road Freight (Truck),874.12,6,6,On-Time,0,E-Commerce Retailer,7742,10000,1.48,Clear
SHIP-11199,2025-06-26,WH-North-Delhi,Delhi,Chandigarh,Perishables,317,26538.46,1489,Rail Freight,1002.42,9,9,On-Time,0,SMB,7052,10000,1.45,Clear
SHIP-11200,2025-05-28,WH-West-Mumbai,Mumbai,Kochi,Consumer Goods,383,84490.13,1509,Road Freight (Truck),1369.57,9,9,On-Time,0,E-Commerce Retailer,8591,12000,1.28,Clear
SHIP-11201,2025-04-28,WH-Central-Nagpur,Nagpur,Chandigarh,Consumer Goods,230,45164.87,1591,Rail Freight,996.26,9,9,On-Time,0,Individual,2998,6000,1.48,Rainy
SHIP-11202,2025-12-08,WH-South-Bengaluru,Bengaluru,Indore,Apparel,18,2037.75,1656,Rail Freight,923.71,10,9,Early,0,Enterprise,5566,8500,1.23,Clear
SHIP-11203,2025-03-04,WH-West-Mumbai,Mumbai,Patna,Industrial Equipment,298,56880.9,438,Road Freight (Truck),548.68,3,8,Delayed,5,Enterprise,5888,12000,1.67,Rainy
SHIP-11204,2025-07-08,WH-North-Delhi,Delhi,Lucknow,Consumer Goods,122,29391.46,336,Road Freight (Truck),385.34,4,5,Delayed,1,SMB,5946,10000,1.56,Severe Heat
SHIP-11205,2025-12-26,WH-South-Bengaluru,Bengaluru,Indore,Consumer Goods,214,26291.59,1177,Road Freight (Truck),1069.59,7,7,On-Time,0,Enterprise,7421,8500,1.75,Clear
SHIP-11206,2025-02-18,WH-East-Kolkata,Kolkata,Coimbatore,Perishables,414,29406.58,2014,Rail Freight,1285.3,12,13,Delayed,1,Enterprise,5400,7500,1.21,Severe Heat
SHIP-11207,2025-11-23,WH-West-Mumbai,Mumbai,Patna,Electronics,195,46083.74,385,Express Courier,703.32,3,6,Delayed,3,Enterprise,9588,12000,1.29,Rainy
SHIP-11208,2025-09-14,WH-East-Kolkata,Kolkata,Kanpur,Automotive Parts,350,54907.97,1783,Rail Freight,1167.87,11,11,On-Time,0,E-Commerce Retailer,5397,7500,1.68,Clear
SHIP-11209,2025-08-12,WH-Central-Nagpur,Nagpur,Surat,Electronics,206,8185.89,843,Road Freight (Truck),803.8,6,6,On-Time,0,E-Commerce Retailer,3247,6000,1.39,Clear
SHIP-11210,2025-05-21,WH-North-Delhi,Delhi,Kochi,Industrial Equipment,275,41134.63,894,Road Freight (Truck),890.07,6,6,On-Time,0,SMB,7295,10000,1.43,Rainy
SHIP-11211,2025-08-03,WH-South-Bengaluru,Bengaluru,Jaipur,Apparel,271,35944.49,1967,Rail Freight,1234.69,12,12,On-Time,0,SMB,6842,8500,1.67,Clear
SHIP-11212,2025-07-30,WH-West-Mumbai,Mumbai,Jaipur,Consumer Goods,257,55528.29,1223,Rail Freight,839.31,8,7,Early,0,Enterprise,6180,12000,1.46,Clear
SHIP-11213,2025-11-14,WH-East-Kolkata,Kolkata,Kanpur,Automotive Parts,124,17324.46,1820,Rail Freight,1086.95,12,16,Delayed,4,E-Commerce Retailer,6254,7500,,Clear
SHIP-11214,2025-02-01,WH-South-Bengaluru,Bengaluru,Bhopal,Electronics,130,9747.35,532,Road Freight (Truck),544.78,5,7,Delayed,2,E-Commerce Retailer,6043,8500,1.69,Foggy
SHIP-11215,2025-06-07,WH-South-Bengaluru,Bengaluru,Jaipur,Electronics,150,26066.45,1395,Road Freight (Truck),1201.45,7,8,Delayed,1,SMB,3842,8500,1.17,Rainy
SHIP-11216,2025-10-12,WH-East-Kolkata,Kolkata,Kochi,Apparel,74,10545.39,1155,Express Courier,1780.69,5,8,Delayed,3,Enterprise,5207,7500,1.69,Rainy
SHIP-11217,2025-11-01,WH-West-Mumbai,Mumbai,Kanpur,Consumer Goods,285,19883.16,520,Road Freight (Truck),604.65,5,6,Delayed,1,Enterprise,7631,12000,1.18,Clear
SHIP-11218,2025-10-13,WH-Central-Nagpur,Nagpur,Lucknow,Apparel,322,48236.42,1959,Rail Freight,1211.51,12,14,Delayed,2,Enterprise,3535,6000,1.55,Foggy
SHIP-11219,2025-05-24,WH-South-Bengaluru,Bengaluru,Jaipur,Electronics,248,51599.09,843,Road Freight (Truck),809.2,5,5,On-Time,0,SMB,6906,8500,1.19,Severe Heat
SHIP-11220,2025-01-19,WH-North-Delhi,Delhi,Chandigarh,Electronics,311,6753.11,401,Road Freight (Truck),525.81,4,4,On-Time,0,E-Commerce Retailer,8727,10000,1.57,Clear
SHIP-11221,2025-01-18,WH-South-Bengaluru,Bengaluru,Kanpur,Electronics,401,65463.25,1255,Rail Freight,902.55,9,9,On-Time,0,E-Commerce Retailer,6871,8500,1.17,Clear
SHIP-11222,2025-09-14,WH-East-Kolkata,Kolkata,Kochi,Electronics,19,1845.9,842,Road Freight (Truck),726.31,5,8,Delayed,3,SMB,6359,7500,1.66,Stormy
SHIP-11223,2025-03-19,WH-West-Mumbai,Mumbai,Chandigarh,Consumer Goods,378,31668.0,1521,Rail Freight,1006.13,9,11,Delayed,2,E-Commerce Retailer,10525,12000,1.43,Foggy
SHIP-11224,2025-06-24,WH-Central-Nagpur,Nagpur,Patna,Industrial Equipment,242,25956.47,870,Road Freight (Truck),829.79,6,6,On-Time,0,Individual,5273,6000,1.21,Rainy
SHIP-11225,2025-07-13,WH-Central-Nagpur,Nagpur,Patna,Automotive Parts,204,19456.57,387,Road Freight (Truck),473.11,3,6,Delayed,3,Enterprise,3023,6000,1.57,Stormy
SHIP-11226,2025-04-23,WH-West-Mumbai,Mumbai,Jaipur,Automotive Parts,404,85072.78,2060,Rail Freight,1318.67,12,12,On-Time,0,SMB,7974,12000,1.44,Rainy
SHIP-11227,2025-04-24,WH-Central-Nagpur,Nagpur,Chandigarh,Electronics,21,1671.13,417,Road Freight (Truck),391.86,3,4,Delayed,1,Individual,2700,6000,1.26,Clear
SHIP-11228,2025-08-10,WH-North-Delhi,Delhi,Surat,Consumer Goods,403,75478.26,1460,Road Freight (Truck),1380.3,8,9,Delayed,1,Enterprise,6880,10000,1.16,Rainy
SHIP-11229,2025-06-15,WH-North-Delhi,Delhi,Patna,Electronics,418,15509.5,689,Road Freight (Truck),777.94,5,4,Early,0,Individual,8843,10000,1.4,Rainy
SHIP-11230,2025-11-15,WH-North-Delhi,Delhi,Surat,Consumer Goods,186,44375.54,628,Road Freight (Truck),620.62,4,4,On-Time,0,Individual,5435,10000,1.2,Severe Heat
SHIP-11231,2025-05-12,WH-Central-Nagpur,Nagpur,Lucknow,Apparel,186,29991.46,2093,Road Freight (Truck),1739.64,10,10,On-Time,0,E-Commerce Retailer,4504,6000,1.21,Clear
SHIP-11232,2025-09-21,WH-South-Bengaluru,Bengaluru,Kanpur,Electronics,226,40923.82,665,Road Freight (Truck),676.51,4,5,Delayed,1,E-Commerce Retailer,6399,8500,1.31,Rainy
SHIP-11233,2025-02-24,WH-North-Delhi,Delhi,Indore,Electronics,20,1700.78,894,Road Freight (Truck),764.01,5,5,On-Time,0,E-Commerce Retailer,5253,10000,1.53,Foggy
SHIP-11234,2025-12-25,WH-West-Mumbai,Mumbai,Kochi,Perishables,127,14204.02,484,Express Courier,831.46,4,4,On-Time,0,E-Commerce Retailer,6745,12000,1.47,Clear
SHIP-11235,2025-05-11,WH-South-Bengaluru,Bengaluru,Kanpur,Consumer Goods,173,11692.71,666,Road Freight (Truck),627.81,4,4,On-Time,0,Enterprise,5670,8500,1.19,Clear
SHIP-11236,2025-10-15,WH-North-Delhi,Delhi,Kochi,Consumer Goods,48,11239.01,390,Road Freight (Truck),396.73,4,4,On-Time,0,Enterprise,5384,10000,1.73,Stormy
SHIP-11237,2025-09-23,WH-Central-Nagpur,Nagpur,Chandigarh,Electronics,62,8041.68,1617,Road Freight (Truck),1317.19,8,7,Early,0,Enterprise,4349,6000,1.68,Clear
SHIP-11238,2025-06-11,WH-East-Kolkata,Kolkata,Lucknow,Electronics,227,37036.25,858,Road Freight (Truck),820.92,6,8,Delayed,2,E-Commerce Retailer,5083,7500,1.31,Rainy
SHIP-11239,2025-03-28,WH-South-Bengaluru,Bengaluru,Coimbatore,Automotive Parts,215,40324.09,656,Road Freight (Truck),667.08,5,8,Delayed,3,Enterprise,5899,8500,1.22,Stormy
SHIP-11240,2025-02-24,WH-Central-Nagpur,Nagpur,Jaipur,Electronics,321,32809.39,1377,Road Freight (Truck),1269.09,7,7,On-Time,0,Enterprise,3079,6000,1.72,Clear
SHIP-11241,2025-10-15,WH-West-Mumbai,Mumbai,Kochi,Consumer Goods,369,67978.61,178,Road Freight (Truck),357.18,3,3,On-Time,0,Enterprise,8317,12000,1.43,Severe Heat
SHIP-11242,2025-06-27,WH-Central-Nagpur,Nagpur,Kochi,Electronics,394,68500.14,1394,Road Freight (Truck),1297.18,8,9,Delayed,1,E-Commerce Retailer,2839,6000,1.34,Rainy
SHIP-11243,2025-12-15,WH-South-Bengaluru,Bengaluru,Chandigarh,Consumer Goods,65,11753.95,1990,Rail Freight,1161.47,12,12,On-Time,0,Individual,7346,8500,1.44,Clear
SHIP-11244,2025-01-08,WH-South-Bengaluru,Bengaluru,Surat,Electronics,127,16506.07,205,Express Courier,450.45,2,2,On-Time,0,Individual,5196,8500,1.61,Clear
SHIP-11245,2025-11-17,WH-North-Delhi,Delhi,Kanpur,Industrial Equipment,397,41681.14,882,Road Freight (Truck),904.59,6,7,Delayed,1,SMB,8524,10000,1.25,Severe Heat
SHIP-11246,2025-11-09,WH-Central-Nagpur,Nagpur,Coimbatore,Automotive Parts,262,17603.6,509,Road Freight (Truck),572.88,5,5,On-Time,0,E-Commerce Retailer,4678,6000,1.61,Clear
SHIP-11247,2025-09-04,WH-West-Mumbai,Mumbai,Bhopal,Industrial Equipment,295,61592.22,1323,Road Freight (Truck),1212.6,7,7,On-Time,0,E-Commerce Retailer,9721,12000,1.6,Clear
SHIP-11248,2025-11-19,WH-North-Delhi,Delhi,Jaipur,Consumer Goods,277,43755.55,838,Express Courier,1421.42,3,3,On-Time,0,SMB,5978,10000,1.47,Clear
SHIP-11249,2025-09-12,WH-North-Delhi,Delhi,Indore,Automotive Parts,300,35826.83,975,Road Freight (Truck),928.19,6,6,On-Time,0,SMB,5570,10000,1.67,Clear
SHIP-11250,2025-11-24,WH-South-Bengaluru,Bengaluru,Bhopal,Apparel,342,80998.95,268,Road Freight (Truck),412.3,4,4,On-Time,0,Enterprise,5449,8500,1.23,Clear
SHIP-10001,2025-04-13,WH-North-Delhi,Delhi,Jaipur,Electronics,226,39080.97,636,Road Freight (Truck),646.53,5,7,Delayed,2,SMB,8136,10000,1.41,Rainy
SHIP-10002,2025-12-15,WH-East-Kolkata,Kolkata,Kanpur,Automotive Parts,404,66387.53,562,Road Freight (Truck),674.83,5,4,Early,0,SMB,6479,7500,1.33,Clear
SHIP-10003,2025-09-28,WH-North-Delhi,Delhi,Kochi,Electronics,273,55788.78,1735,Road Freight (Truck),1511.52,8,8,On-Time,0,Enterprise,5727,10000,1.3,Clear
SHIP-10004,2025-04-17,WH-South-Bengaluru,Bengaluru,Kanpur,Consumer Goods,106,22146.94,1929,Rail Freight,1127.1,12,12,On-Time,0,Enterprise,4204,8500,1.51,Clear
SHIP-10005,2025-03-13,WH-North-Delhi,Delhi,Surat,Electronics,126,27597.49,808,Road Freight (Truck),714.51,6,6,On-Time,0,E-Commerce Retailer,5143,10000,1.16,Clear
