shipment_id,order_date,warehouse,origin_city,destination_city,product_category,quantity,order_value,distance_km,transportation_mode,shipping_cost,estimated_delivery_days,actual_delivery_days,delivery_status,delay_days,customer_segment,inventory_level,warehouse_capacity,fuel_cost,weather_condition,delivery_time,cost_per_km,cost_per_shipment,is_delayed,is_on_time,warehouse_utilization,route
SHIP-10001,2025-04-13,WH-North-Delhi,Delhi,Jaipur,Electronics,226,39080.97,636,Road Freight (Truck),646.53,5,7,Delayed,2,SMB,8136,10000,1.41,Rainy,7,1.0166,646.53,1,0,81.36,Delhi -> Jaipur
SHIP-10002,2025-12-15,WH-East-Kolkata,Kolkata,Kanpur,Automotive Parts,404,66387.53,562,Road Freight (Truck),674.83,5,4,Early,0,SMB,6479,7500,1.33,Clear,4,1.2008,674.83,0,1,86.39,Kolkata -> Kanpur
SHIP-10003,2025-09-28,WH-North-Delhi,Delhi,Kochi,Electronics,273,55788.78,1735,Road Freight (Truck),1511.52,8,8,On-Time,0,Enterprise,5727,10000,1.3,Clear,8,0.8712,1511.52,0,1,57.27,Delhi -> Kochi
SHIP-10004,2025-04-17,WH-South-Bengaluru,Bengaluru,Kanpur,Consumer Goods,106,22146.94,1929,Rail Freight,1127.1,12,12,On-Time,0,Enterprise,4204,8500,1.51,Clear,12,0.5843,1127.1,0,1,49.46,Bengaluru -> Kanpur
SHIP-10005,2025-03-13,WH-North-Delhi,Delhi,Surat,Electronics,126,27597.49,808,Road Freight (Truck),714.51,6,6,On-Time,0,E-Commerce Retailer,5143,10000,1.16,Clear,6,0.8843,714.51,0,1,51.43,Delhi -> Surat
SHIP-10006,2025-07-08,WH-North-Delhi,Delhi,Chandigarh,Electronics,208,23362.75,969,Road Freight (Truck),909.42,5,5,On-Time,0,Enterprise,8226,10000,1.31,Clear,5,0.9385,909.42,0,1,82.26,Delhi -> Chandigarh
SHIP-10007,2025-01-21,WH-North-Delhi,Delhi,Indore,Automotive Parts,329,58890.39,952,Road Freight (Truck),941.47,6,6,On-Time,0,SMB,6548,10000,1.55,Clear,6,0.9889,941.47,0,1,65.48,Delhi -> Indore
SHIP-10008,2025-04-13,WH-East-Kolkata,Kolkata,Lucknow,Consumer Goods,30,2341.17,458,Road Freight (Truck),408.62,4,3,Early,0,SMB,3839,7500,1.17,Clear,3,0.8922,408.62,0,1,51.19,Kolkata -> Lucknow
SHIP-10009,2025-05-02,WH-Central-Nagpur,Nagpur,Kochi,Consumer Goods,209,52217.4,1581,Rail Freight,971.22,9,10,Delayed,1,E-Commerce Retailer,3659,6000,1.2,Rainy,10,0.6143,971.22,1,0,60.98,Nagpur -> Kochi
SHIP-10010,2025-08-03,WH-East-Kolkata,Kolkata,Kanpur,Electronics,380,21357.35,1588,Air Cargo,3047.64,4,4,On-Time,0,Individual,5187,7500,1.33,Clear,4,1.9192,3047.64,0,1,69.16,Kolkata -> Kanpur
SHIP-10011,2025-11-27,WH-West-Mumbai,Mumbai,Patna,Apparel,350,6081.91,1279,Road Freight (Truck),1211.19,8,9,Delayed,1,E-Commerce Retailer,10205,12000,1.68,Rainy,9,0.947,1211.19,1,0,85.04,Mumbai -> Patna
SHIP-10012,2025-03-29,WH-South-Bengaluru,Bengaluru,Surat,Apparel,257,12842.3,506,Road Freight (Truck),580.72,5,7,Delayed,2,Enterprise,6388,8500,1.61,Clear,7,1.1477,580.72,1,0,75.15,Bengaluru -> Surat
SHIP-10013,2025-04-10,WH-North-Delhi,Delhi,Patna,Consumer Goods,285,56239.05,1168,Road Freight (Truck),1058.98,7,7,On-Time,0,Enterprise,5327,10000,1.16,Clear,7,0.9067,1058.98,0,1,53.27,Delhi -> Patna
SHIP-10014,2025-12-26,WH-West-Mumbai,Mumbai,Lucknow,Consumer Goods,273,32758.41,625,Road Freight (Truck),670.58,5,5,On-Time,0,SMB,6295,12000,1.45,Clear,5,1.0729,670.58,0,1,52.46,Mumbai -> Lucknow
SHIP-10015,2025-06-01,WH-Central-Nagpur,Nagpur,Kochi,Automotive Parts,67,8050.89,1468,Road Freight (Truck),1226.64,7,8,Delayed,1,Enterprise,3862,6000,1.31,Clear,8,0.8356,1226.64,1,0,64.37,Nagpur -> Kochi
SHIP-10016,2025-05-11,WH-North-Delhi,Delhi,Surat,Consumer Goods,311,74462.85,1838,Rail Freight,1142.57,12,12,On-Time,0,Enterprise,4853,10000,1.54,Rainy,12,0.6216,1142.57,0,1,48.53,Delhi -> Surat
SHIP-10017,2025-05-30,WH-North-Delhi,Delhi,Kochi,Consumer Goods,40,9244.57,799,Road Freight (Truck),694.71,6,6,On-Time,0,SMB,8051,10000,1.58,Clear,6,0.8695,694.71,0,1,80.51,Delhi -> Kochi
SHIP-10018,2025-11-05,WH-North-Delhi,Delhi,Indore,Consumer Goods,258,22737.74,1481,Road Freight (Truck),1329.46,8,9,Delayed,1,SMB,6386,10000,1.67,Severe Heat,9,0.8977,1329.46,1,0,63.86,Delhi -> Indore
SHIP-10019,2025-09-15,WH-North-Delhi,Delhi,Coimbatore,Industrial Equipment,102,6541.12,809,Express Courier,1283.63,4,5,Delayed,1,Individual,6112,10000,1.44,Severe Heat,5,1.5867,1283.63,1,0,61.12,Delhi -> Coimbatore
SHIP-10020,2025-12-10,WH-North-Delhi,Delhi,Surat,Consumer Goods,274,58743.77,1004,Road Freight (Truck),952.31,6,5,Early,0,Enterprise,6892,10000,1.75,Clear,5,0.9485,952.31,0,1,68.92,Delhi -> Surat
SHIP-10021,2025-10-21,WH-South-Bengaluru,Bengaluru,Patna,Apparel,280,63816.05,1238,Road Freight (Truck),1153.75,7,10,Delayed,3,Enterprise,6657,8500,1.74,Foggy,10,0.9319,1153.75,1,0,78.32,Bengaluru -> Patna
SHIP-10022,2025-07-11,WH-West-Mumbai,Mumbai,Lucknow,Consumer Goods,103,14654.35,1688,Road Freight (Truck),1390.52,8,8,On-Time,0,Enterprise,8611,12000,1.68,Clear,8,0.8238,1390.52,0,1,71.76,Mumbai -> Lucknow
SHIP-10023,2025-10-04,WH-Central-Nagpur,Nagpur,Chandigarh,Perishables,163,26555.08,742,Road Freight (Truck),696.41,4,4,On-Time,0,Individual,4962,6000,1.49,Clear,4,0.9386,696.41,0,1,82.7,Nagpur -> Chandigarh
SHIP-10024,2025-06-10,WH-East-Kolkata,Kolkata,Indore,Consumer Goods,403,30376.07,1289,Express Courier,2094.72,4,5,Delayed,1,E-Commerce Retailer,5593,7500,1.39,Rainy,5,1.6251,2094.72,1,0,74.57,Kolkata -> Indore
SHIP-10025,2025-11-10,WH-West-Mumbai,Mumbai,Coimbatore,Industrial Equipment,294,59737.46,1012,Road Freight (Truck),992.52,6,7,Delayed,1,E-Commerce Retailer,9844,12000,1.37,Clear,7,0.9808,992.52,1,0,82.03,Mumbai -> Coimbatore
SHIP-10026,2025-01-22,WH-West-Mumbai,Mumbai,Chandigarh,Consumer Goods,89,14555.84,1072,Road Freight (Truck),890.32,6,5,Early,0,Individual,9329,12000,1.16,Clear,5,0.8305,890.32,0,1,77.74,Mumbai -> Chandigarh
SHIP-10027,2025-09-10,WH-West-Mumbai,Mumbai,Jaipur,Electronics,301,40131.03,1374,Air Cargo,2595.25,5,5,On-Time,0,SMB,6489,12000,1.3,Clear,5,1.8888,2595.25,0,1,54.08,Mumbai -> Jaipur
SHIP-10028,2025-08-24,WH-South-Bengaluru,Bengaluru,Indore,Industrial Equipment,93,2708.67,903,Road Freight (Truck),807.68,5,5,On-Time,0,SMB,4034,8500,1.58,Clear,5,0.8944,807.68,0,1,47.46,Bengaluru -> Indore
SHIP-10029,2025-12-11,WH-West-Mumbai,Mumbai,Lucknow,Consumer Goods,374,86111.52,1991,Express Courier,3109.76,6,6,On-Time,0,Enterprise,10495,12000,1.51,Clear,6,1.5619,3109.76,0,1,87.46,Mumbai -> Lucknow
SHIP-10030,2025-02-18,WH-South-Bengaluru,Bengaluru,Kanpur,Automotive Parts,383,61138.71,614,Road Freight (Truck),711.44,4,4,On-Time,0,SMB,7602,8500,1.7,Clear,4,1.1587,711.44,0,1,89.44,Bengaluru -> Kanpur
SHIP-10031,2025-02-28,WH-West-Mumbai,Mumbai,Surat,Automotive Parts,46,2772.99,1181,Express Courier,1782.85,5,5,On-Time,0,SMB,9499,12000,1.18,Clear,5,1.5096,1782.85,0,1,79.16,Mumbai -> Surat
SHIP-10032,2025-06-19,WH-South-Bengaluru,Bengaluru,Kochi,Automotive Parts,351,55282.76,1568,Road Freight (Truck),1397.06,8,8,On-Time,0,SMB,6718,8500,1.24,Clear,8,0.891,1397.06,0,1,79.04,Bengaluru -> Kochi
SHIP-10033,2025-07-07,WH-West-Mumbai,Mumbai,Lucknow,Electronics,336,58532.51,1790,Air Cargo,3379.68,5,7,Delayed,2,Individual,6923,12000,1.62,Foggy,7,1.8881,3379.68,1,0,57.69,Mumbai -> Lucknow
SHIP-10034,2025-09-28,WH-West-Mumbai,Mumbai,Surat,Industrial Equipment,416,57639.31,1989,Rail Freight,1292.57,11,11,On-Time,0,Individual,8459,12000,1.37,Clear,11,0.6499,1292.57,0,1,70.49,Mumbai -> Surat
SHIP-10035,2025-07-09,WH-Central-Nagpur,Nagpur,Chandigarh,Consumer Goods,434,79749.2,866,Road Freight (Truck),934.38,5,5,On-Time,0,E-Commerce Retailer,5498,6000,1.22,Foggy,5,1.079,934.38,0,1,91.63,Nagpur -> Chandigarh
SHIP-10036,2025-06-24,WH-East-Kolkata,Kolkata,Kochi,Automotive Parts,241,36545.64,556,Road Freight (Truck),640.87,5,6,Delayed,1,E-Commerce Retailer,6392,7500,1.75,Rainy,6,1.1526,640.87,1,0,85.23,Kolkata -> Kochi
SHIP-10037,2025-02-20,WH-North-Delhi,Delhi,Bhopal,Apparel,102,24248.04,1974,Road Freight (Truck),1618.83,10,11,Delayed,1,E-Commerce Retailer,5930,10000,1.62,Rainy,11,0.8201,1618.83,1,0,59.3,Delhi -> Bhopal
SHIP-10038,2025-12-30,WH-Central-Nagpur,Nagpur,Patna,Automotive Parts,345,9528.49,1511,Road Freight (Truck),1353.51,9,9,On-Time,0,Enterprise,3548,6000,1.4,Rainy,9,0.8958,1353.51,0,1,59.13,Nagpur -> Patna
SHIP-10039,2025-02-24,WH-West-Mumbai,Mumbai,Jaipur,Consumer Goods,111,4436.42,464,Road Freight (Truck),485.76,3,3,On-Time,0,Enterprise,8127,12000,1.64,Clear,3,1.0469,485.76,0,1,67.73,Mumbai -> Jaipur
SHIP-10040,2025-09-01,WH-Central-Nagpur,Nagpur,Indore,Apparel,421,23497.2,1303,Rail Freight,939.6,9,9,On-Time,0,E-Commerce Retailer,3840,6000,1.56,Clear,9,0.7211,939.6,0,1,64.0,Nagpur -> Indore
SHIP-10041,2025-11-16,WH-East-Kolkata,Kolkata,Lucknow,Electronics,441,78140.88,669,Express Courier,1235.84,4,4,On-Time,0,E-Commerce Retailer,4683,7500,1.62,Clear,4,1.8473,1235.84,0,1,62.44,Kolkata -> Lucknow
SHIP-10042,2025-05-11,WH-West-Mumbai,Mumbai,Jaipur,Industrial Equipment,175,29175.13,1805,Rail Freight,1070.58,12,13,Delayed,1,Enterprise,8936,12000,1.64,Severe Heat,13,0.5931,1070.58,1,0,74.47,Mumbai -> Jaipur
SHIP-10043,2025-11-03,WH-North-Delhi,Delhi,Kanpur,Consumer Goods,168,37738.48,2055,Express Courier,3098.28,7,7,On-Time,0,Individual,4554,10000,1.2,Rainy,7,1.5077,3098.28,0,1,45.54,Delhi -> Kanpur
SHIP-10044,2025-05-15,WH-West-Mumbai,Mumbai,Surat,Apparel,23,4306.2,939,Road Freight (Truck),803.53,6,6,On-Time,0,Enterprise,9705,12000,1.52,Clear,6,0.8557,803.53,0,1,80.88,Mumbai -> Surat
SHIP-10045,2025-01-21,WH-South-Bengaluru,Bengaluru,Surat,Industrial Equipment,382,51365.07,660,Express Courier,1197.45,3,3,On-Time,0,Enterprise,6781,8500,1.15,Clear,3,1.8143,1197.45,0,1,79.78,Bengaluru -> Surat
SHIP-10046,2025-11-25,WH-South-Bengaluru,Bengaluru,Lucknow,Apparel,234,58050.83,263,Road Freight (Truck),358.9,4,4,On-Time,0,E-Commerce Retailer,7142,8500,1.18,Severe Heat,4,1.3646,358.9,0,1,84.02,Bengaluru -> Lucknow
SHIP-10047,2025-06-16,WH-West-Mumbai,Mumbai,Coimbatore,Electronics,82,6357.9,707,Road Freight (Truck),640.99,4,4,On-Time,0,Enterprise,10145,12000,1.69,Clear,4,0.9066,640.99,0,1,84.54,Mumbai -> Coimbatore
SHIP-10048,2025-10-01,WH-North-Delhi,Delhi,Coimbatore,Apparel,258,54386.41,776,Road Freight (Truck),769.61,6,6,On-Time,0,Enterprise,7162,10000,1.47,Clear,6,0.9918,769.61,0,1,71.62,Delhi -> Coimbatore
SHIP-10049,2025-03-30,WH-East-Kolkata,Kolkata,Bhopal,Consumer Goods,100,11529.57,1884,Road Freight (Truck),1566.5,10,10,On-Time,0,Enterprise,6124,7500,1.59,Clear,10,0.8315,1566.5,0,1,81.65,Kolkata -> Bhopal
SHIP-10050,2025-11-12,WH-Central-Nagpur,Nagpur,Patna,Consumer Goods,225,37676.87,1719,Rail Freight,1093.67,10,12,Delayed,2,E-Commerce Retailer,4088,6000,1.65,Severe Heat,12,0.6362,1093.67,1,0,68.13,Nagpur -> Patna
SHIP-10051,2025-01-14,WH-South-Bengaluru,Bengaluru,Kochi,Electronics,99,18404.9,2002,Air Cargo,3665.08,5,4,Early,0,SMB,7626,8500,1.72,Clear,4,1.8307,3665.08,0,1,89.72,Bengaluru -> Kochi
SHIP-10052,2025-08-30,WH-North-Delhi,Delhi,Kanpur,Electronics,38,6229.42,464,Express Courier,773.43,3,3,On-Time,0,E-Commerce Retailer,5396,10000,1.67,Clear,3,1.6669,773.43,0,1,53.96,Delhi -> Kanpur
SHIP-10053,2025-09-22,WH-West-Mumbai,Mumbai,Jaipur,Consumer Goods,444,21320.53,1412,Rail Freight,1003.96,9,11,Delayed,2,SMB,10564,12000,1.44,Rainy,11,0.711,1003.96,1,0,88.03,Mumbai -> Jaipur
SHIP-10054,2025-12-12,WH-North-Delhi,Delhi,Coimbatore,Industrial Equipment,314,37395.36,1983,Road Freight (Truck),1717.49,10,10,On-Time,0,Enterprise,5715,10000,1.35,Clear,10,0.8661,1717.49,0,1,57.15,Delhi -> Coimbatore
SHIP-10055,2025-02-22,WH-Central-Nagpur,Nagpur,Bhopal,Electronics,436,64064.98,815,Road Freight (Truck),883.04,5,5,On-Time,0,Individual,2989,6000,1.24,Stormy,5,1.0835,883.04,0,1,49.82,Nagpur -> Bhopal
SHIP-10056,2025-12-06,WH-North-Delhi,Delhi,Bhopal,Consumer Goods,229,49126.29,1916,Rail Freight,1164.24,12,12,On-Time,0,Enterprise,6563,10000,1.39,Clear,12,0.6076,1164.24,0,1,65.63,Delhi -> Bhopal
SHIP-10057,2025-04-02,WH-South-Bengaluru,Bengaluru,Lucknow,Perishables,337,40189.53,387,Road Freight (Truck),527.06,4,5,Delayed,1,Individual,6281,8500,1.37,Clear,5,1.3619,527.06,1,0,73.89,Bengaluru -> Lucknow
SHIP-10058,2025-09-21,WH-West-Mumbai,Mumbai,Kanpur,Electronics,224,51722.86,288,Road Freight (Truck),367.04,4,6,Delayed,2,SMB,6702,12000,1.49,Foggy,6,1.2744,367.04,1,0,55.85,Mumbai -> Kanpur
SHIP-10059,2025-02-04,WH-South-Bengaluru,Bengaluru,Chandigarh,Apparel,230,27252.23,1914,Rail Freight,1151.01,11,12,Delayed,1,Individual,6045,8500,1.55,Severe Heat,12,0.6014,1151.01,1,0,71.12,Bengaluru -> Chandigarh
SHIP-10060,2025-07-25,WH-South-Bengaluru,Bengaluru,Kochi,Industrial Equipment,398,57297.38,1882,Rail Freight,1213.82,11,11,On-Time,0,Enterprise,7052,8500,1.74,Clear,11,0.645,1213.82,0,1,82.96,Bengaluru -> Kochi
SHIP-10061,2025-03-22,WH-East-Kolkata,Kolkata,Patna,Perishables,51,10308.48,152,Express Courier,305.45,2,4,Delayed,2,SMB,4281,7500,1.59,Clear,4,2.0095,305.45,1,0,57.08,Kolkata -> Patna
SHIP-10062,2025-02-19,WH-North-Delhi,Delhi,Indore,Industrial Equipment,144,21891.01,496,Road Freight (Truck),535.85,4,3,Early,0,Enterprise,7227,10000,1.54,Foggy,3,1.0803,535.85,0,1,72.27,Delhi -> Indore
SHIP-10063,2025-12-26,WH-North-Delhi,Delhi,Lucknow,Industrial Equipment,51,12273.21,1357,Rail Freight,778.01,8,8,On-Time,0,Enterprise,6094,10000,1.35,Clear,8,0.5733,778.01,0,1,60.94,Delhi -> Lucknow
SHIP-10064,2025-01-02,WH-North-Delhi,Delhi,Kochi,Automotive Parts,173,29440.95,1705,Rail Freight,1008.12,10,13,Delayed,3,SMB,6989,10000,1.17,Stormy,13,0.5913,1008.12,1,0,69.89,Delhi -> Kochi
SHIP-10065,2025-02-23,WH-Central-Nagpur,Nagpur,Indore,Consumer Goods,370,50999.59,1583,Rail Freight,1043.48,10,13,Delayed,3,Enterprise,4580,6000,1.32,Stormy,13,0.6592,1043.48,1,0,76.33,Nagpur -> Indore
SHIP-10066,2025-04-16,WH-Central-Nagpur,Nagpur,Indore,Industrial Equipment,292,5998.88,1635,Rail Freight,1074.56,10,10,On-Time,0,SMB,3688,6000,1.61,Clear,10,0.6572,1074.56,0,1,61.47,Nagpur -> Indore
SHIP-10067,2025-09-17,WH-South-Bengaluru,Bengaluru,Kanpur,Electronics,67,7519.22,512,Express Courier,853.41,4,4,On-Time,0,Enterprise,7797,8500,1.27,Severe Heat,4,1.6668,853.41,0,1,91.73,Bengaluru -> Kanpur
SHIP-10068,2025-11-06,WH-South-Bengaluru,Bengaluru,Kanpur,Perishables,311,26535.57,608,Express Courier,1106.0,3,2,Early,0,Enterprise,6077,8500,1.58,Clear,2,1.8191,1106.0,0,1,71.49,Bengaluru -> Kanpur
SHIP-10069,2025-07-10,WH-South-Bengaluru,Bengaluru,Jaipur,Consumer Goods,331,63156.4,841,Express Courier,1448.65,3,4,Delayed,1,E-Commerce Retailer,7118,8500,1.5,Rainy,4,1.7225,1448.65,1,0,83.74,Bengaluru -> Jaipur
SHIP-10070,2025-08-06,WH-North-Delhi,Delhi,Bhopal,Apparel,34,2174.14,1065,Road Freight (Truck),913.23,6,6,On-Time,0,SMB,7908,10000,1.25,Clear,6,0.8575,913.23,0,1,79.08,Delhi -> Bhopal
SHIP-10071,2025-02-13,WH-Central-Nagpur,Nagpur,Kochi,Consumer Goods,82,5184.59,1172,Road Freight (Truck),966.52,6,9,Delayed,3,SMB,5104,6000,1.31,Stormy,9,0.8247,966.52,1,0,85.07,Nagpur -> Kochi
SHIP-10072,2025-06-11,WH-West-Mumbai,Mumbai,Lucknow,Industrial Equipment,382,22743.12,158,Road Freight (Truck),344.36,2,4,Delayed,2,SMB,6380,12000,1.45,Rainy,4,2.1795,344.36,1,0,53.17,Mumbai -> Lucknow
SHIP-10073,2025-07-21,WH-West-Mumbai,Mumbai,Surat,Electronics,420,18698.26,2002,Road Freight (Truck),1769.01,11,12,Delayed,1,E-Commerce Retailer,6655,12000,1.4,Rainy,12,0.8836,1769.01,1,0,55.46,Mumbai -> Surat
SHIP-10074,2025-09-27,WH-South-Bengaluru,Bengaluru,Lucknow,Automotive Parts,138,12155.96,1755,Road Freight (Truck),1474.16,9,9,On-Time,0,Enterprise,5772,8500,1.62,Stormy,9,0.84,1474.16,0,1,67.91,Bengaluru -> Lucknow
SHIP-10075,2025-12-17,WH-North-Delhi,Delhi,Jaipur,Automotive Parts,96,21426.4,1316,Rail Freight,804.68,8,9,Delayed,1,E-Commerce Retailer,8505,10000,1.59,Clear,9,0.6115,804.68,1,0,85.05,Delhi -> Jaipur
SHIP-10076,2025-10-31,WH-North-Delhi,Delhi,Patna,Electronics,339,66819.68,1160,Road Freight (Truck),1108.04,6,7,Delayed,1,Individual,5428,10000,1.49,Clear,7,0.9552,1108.04,1,0,54.28,Delhi -> Patna
SHIP-10077,2025-09-28,WH-East-Kolkata,Kolkata,Bhopal,Industrial Equipment,435,81686.06,1199,Road Freight (Truck),1196.9,6,6,On-Time,0,E-Commerce Retailer,6798,7500,1.64,Foggy,6,0.9982,1196.9,0,1,90.64,Kolkata -> Bhopal
SHIP-10078,2025-08-03,WH-North-Delhi,Delhi,Surat,Industrial Equipment,445,90056.5,345,Road Freight (Truck),505.83,3,4,Delayed,1,SMB,5099,10000,1.49,Rainy,4,1.4662,505.83,1,0,50.99,Delhi -> Surat
SHIP-10079,2025-09-09,WH-South-Bengaluru,Bengaluru,Coimbatore,Apparel,162,12686.74,1701,Rail Freight,1035.87,10,10,On-Time,0,SMB,4524,8500,1.73,Stormy,10,0.609,1035.87,0,1,53.22,Bengaluru -> Coimbatore
SHIP-10080,2025-07-09,WH-North-Delhi,Delhi,Patna,Consumer Goods,191,42697.82,186,Road Freight (Truck),296.09,2,2,On-Time,0,E-Commerce Retailer,5285,10000,1.28,Stormy,2,1.5919,296.09,0,1,52.85,Delhi -> Patna
SHIP-10081,2025-10-23,WH-West-Mumbai,Mumbai,Kanpur,Consumer Goods,134,6333.68,1340,Road Freight (Truck),1149.12,8,8,On-Time,0,SMB,8705,12000,1.58,Clear,8,0.8576,1149.12,0,1,72.54,Mumbai -> Kanpur
SHIP-10082,2025-08-01,WH-West-Mumbai,Mumbai,Indore,Electronics,76,7147.13,1797,Rail Freight,1039.43,11,11,On-Time,0,Enterprise,10574,12000,1.37,Clear,11,0.5784,1039.43,0,1,88.12,Mumbai -> Indore
SHIP-10083,2025-07-27,WH-West-Mumbai,Mumbai,Coimbatore,Consumer Goods,15,2293.29,954,Road Freight (Truck),813.32,5,5,On-Time,0,Enterprise,6838,12000,1.32,Clear,5,0.8525,813.32,0,1,56.98,Mumbai -> Coimbatore
SHIP-10084,2025-08-25,WH-East-Kolkata,Kolkata,Lucknow,Automotive Parts,134,5250.48,1166,Road Freight (Truck),1011.49,7,7,On-Time,0,E-Commerce Retailer,5324,7500,1.26,Rainy,7,0.8675,1011.49,0,1,70.99,Kolkata -> Lucknow
SHIP-10085,2025-12-04,WH-West-Mumbai,Mumbai,Lucknow,Electronics,323,60265.53,1118,Road Freight (Truck),1098.9,6,5,Early,0,Enterprise,6391,12000,1.48,Clear,5,0.9829,1098.9,0,1,53.26,Mumbai -> Lucknow
SHIP-10086,2025-02-22,WH-South-Bengaluru,Bengaluru,Kanpur,Automotive Parts,335,35510.95,1749,Rail Freight,1139.29,11,13,Delayed,2,E-Commerce Retailer,6346,8500,1.28,Foggy,13,0.6514,1139.29,1,0,74.66,Bengaluru -> Kanpur
SHIP-10087,2025-10-07,WH-West-Mumbai,Mumbai,Jaipur,Consumer Goods,62,12358.79,1897,Rail Freight,1082.78,11,11,On-Time,0,SMB,6095,12000,1.27,Clear,11,0.5708,1082.78,0,1,50.79,Mumbai -> Jaipur
SHIP-10088,2025-08-05,WH-South-Bengaluru,Bengaluru,Kochi,Apparel,75,9812.3,356,Road Freight (Truck),392.77,3,3,On-Time,0,SMB,5787,8500,1.74,Clear,3,1.1033,392.77,0,1,68.08,Bengaluru -> Kochi
SHIP-10089,2025-09-09,WH-Central-Nagpur,Nagpur,Coimbatore,Industrial Equipment,323,18574.28,1076,Road Freight (Truck),1051.31,7,7,On-Time,0,Enterprise,4547,6000,1.63,Clear,7,0.9771,1051.31,0,1,75.78,Nagpur -> Coimbatore
SHIP-10090,2025-07-07,WH-East-Kolkata,Kolkata,Coimbatore,Automotive Parts,91,17077.88,1038,Road Freight (Truck),931.11,6,6,On-Time,0,Enterprise,5416,7500,1.6,Clear,6,0.897,931.11,0,1,72.21,Kolkata -> Coimbatore
SHIP-10091,2025-02-10,WH-North-Delhi,Delhi,Chandigarh,Consumer Goods,96,7128.37,2066,Express Courier,3112.9,7,8,Delayed,1,Individual,5158,10000,1.63,Rainy,8,1.5067,3112.9,1,0,51.58,Delhi -> Chandigarh
SHIP-10092,2025-06-06,WH-North-Delhi,Delhi,Patna,Consumer Goods,11,1433.74,1709,Road Freight (Truck),1392.05,8,8,On-Time,0,E-Commerce Retailer,5258,10000,1.73,Clear,8,0.8145,1392.05,0,1,52.58,Delhi -> Patna
SHIP-10093,2025-01-15,WH-West-Mumbai,Mumbai,Bhopal,Consumer Goods,213,6975.82,1281,Rail Freight,823.19,8,8,On-Time,0,E-Commerce Retailer,9186,12000,1.49,Clear,8,0.6426,823.19,0,1,76.55,Mumbai -> Bhopal
SHIP-10094,2025-10-28,WH-South-Bengaluru,Bengaluru,Patna,Electronics,159,25471.59,592,Road Freight (Truck),592.49,4,6,Delayed,2,SMB,7056,8500,1.28,Clear,6,1.0008,592.49,1,0,83.01,Bengaluru -> Patna
SHIP-10095,2025-03-06,WH-North-Delhi,Delhi,Kochi,Consumer Goods,302,51785.93,1988,Express Courier,3085.75,6,8,Delayed,2,E-Commerce Retailer,8767,10000,1.67,Foggy,8,1.5522,3085.75,1,0,87.67,Delhi -> Kochi
SHIP-10096,2025-12-11,WH-West-Mumbai,Mumbai,Lucknow,Consumer Goods,413,42947.23,1927,Rail Freight,1275.56,12,15,Delayed,3,SMB,9988,12000,1.6,Foggy,15,0.6619,1275.56,1,0,83.23,Mumbai -> Lucknow
SHIP-10097,2025-11-23,WH-South-Bengaluru,Bengaluru,Lucknow,Consumer Goods,112,26800.41,672,Road Freight (Truck),619.11,4,3,Early,0,SMB,7715,8500,1.4,Clear,3,0.9213,619.11,0,1,90.76,Bengaluru -> Lucknow
SHIP-10098,2025-01-09,WH-West-Mumbai,Mumbai,Lucknow,Industrial Equipment,33,7274.18,1753,Rail Freight,1007.53,11,12,Delayed,1,Enterprise,7702,12000,1.43,Rainy,12,0.5747,1007.53,1,0,64.18,Mumbai -> Lucknow
SHIP-10099,2025-12-10,WH-East-Kolkata,Kolkata,Chandigarh,Consumer Goods,377,68375.03,814,Express Courier,1422.82,4,4,On-Time,0,SMB,4542,7500,1.4,Clear,4,1.7479,1422.82,0,1,60.56,Kolkata -> Chandigarh
SHIP-10100,2025-05-09,WH-North-Delhi,Delhi,Lucknow,Consumer Goods,221,40378.52,1783,Express Courier,2728.67,5,5,On-Time,0,E-Commerce Retailer,4632,10000,1.71,Clear,5,1.5304,2728.67,0,1,46.32,Delhi -> Lucknow
SHIP-10101,2025-05-16,WH-North-Delhi,Delhi,Kochi,Consumer Goods,74,5499.27,1372,Road Freight (Truck),1125.6,7,8,Delayed,1,Individual,6614,10000,1.36,Rainy,8,0.8204,1125.6,1,0,66.14,Delhi -> Kochi
SHIP-10102,2025-03-04,WH-East-Kolkata,Kolkata,Kanpur,Industrial Equipment,218,36918.64,436,Express Courier,823.26,3,3,On-Time,0,Enterprise,5671,7500,1.73,Clear,3,1.8882,823.26,0,1,75.61,Kolkata -> Kanpur
SHIP-10103,2025-05-19,WH-West-Mumbai,Mumbai,Bhopal,Automotive Parts,260,16010.4,717,Express Courier,1216.15,4,6,Delayed,2,E-Commerce Retailer,9998,12000,1.7,Foggy,6,1.6962,1216.15,1,0,83.32,Mumbai -> Bhopal
SHIP-10104,2025-03-22,WH-South-Bengaluru,Bengaluru,Kochi,Apparel,394,19243.26,887,Road Freight (Truck),948.04,5,5,On-Time,0,SMB,4893,8500,1.53,Clear,5,1.0688,948.04,0,1,57.56,Bengaluru -> Kochi
SHIP-10105,2025-06-12,WH-West-Mumbai,Mumbai,Bhopal,Industrial Equipment,126,31484.24,1864,Road Freight (Truck),1541.66,10,11,Delayed,1,SMB,8296,12000,1.5,Severe Heat,11,0.8271,1541.66,1,0,69.13,Mumbai -> Bhopal
SHIP-10106,2025-10-16,WH-North-Delhi,Delhi,Kochi,Consumer Goods,125,20157.29,1870,Rail Freight,1102.37,12,12,On-Time,0,Enterprise,7611,10000,1.37,Clear,12,0.5895,1102.37,0,1,76.11,Delhi -> Kochi
SHIP-10107,2025-09-18,WH-East-Kolkata,Kolkata,Lucknow,Apparel,246,28605.41,1005,Road Freight (Truck),940.14,7,8,Delayed,1,SMB,5319,7500,1.16,Rainy,8,0.9355,940.14,1,0,70.92,Kolkata -> Lucknow
SHIP-10108,2025-08-19,WH-East-Kolkata,Kolkata,Kanpur,Consumer Goods,114,9429.93,1755,Rail Freight,1016.23,10,9,Early,0,SMB,4340,7500,1.23,Stormy,9,0.579,1016.23,0,1,57.87,Kolkata -> Kanpur
SHIP-10109,2025-02-10,WH-South-Bengaluru,Bengaluru,Coimbatore,Consumer Goods,268,42054.91,680,Express Courier,1196.66,4,4,On-Time,0,Enterprise,7006,8500,1.6,Clear,4,1.7598,1196.66,0,1,82.42,Bengaluru -> Coimbatore
SHIP-10110,2025-01-28,WH-West-Mumbai,Mumbai,Patna,Industrial Equipment,55,1466.0,1344,Road Freight (Truck),1112.07,8,8,On-Time,0,E-Commerce Retailer,6377,12000,1.43,Clear,8,0.8274,1112.07,0,1,53.14,Mumbai -> Patna
SHIP-10111,2025-05-15,WH-South-Bengaluru,Bengaluru,Indore,Automotive Parts,320,11920.01,2091,Road Freight (Truck),1797.44,11,11,On-Time,0,E-Commerce Retailer,7440,8500,1.24,Clear,11,0.8596,1797.44,0,1,87.53,Bengaluru -> Indore
SHIP-10112,2025-07-20,WH-West-Mumbai,Mumbai,Kanpur,Electronics,340,7725.25,377,Road Freight (Truck),475.64,4,5,Delayed,1,SMB,10772,12000,1.31,Rainy,5,1.2616,475.64,1,0,89.77,Mumbai -> Kanpur
SHIP-10113,2025-11-24,WH-North-Delhi,Delhi,Coimbatore,Apparel,225,29768.6,1623,Rail Freight,1005.36,10,10,On-Time,0,Individual,6218,10000,1.72,Clear,10,0.6194,1005.36,0,1,62.18,Delhi -> Coimbatore
SHIP-10114,2025-09-25,WH-Central-Nagpur,Nagpur,Jaipur,Apparel,310,48404.19,2031,Road Freight (Truck),1767.92,10,11,Delayed,1,Enterprise,3760,6000,1.37,Clear,11,0.8705,1767.92,1,0,62.67,Nagpur -> Jaipur
SHIP-10115,2025-02-02,WH-North-Delhi,Delhi,Kochi,Electronics,419,12437.07,1321,Rail Freight,954.54,9,10,Delayed,1,Enterprise,7993,10000,1.69,Rainy,10,0.7226,954.54,1,0,79.93,Delhi -> Kochi
SHIP-10116,2025-02-17,WH-Central-Nagpur,Nagpur,Jaipur,Electronics,342,63094.81,876,Road Freight (Truck),877.43,6,6,On-Time,0,E-Commerce Retailer,3986,6000,1.33,Clear,6,1.0016,877.43,0,1,66.43,Nagpur -> Jaipur
SHIP-10117,2025-03-03,WH-West-Mumbai,Mumbai,Coimbatore,Consumer Goods,33,2281.71,242,Road Freight (Truck),262.03,3,4,Delayed,1,Enterprise,5561,12000,1.48,Rainy,4,1.0828,262.03,1,0,46.34,Mumbai -> Coimbatore
SHIP-10118,2025-08-04,WH-North-Delhi,Delhi,Kanpur,Electronics,44,7744.98,461,Road Freight (Truck),438.99,3,3,On-Time,0,Enterprise,8823,10000,1.16,Clear,3,0.9523,438.99,0,1,88.23,Delhi -> Kanpur
SHIP-10119,2025-10-20,WH-South-Bengaluru,Bengaluru,Kochi,Electronics,33,8109.61,1314,Air Cargo,2417.5,4,4,On-Time,0,Enterprise,5545,8500,1.46,Clear,4,1.8398,2417.5,0,1,65.24,Bengaluru -> Kochi
SHIP-10120,2025-04-09,WH-Central-Nagpur,Nagpur,Indore,Consumer Goods,37,6564.17,1988,Express Courier,2944.49,7,8,Delayed,1,Enterprise,3273,6000,1.53,Rainy,8,1.4811,2944.49,1,0,54.55,Nagpur -> Indore
SHIP-10121,2025-06-21,WH-East-Kolkata,Kolkata,Lucknow,Consumer Goods,25,5563.76,1791,Rail Freight,1024.16,11,12,Delayed,1,E-Commerce Retailer,5333,7500,1.29,Rainy,12,0.5718,1024.16,1,0,71.11,Kolkata -> Lucknow
SHIP-10122,2025-12-26,WH-East-Kolkata,Kolkata,Kochi,Industrial Equipment,68,16172.21,1202,Rail Freight,725.74,8,8,On-Time,0,Enterprise,4146,7500,1.5,Clear,8,0.6038,725.74,0,1,55.28,Kolkata -> Kochi
SHIP-10123,2025-08-02,WH-South-Bengaluru,Bengaluru,Kochi,Apparel,252,32605.4,1848,Rail Freight,1155.77,12,16,Delayed,4,SMB,4648,8500,1.54,Clear,16,0.6254,1155.77,1,0,54.68,Bengaluru -> Kochi
SHIP-10124,2025-02-04,WH-South-Bengaluru,Bengaluru,Kanpur,Perishables,447,80480.73,1608,Road Freight (Truck),1471.2,9,10,Delayed,1,Enterprise,6005,8500,1.56,Clear,10,0.9149,1471.2,1,0,70.65,Bengaluru -> Kanpur
SHIP-10125,2025-08-15,WH-East-Kolkata,Kolkata,Kanpur,Consumer Goods,216,46485.96,1923,Rail Freight,1149.8,11,10,Early,0,E-Commerce Retailer,4753,7500,1.62,Clear,10,0.5979,1149.8,0,1,63.37,Kolkata -> Kanpur
SHIP-10126,2025-04-11,WH-North-Delhi,Delhi,Coimbatore,Industrial Equipment,409,40410.47,379,Road Freight (Truck),551.29,3,2,Early,0,Enterprise,7193,10000,1.34,Clear,2,1.4546,551.29,0,1,71.93,Delhi -> Coimbatore
SHIP-10127,2025-05-11,WH-West-Mumbai,Mumbai,Surat,Automotive Parts,280,21399.94,1516,Rail Freight,990.59,9,9,On-Time,0,E-Commerce Retailer,11022,12000,1.49,Clear,9,0.6534,990.59,0,1,91.85,Mumbai -> Surat
SHIP-10128,2025-09-14,WH-North-Delhi,Delhi,Kochi,Apparel,258,61262.27,214,Road Freight (Truck),365.7,2,3,Delayed,1,SMB,8537,10000,1.74,Rainy,3,1.7089,365.7,1,0,85.37,Delhi -> Kochi
SHIP-10129,2025-01-05,WH-Central-Nagpur,Nagpur,Patna,Consumer Goods,276,51248.05,1268,Road Freight (Truck),1150.85,7,7,On-Time,0,Enterprise,2721,6000,1.69,Rainy,7,0.9076,1150.85,0,1,45.35,Nagpur -> Patna
SHIP-10130,2025-08-06,WH-Central-Nagpur,Nagpur,Kochi,Industrial Equipment,202,13458.31,160,Road Freight (Truck),286.37,3,3,On-Time,0,SMB,2842,6000,1.72,Clear,3,1.7898,286.37,0,1,47.37,Nagpur -> Kochi
SHIP-10131,2025-09-12,WH-North-Delhi,Delhi,Coimbatore,Electronics,344,41463.9,2034,Express Courier,3126.98,6,6,On-Time,0,Enterprise,7367,10000,1.38,Clear,6,1.5374,3126.98,0,1,73.67,Delhi -> Coimbatore
SHIP-10132,2025-12-25,WH-East-Kolkata,Kolkata,Bhopal,Consumer Goods,227,45891.72,373,Road Freight (Truck),449.62,3,5,Delayed,2,SMB,5582,7500,1.62,Clear,5,1.2054,449.62,1,0,74.43,Kolkata -> Bhopal
SHIP-10133,2025-10-10,WH-Central-Nagpur,Nagpur,Jaipur,Apparel,124,17801.42,126,Road Freight (Truck),224.42,2,2,On-Time,0,Enterprise,5176,6000,1.52,Clear,2,1.7811,224.42,0,1,86.27,Nagpur -> Jaipur
SHIP-10134,2025-07-26,WH-North-Delhi,Delhi,Lucknow,Apparel,77,12915.88,1614,Rail Freight,940.85,10,13,Delayed,3,Individual,7456,10000,1.2,Stormy,13,0.5829,940.85,1,0,74.56,Delhi -> Lucknow
SHIP-10135,2025-01-15,WH-South-Bengaluru,Bengaluru,Surat,Electronics,308,59177.74,847,Express Courier,1424.99,3,4,Delayed,1,Enterprise,4734,8500,1.64,Rainy,4,1.6824,1424.99,1,0,55.69,Bengaluru -> Surat
SHIP-10136,2025-12-12,WH-Central-Nagpur,Nagpur,Indore,Perishables,334,53831.5,1654,Express Courier,2614.94,5,5,On-Time,0,E-Commerce Retailer,4021,6000,1.56,Rainy,5,1.581,2614.94,0,1,67.02,Nagpur -> Indore
SHIP-10137,2025-02-11,WH-North-Delhi,Delhi,Indore,Apparel,406,57618.97,1724,Rail Freight,1143.06,11,13,Delayed,2,Enterprise,8302,10000,1.27,Foggy,13,0.663,1143.06,1,0,83.02,Delhi -> Indore
SHIP-10138,2025-06-28,WH-South-Bengaluru,Bengaluru,Indore,Consumer Goods,403,77037.22,188,Road Freight (Truck),382.84,2,2,On-Time,0,Enterprise,7511,8500,1.2,Clear,2,2.0364,382.84,0,1,88.36,Bengaluru -> Indore
SHIP-10139,2025-03-04,WH-West-Mumbai,Mumbai,Kanpur,Perishables,84,15622.09,1224,Road Freight (Truck),1047.04,7,6,Early,0,SMB,6736,12000,1.65,Clear,6,0.8554,1047.04,0,1,56.13,Mumbai -> Kanpur
SHIP-10140,2025-12-18,WH-Central-Nagpur,Nagpur,Indore,Consumer Goods,112,18258.24,661,Road Freight (Truck),646.25,5,6,Delayed,1,Individual,4221,6000,1.2,Rainy,6,0.9777,646.25,1,0,70.35,Nagpur -> Indore
SHIP-10141,2025-08-19,WH-Central-Nagpur,Nagpur,Lucknow,Perishables,306,30462.46,1728,Express Courier,2685.6,5,5,On-Time,0,Enterprise,3148,6000,1.2,Clear,5,1.5542,2685.6,0,1,52.47,Nagpur -> Lucknow
SHIP-10142,2025-08-29,WH-Central-Nagpur,Nagpur,Jaipur,Apparel,187,20638.41,1405,Rail Freight,898.38,9,10,Delayed,1,Enterprise,4101,6000,1.41,Rainy,10,0.6394,898.38,1,0,68.35,Nagpur -> Jaipur
SHIP-10143,2025-02-21,WH-West-Mumbai,Mumbai,Indore,Electronics,224,54443.89,208,Road Freight (Truck),330.12,3,4,Delayed,1,Enterprise,5908,12000,1.23,Rainy,4,1.5871,330.12,1,0,49.23,Mumbai -> Indore
SHIP-10144,2025-04-06,WH-Central-Nagpur,Nagpur,Kochi,Industrial Equipment,324,13417.06,2058,Rail Freight,1291.74,13,15,Delayed,2,Enterprise,5355,6000,1.7,Foggy,15,0.6277,1291.74,1,0,89.25,Nagpur -> Kochi
SHIP-10145,2025-08-10,WH-East-Kolkata,Kolkata,Kochi,Apparel,48,3748.74,1351,Rail Freight,770.92,9,9,On-Time,0,Enterprise,5624,7500,1.43,Clear,9,0.5706,770.92,0,1,74.99,Kolkata -> Kochi
SHIP-10146,2025-08-19,WH-West-Mumbai,Mumbai,Kanpur,Industrial Equipment,268,35031.46,332,Road Freight (Truck),435.66,3,3,On-Time,0,SMB,10217,12000,1.49,Clear,3,1.3122,435.66,0,1,85.14,Mumbai -> Kanpur
SHIP-10147,2025-08-25,WH-East-Kolkata,Kolkata,Lucknow,Perishables,213,45077.5,953,Road Freight (Truck),901.13,6,6,On-Time,0,Enterprise,6893,7500,1.71,Rainy,6,0.9456,901.13,0,1,91.91,Kolkata -> Lucknow
SHIP-10148,2025-05-23,WH-North-Delhi,Delhi,Jaipur,Industrial Equipment,16,855.42,385,Road Freight (Truck),369.68,3,5,Delayed,2,Enterprise,5358,10000,1.47,Foggy,5,0.9602,369.68,1,0,53.58,Delhi -> Jaipur
SHIP-10149,2025-06-20,WH-South-Bengaluru,Bengaluru,Surat,Apparel,58,4644.89,1031,Road Freight (Truck),896.71,6,8,Delayed,2,E-Commerce Retailer,6598,8500,1.36,Foggy,8,0.8697,896.71,1,0,77.62,Bengaluru -> Surat
SHIP-10150,2025-01-29,WH-North-Delhi,Delhi,Coimbatore,Automotive Parts,35,1066.19,412,Road Freight (Truck),394.92,4,4,On-Time,0,SMB,8668,10000,1.63,Severe Heat,4,0.9585,394.92,0,1,86.68,Delhi -> Coimbatore
SHIP-10151,2025-02-05,WH-North-Delhi,Delhi,Jaipur,Apparel,170,30754.11,1350,Rail Freight,846.0,8,9,Delayed,1,Enterprise,7206,10000,1.42,Clear,9,0.6267,846.0,1,0,72.06,Delhi -> Jaipur
SHIP-10152,2025-01-13,WH-North-Delhi,Delhi,Coimbatore,Consumer Goods,366,25978.39,452,Express Courier,890.53,3,3,On-Time,0,Enterprise,7506,10000,1.34,Clear,3,1.9702,890.53,0,1,75.06,Delhi -> Coimbatore
SHIP-10153,2025-06-09,WH-South-Bengaluru,Bengaluru,Bhopal,Automotive Parts,185,19672.63,1220,Road Freight (Truck),1081.58,7,7,On-Time,0,SMB,5453,8500,1.58,Clear,7,0.8865,1081.58,0,1,64.15,Bengaluru -> Bhopal
SHIP-10154,2025-11-23,WH-West-Mumbai,Mumbai,Coimbatore,Electronics,88,10495.75,1431,Rail Freight,875.38,10,10,On-Time,0,Enterprise,9205,12000,1.63,Clear,10,0.6117,875.38,0,1,76.71,Mumbai -> Coimbatore
SHIP-10155,2025-07-06,WH-East-Kolkata,Kolkata,Patna,Industrial Equipment,11,2469.05,1124,Road Freight (Truck),919.93,6,9,Delayed,3,SMB,4769,7500,1.63,Stormy,9,0.8184,919.93,1,0,63.59,Kolkata -> Patna
SHIP-10156,2025-08-31,WH-North-Delhi,Delhi,Kochi,Automotive Parts,392,43771.75,166,Express Courier,473.54,3,5,Delayed,2,Enterprise,6740,10000,1.74,Severe Heat,5,2.8527,473.54,1,0,67.4,Delhi -> Kochi
SHIP-10157,2025-03-27,WH-West-Mumbai,Mumbai,Lucknow,Industrial Equipment,425,20879.35,741,Road Freight (Truck),826.81,4,5,Delayed,1,SMB,5980,12000,1.62,Clear,5,1.1158,826.81,1,0,49.83,Mumbai -> Lucknow
SHIP-10158,2025-10-11,WH-South-Bengaluru,Bengaluru,Chandigarh,Apparel,141,19488.18,1343,Rail Freight,837.09,9,9,On-Time,0,Enterprise,3856,8500,1.61,Clear,9,0.6233,837.09,0,1,45.36,Bengaluru -> Chandigarh
SHIP-10159,2025-03-07,WH-East-Kolkata,Kolkata,Kanpur,Industrial Equipment,285,68769.11,546,Road Freight (Truck),624.58,5,5,On-Time,0,SMB,3569,7500,1.66,Clear,5,1.1439,624.58,0,1,47.59,Kolkata -> Kanpur
SHIP-10160,2025-06-19,WH-West-Mumbai,Mumbai,Patna,Consumer Goods,126,19883.57,329,Road Freight (Truck),369.07,4,4,On-Time,0,E-Commerce Retailer,6485,12000,1.15,Foggy,4,1.1218,369.07,0,1,54.04,Mumbai -> Patna
SHIP-10161,2025-02-14,WH-South-Bengaluru,Bengaluru,Coimbatore,Automotive Parts,173,42574.61,1007,Road Freight (Truck),904.99,7,7,On-Time,0,SMB,5649,8500,1.37,Clear,7,0.8987,904.99,0,1,66.46,Bengaluru -> Coimbatore
SHIP-10162,2025-03-03,WH-Central-Nagpur,Nagpur,Indore,Electronics,297,63160.08,1563,Air Cargo,2937.56,4,6,Delayed,2,Enterprise,2759,6000,1.59,Clear,6,1.8794,2937.56,1,0,45.98,Nagpur -> Indore
SHIP-10163,2025-05-14,WH-South-Bengaluru,Bengaluru,Lucknow,Electronics,37,867.72,273,Road Freight (Truck),295.2,4,3,Early,0,Enterprise,4447,8500,1.51,Clear,3,1.0813,295.2,0,1,52.32,Bengaluru -> Lucknow
SHIP-10164,2025-10-11,WH-North-Delhi,Delhi,Patna,Consumer Goods,342,58045.58,1665,Road Freight (Truck),1467.81,8,8,On-Time,0,Enterprise,8172,10000,1.26,Clear,8,0.8816,1467.81,0,1,81.72,Delhi -> Patna
SHIP-10165,2025-01-28,WH-North-Delhi,Delhi,Kanpur,Apparel,10,823.9,534,Road Freight (Truck),477.95,4,7,Delayed,3,Enterprise,8082,10000,1.45,Stormy,7,0.895,477.95,1,0,80.82,Delhi -> Kanpur
SHIP-10166,2025-04-18,WH-Central-Nagpur,Nagpur,Kochi,Apparel,197,28862.46,1496,Road Freight (Truck),1276.24,8,8,On-Time,0,Enterprise,4927,6000,1.35,Clear,8,0.8531,1276.24,0,1,82.12,Nagpur -> Kochi
SHIP-10167,2025-02-13,WH-North-Delhi,Delhi,Lucknow,Automotive Parts,65,5242.0,1300,Road Freight (Truck),1095.09,8,9,Delayed,1,E-Commerce Retailer,8831,10000,1.49,Clear,9,0.8424,1095.09,1,0,88.31,Delhi -> Lucknow
SHIP-10168,2025-12-06,WH-Central-Nagpur,Nagpur,Kanpur,Consumer Goods,44,4267.32,1404,Road Freight (Truck),1189.61,8,7,Early,0,SMB,3035,6000,1.65,Clear,7,0.8473,1189.61,0,1,50.58,Nagpur -> Kanpur
SHIP-10169,2025-10-13,WH-South-Bengaluru,Bengaluru,Bhopal,Consumer Goods,121,28065.3,1220,Express Courier,1880.21,5,5,On-Time,0,SMB,4476,8500,1.71,Clear,5,1.5412,1880.21,0,1,52.66,Bengaluru -> Bhopal
SHIP-10170,2025-11-27,WH-Central-Nagpur,Nagpur,Bhopal,Electronics,295,18750.54,888,Road Freight (Truck),864.65,6,6,On-Time,0,SMB,3640,6000,1.6,Rainy,6,0.9737,864.65,0,1,60.67,Nagpur -> Bhopal
SHIP-10171,2025-05-08,WH-East-Kolkata,Kolkata,Kanpur,Consumer Goods,319,70312.59,1102,Road Freight (Truck),1076.34,6,6,On-Time,0,SMB,6600,7500,1.66,Clear,6,0.9767,1076.34,0,1,88.0,Kolkata -> Kanpur
SHIP-10172,2025-12-14,WH-Central-Nagpur,Nagpur,Patna,Apparel,45,997.09,1631,Express Courier,2465.45,6,8,Delayed,2,Enterprise,4886,6000,1.43,Clear,8,1.5116,2465.45,1,0,81.43,Nagpur -> Patna
SHIP-10173,2025-08-19,WH-West-Mumbai,Mumbai,Lucknow,Electronics,448,16287.48,1274,Air Cargo,2493.46,4,6,Delayed,2,E-Commerce Retailer,7228,12000,1.38,Foggy,6,1.9572,2493.46,1,0,60.23,Mumbai -> Lucknow
SHIP-10174,2025-07-09,WH-East-Kolkata,Kolkata,Patna,Consumer Goods,226,48781.79,698,Road Freight (Truck),699.46,4,4,On-Time,0,Enterprise,3683,7500,1.39,Clear,4,1.0021,699.46,0,1,49.11,Kolkata -> Patna
SHIP-10175,2025-08-13,WH-West-Mumbai,Mumbai,Surat,Electronics,89,14523.08,1598,Air Cargo,2933.03,4,6,Delayed,2,E-Commerce Retailer,8876,12000,1.52,Rainy,6,1.8354,2933.03,1,0,73.97,Mumbai -> Surat
SHIP-10176,2025-10-10,WH-West-Mumbai,Mumbai,Coimbatore,Electronics,323,61563.96,859,Express Courier,1441.11,3,3,On-Time,0,E-Commerce Retailer,6848,12000,1.22,Clear,3,1.6777,1441.11,0,1,57.07,Mumbai -> Coimbatore
SHIP-10177,2025-05-01,WH-South-Bengaluru,Bengaluru,Surat,Consumer Goods,92,5907.61,282,Road Freight (Truck),301.95,4,4,On-Time,0,E-Commerce Retailer,5946,8500,1.5,Clear,4,1.0707,301.95,0,1,69.95,Bengaluru -> Surat
SHIP-10178,2025-04-26,WH-Central-Nagpur,Nagpur,Bhopal,Electronics,74,10449.88,1158,Express Courier,1754.48,5,8,Delayed,3,SMB,5355,6000,1.55,Rainy,8,1.5151,1754.48,1,0,89.25,Nagpur -> Bhopal
SHIP-10179,2025-08-21,WH-Central-Nagpur,Nagpur,Kochi,Industrial Equipment,334,62874.34,1375,Road Freight (Truck),1245.63,7,7,On-Time,0,Enterprise,4314,6000,1.41,Foggy,7,0.9059,1245.63,0,1,71.9,Nagpur -> Kochi
SHIP-10180,2025-09-16,WH-East-Kolkata,Kolkata,Jaipur,Automotive Parts,137,22251.38,314,Road Freight (Truck),364.89,3,4,Delayed,1,SMB,6631,7500,1.72,Rainy,4,1.1621,364.89,1,0,88.41,Kolkata -> Jaipur
SHIP-10181,2025-12-25,WH-West-Mumbai,Mumbai,Coimbatore,Apparel,316,39768.35,2004,Rail Freight,1258.43,13,13,On-Time,0,SMB,7616,12000,1.51,Clear,13,0.628,1258.43,0,1,63.47,Mumbai -> Coimbatore
SHIP-10182,2025-07-17,WH-West-Mumbai,Mumbai,Bhopal,Perishables,31,7457.02,661,Road Freight (Truck),597.58,4,4,On-Time,0,SMB,8972,12000,1.28,Clear,4,0.9041,597.58,0,1,74.77,Mumbai -> Bhopal
SHIP-10183,2025-05-17,WH-East-Kolkata,Kolkata,Patna,Consumer Goods,225,39126.82,478,Road Freight (Truck),514.57,4,4,On-Time,0,E-Commerce Retailer,6525,7500,1.44,Clear,4,1.0765,514.57,0,1,87.0,Kolkata -> Patna
SHIP-10184,2025-11-14,WH-North-Delhi,Delhi,Patna,Apparel,116,26485.29,969,Express Courier,1510.37,4,6,Delayed,2,Enterprise,7263,10000,1.56,Clear,6,1.5587,1510.37,1,0,72.63,Delhi -> Patna
SHIP-10185,2025-06-14,WH-North-Delhi,Delhi,Patna,Perishables,118,22006.54,1474,Road Freight (Truck),1223.59,8,9,Delayed,1,Enterprise,7390,10000,1.34,Rainy,9,0.8301,1223.59,1,0,73.9,Delhi -> Patna
SHIP-10186,2025-08-13,WH-West-Mumbai,Mumbai,Kochi,Electronics,381,71564.73,546,Road Freight (Truck),652.74,4,3,Early,0,Enterprise,9439,12000,1.2,Clear,3,1.1955,652.74,0,1,78.66,Mumbai -> Kochi
SHIP-10187,2025-11-03,WH-West-Mumbai,Mumbai,Surat,Perishables,366,12372.37,616,Express Courier,1111.91,3,3,On-Time,0,Enterprise,10375,12000,1.5,Clear,3,1.805,1111.91,0,1,86.46,Mumbai -> Surat
SHIP-10188,2025-08-22,WH-West-Mumbai,Mumbai,Jaipur,Electronics,190,18900.1,947,Road Freight (Truck),870.26,5,6,Delayed,1,SMB,5897,12000,1.72,Rainy,6,0.919,870.26,1,0,49.14,Mumbai -> Jaipur
SHIP-10189,2025-06-21,WH-North-Delhi,Delhi,Patna,Consumer Goods,365,79101.64,605,Road Freight (Truck),670.49,5,5,On-Time,0,E-Commerce Retailer,6083,10000,1.44,Clear,5,1.1082,670.49,0,1,60.83,Delhi -> Patna
SHIP-10190,2025-06-01,WH-North-Delhi,Delhi,Chandigarh,Electronics,173,12051.51,1951,Express Courier,2986.84,7,7,On-Time,0,E-Commerce Retailer,6369,10000,1.69,Rainy,7,1.5309,2986.84,0,1,63.69,Delhi -> Chandigarh
SHIP-10191,2025-11-11,WH-North-Delhi,Delhi,Coimbatore,Industrial Equipment,77,3245.08,1592,Rail Freight,973.08,10,10,On-Time,0,E-Commerce Retailer,8775,10000,1.65,Clear,10,0.6112,973.08,0,1,87.75,Delhi -> Coimbatore
SHIP-10192,2025-06-09,WH-Central-Nagpur,Nagpur,Lucknow,Apparel,301,27582.11,1556,Rail Freight,1009.23,9,9,On-Time,0,E-Commerce Retailer,5395,6000,1.24,Clear,9,0.6486,1009.23,0,1,89.92,Nagpur -> Lucknow
SHIP-10193,2025-04-06,WH-West-Mumbai,Mumbai,Chandigarh,Industrial Equipment,189,12625.75,449,Road Freight (Truck),523.52,3,4,Delayed,1,E-Commerce Retailer,6078,12000,1.57,Severe Heat,4,1.166,523.52,1,0,50.65,Mumbai -> Chandigarh
SHIP-10194,2025-08-21,WH-West-Mumbai,Mumbai,Jaipur,Consumer Goods,190,44164.12,1875,Rail Freight,1121.35,11,11,On-Time,0,Enterprise,6071,12000,1.41,Clear,11,0.5981,1121.35,0,1,50.59,Mumbai -> Jaipur
SHIP-10195,2025-06-29,WH-South-Bengaluru,Bengaluru,Kochi,Consumer Goods,443,97004.67,1008,Road Freight (Truck),1030.92,6,6,On-Time,0,E-Commerce Retailer,7559,8500,1.3,Clear,6,1.0227,1030.92,0,1,88.93,Bengaluru -> Kochi
SHIP-10196,2025-04-23,WH-North-Delhi,Delhi,Jaipur,Electronics,178,23571.75,1110,Road Freight (Truck),1008.07,6,6,On-Time,0,Enterprise,5890,10000,1.56,Rainy,6,0.9082,1008.07,0,1,58.9,Delhi -> Jaipur
SHIP-10197,2025-11-14,WH-Central-Nagpur,Nagpur,Lucknow,Consumer Goods,411,12089.9,1290,Road Freight (Truck),1230.07,7,8,Delayed,1,Enterprise,3381,6000,1.6,Severe Heat,8,0.9535,1230.07,1,0,56.35,Nagpur -> Lucknow
SHIP-10198,2025-02-21,WH-East-Kolkata,Kolkata,Coimbatore,Perishables,31,5670.59,378,Road Freight (Truck),362.94,4,5,Delayed,1,SMB,3500,7500,1.26,Severe Heat,5,0.9602,362.94,1,0,46.67,Kolkata -> Coimbatore
SHIP-10199,2025-09-25,WH-North-Delhi,Delhi,Lucknow,Consumer Goods,75,12112.63,411,Road Freight (Truck),421.37,4,5,Delayed,1,Enterprise,5795,10000,1.7,Rainy,5,1.0252,421.37,1,0,57.95,Delhi -> Lucknow
SHIP-10200,2025-10-22,WH-West-Mumbai,Mumbai,Kanpur,Automotive Parts,30,7292.41,1954,Road Freight (Truck),1581.11,10,10,On-Time,0,Enterprise,9311,12000,1.6,Clear,10,0.8092,1581.11,0,1,77.59,Mumbai -> Kanpur
SHIP-10201,2025-04-23,WH-Central-Nagpur,Nagpur,Coimbatore,Automotive Parts,109,15952.59,262,Road Freight (Truck),328.95,3,6,Delayed,3,Enterprise,3901,6000,1.71,Stormy,6,1.2555,328.95,1,0,65.02,Nagpur -> Coimbatore
SHIP-10202,2025-04-11,WH-Central-Nagpur,Nagpur,Jaipur,Consumer Goods,393,36962.64,2080,Rail Freight,1314.44,13,14,Delayed,1,Enterprise,4157,6000,1.34,Rainy,14,0.6319,1314.44,1,0,69.28,Nagpur -> Jaipur
SHIP-10203,2025-04-23,WH-West-Mumbai,Mumbai,Patna,Apparel,309,42323.76,866,Road Freight (Truck),872.55,5,5,On-Time,0,Individual,10573,12000,1.71,Clear,5,1.0076,872.55,0,1,88.11,Mumbai -> Patna
SHIP-10204,2025-03-22,WH-South-Bengaluru,Bengaluru,Jaipur,Electronics,112,27454.21,746,Road Freight (Truck),702.03,4,6,Delayed,2,Enterprise,4283,8500,1.37,Foggy,6,0.9411,702.03,1,0,50.39,Bengaluru -> Jaipur
SHIP-10205,2025-07-06,WH-North-Delhi,Delhi,Jaipur,Electronics,56,10004.13,1508,Air Cargo,2748.81,5,5,On-Time,0,Enterprise,4834,10000,1.18,Clear,5,1.8228,2748.81,0,1,48.34,Delhi -> Jaipur
SHIP-10206,2025-04-23,WH-Central-Nagpur,Nagpur,Coimbatore,Electronics,48,8299.89,209,Express Courier,405.84,2,2,On-Time,0,SMB,5102,6000,1.61,Clear,2,1.9418,405.84,0,1,85.03,Nagpur -> Coimbatore
SHIP-10207,2025-01-02,WH-North-Delhi,Delhi,Kanpur,Apparel,294,21038.69,839,Express Courier,1449.25,3,5,Delayed,2,SMB,8141,10000,1.57,Foggy,5,1.7274,1449.25,1,0,81.41,Delhi -> Kanpur
SHIP-10208,2025-05-10,WH-Central-Nagpur,Nagpur,Jaipur,Consumer Goods,319,60529.16,1307,Road Freight (Truck),1192.76,7,7,On-Time,0,Individual,3443,6000,1.51,Clear,7,0.9126,1192.76,0,1,57.38,Nagpur -> Jaipur
SHIP-10209,2025-08-08,WH-South-Bengaluru,Bengaluru,Chandigarh,Apparel,99,18940.07,600,Road Freight (Truck),581.6,4,4,On-Time,0,Enterprise,5120,8500,1.44,Clear,4,0.9693,581.6,0,1,60.24,Bengaluru -> Chandigarh
SHIP-10210,2025-02-23,WH-South-Bengaluru,Bengaluru,Bhopal,Apparel,94,8418.91,203,Road Freight (Truck),258.35,2,3,Delayed,1,SMB,5064,8500,1.17,Clear,3,1.2727,258.35,1,0,59.58,Bengaluru -> Bhopal
SHIP-10211,2025-12-09,WH-South-Bengaluru,Bengaluru,Indore,Consumer Goods,282,36285.72,1220,Express Courier,1962.06,5,6,Delayed,1,E-Commerce Retailer,6412,8500,1.52,Rainy,6,1.6082,1962.06,1,0,75.44,Bengaluru -> Indore
SHIP-10212,2025-08-12,WH-North-Delhi,Delhi,Indore,Apparel,345,29059.97,792,Road Freight (Truck),828.9,6,6,On-Time,0,Individual,4787,10000,1.4,Clear,6,1.0466,828.9,0,1,47.87,Delhi -> Indore
SHIP-10213,2025-08-13,WH-North-Delhi,Delhi,Jaipur,Industrial Equipment,197,14931.75,636,Road Freight (Truck),633.64,4,3,Early,0,SMB,6800,10000,1.49,Clear,3,0.9963,633.64,0,1,68.0,Delhi -> Jaipur
SHIP-10214,2025-05-06,WH-North-Delhi,Delhi,Chandigarh,Electronics,168,3542.38,604,Express Courier,999.18,3,4,Delayed,1,E-Commerce Retailer,5129,10000,1.41,Rainy,4,1.6543,999.18,1,0,51.29,Delhi -> Chandigarh
SHIP-10215,2025-05-10,WH-North-Delhi,Delhi,Patna,Electronics,252,20670.24,1733,Air Cargo,3244.03,5,8,Delayed,3,Enterprise,8352,10000,1.73,Stormy,8,1.8719,3244.03,1,0,83.52,Delhi -> Patna
SHIP-10216,2025-02-22,WH-East-Kolkata,Kolkata,Kochi,Industrial Equipment,82,11905.0,1746,Rail Freight,1005.94,11,11,On-Time,0,SMB,4716,7500,1.51,Clear,11,0.5761,1005.94,0,1,62.88,Kolkata -> Kochi
SHIP-10217,2025-06-21,WH-West-Mumbai,Mumbai,Kochi,Consumer Goods,58,891.82,1742,Rail Freight,1002.4,11,12,Delayed,1,SMB,8375,12000,1.6,Foggy,12,0.5754,1002.4,1,0,69.79,Mumbai -> Kochi
SHIP-10218,2025-08-06,WH-North-Delhi,Delhi,Coimbatore,Apparel,110,8971.21,901,Road Freight (Truck),826.08,5,7,Delayed,2,E-Commerce Retailer,4637,10000,1.71,Foggy,7,0.9168,826.08,1,0,46.37,Delhi -> Coimbatore
SHIP-10219,2025-06-09,WH-Central-Nagpur,Nagpur,Indore,Consumer Goods,11,2443.45,223,Road Freight (Truck),228.53,3,3,On-Time,0,Enterprise,2864,6000,1.5,Rainy,3,1.0248,228.53,0,1,47.73,Nagpur -> Indore
SHIP-10220,2025-07-17,WH-Central-Nagpur,Nagpur,Jaipur,Consumer Goods,253,39090.38,1595,Rail Freight,1000.97,10,10,On-Time,0,Enterprise,4603,6000,1.16,Clear,10,0.6276,1000.97,0,1,76.72,Nagpur -> Jaipur
SHIP-10221,2025-09-04,WH-Central-Nagpur,Nagpur,Kochi,Electronics,185,29201.84,1630,Air Cargo,3028.82,4,6,Delayed,2,Enterprise,4862,6000,1.17,Foggy,6,1.8582,3028.82,1,0,81.03,Nagpur -> Kochi
SHIP-10222,2025-11-20,WH-Central-Nagpur,Nagpur,Jaipur,Consumer Goods,247,27118.28,458,Express Courier,838.01,3,3,On-Time,0,Enterprise,4702,6000,1.57,Clear,3,1.8297,838.01,0,1,78.37,Nagpur -> Jaipur
SHIP-10223,2025-07-22,WH-North-Delhi,Delhi,Coimbatore,Apparel,407,70806.18,806,Road Freight (Truck),883.95,6,6,On-Time,0,Enterprise,7963,10000,1.32,Clear,6,1.0967,883.95,0,1,79.63,Delhi -> Coimbatore
SHIP-10224,2025-07-03,WH-West-Mumbai,Mumbai,Indore,Consumer Goods,68,4055.13,1709,Rail Freight,968.52,10,10,On-Time,0,Individual,5990,12000,1.5,Clear,10,0.5667,968.52,0,1,49.92,Mumbai -> Indore
SHIP-10225,2025-05-03,WH-East-Kolkata,Kolkata,Lucknow,Industrial Equipment,362,75080.79,1019,Road Freight (Truck),1029.08,7,9,Delayed,2,SMB,5819,7500,1.27,Foggy,9,1.0099,1029.08,1,0,77.59,Kolkata -> Lucknow
SHIP-10226,2025-09-12,WH-South-Bengaluru,Bengaluru,Bhopal,Automotive Parts,108,4581.57,1621,Road Freight (Truck),1346.68,9,11,Delayed,2,SMB,4551,8500,1.31,Clear,11,0.8308,1346.68,1,0,53.54,Bengaluru -> Bhopal
SHIP-10227,2025-10-21,WH-North-Delhi,Delhi,Bhopal,Apparel,368,62251.0,1866,Road Freight (Truck),1634.58,9,11,Delayed,2,E-Commerce Retailer,4960,10000,1.45,Clear,11,0.876,1634.58,1,0,49.6,Delhi -> Bhopal
SHIP-10228,2025-10-07,WH-East-Kolkata,Kolkata,Kochi,Industrial Equipment,444,42255.52,726,Road Freight (Truck),844.96,4,7,Delayed,3,SMB,6043,7500,1.74,Rainy,7,1.1639,844.96,1,0,80.57,Kolkata -> Kochi
SHIP-10229,2025-11-21,WH-North-Delhi,Delhi,Bhopal,Consumer Goods,11,2097.32,342,Road Freight (Truck),344.53,4,6,Delayed,2,Enterprise,8680,10000,1.52,Stormy,6,1.0074,344.53,1,0,86.8,Delhi -> Bhopal
SHIP-10230,2025-04-08,WH-North-Delhi,Delhi,Lucknow,Consumer Goods,252,36337.06,1152,Road Freight (Truck),1089.5,6,5,Early,0,Enterprise,7868,10000,1.71,Rainy,5,0.9457,1089.5,0,1,78.68,Delhi -> Lucknow
SHIP-10231,2025-07-17,WH-South-Bengaluru,Bengaluru,Jaipur,Industrial Equipment,306,37118.71,1196,Road Freight (Truck),1104.17,6,6,On-Time,0,Enterprise,7043,8500,1.73,Clear,6,0.9232,1104.17,0,1,82.86,Bengaluru -> Jaipur
SHIP-10232,2025-08-28,WH-South-Bengaluru,Bengaluru,Coimbatore,Consumer Goods,220,12059.14,1220,Rail Freight,781.41,8,7,Early,0,SMB,7784,8500,1.27,Clear,7,0.6405,781.41,0,1,91.58,Bengaluru -> Coimbatore
SHIP-10233,2025-05-24,WH-South-Bengaluru,Bengaluru,Lucknow,Apparel,132,21734.2,1861,Road Freight (Truck),1552.21,9,13,Delayed,4,SMB,4363,8500,1.34,Rainy,13,0.8341,1552.21,1,0,51.33,Bengaluru -> Lucknow
SHIP-10234,2025-04-07,WH-North-Delhi,Delhi,Coimbatore,Electronics,238,58088.88,622,Road Freight (Truck),694.41,4,5,Delayed,1,Enterprise,9036,10000,1.61,Clear,5,1.1164,694.41,1,0,90.36,Delhi -> Coimbatore
SHIP-10235,2025-07-20,WH-Central-Nagpur,Nagpur,Coimbatore,Apparel,91,19020.53,1459,Rail Freight,886.71,9,10,Delayed,1,SMB,4395,6000,1.67,Rainy,10,0.6078,886.71,1,0,73.25,Nagpur -> Coimbatore
SHIP-10236,2025-05-04,WH-West-Mumbai,Mumbai,Indore,Automotive Parts,153,4452.59,1957,Road Freight (Truck),1638.22,9,9,On-Time,0,Individual,9986,12000,1.46,Clear,9,0.8371,1638.22,0,1,83.22,Mumbai -> Indore
SHIP-10237,2025-07-06,WH-North-Delhi,Delhi,Jaipur,Automotive Parts,397,41055.32,941,Express Courier,1603.52,5,9,Delayed,4,E-Commerce Retailer,7555,10000,1.75,Stormy,9,1.7041,1603.52,1,0,75.55,Delhi -> Jaipur
SHIP-10238,2025-11-22,WH-Central-Nagpur,Nagpur,Chandigarh,Industrial Equipment,149,34644.29,1985,Road Freight (Truck),1633.52,9,10,Delayed,1,E-Commerce Retailer,4307,6000,1.16,Clear,10,0.8229,1633.52,1,0,71.78,Nagpur -> Chandigarh
SHIP-10239,2025-12-15,WH-Central-Nagpur,Nagpur,Bhopal,Industrial Equipment,38,5062.18,743,Road Freight (Truck),639.03,5,5,On-Time,0,E-Commerce Retailer,4684,6000,1.33,Clear,5,0.8601,639.03,0,1,78.07,Nagpur -> Bhopal
SHIP-10240,2025-09-16,WH-Central-Nagpur,Nagpur,Chandigarh,Apparel,400,68238.51,2006,Rail Freight,1303.86,12,11,Early,0,Enterprise,3603,6000,1.52,Foggy,11,0.65,1303.86,0,1,60.05,Nagpur -> Chandigarh
SHIP-10241,2025-05-28,WH-East-Kolkata,Kolkata,Indore,Apparel,279,64019.58,284,Road Freight (Truck),425.38,4,4,On-Time,0,E-Commerce Retailer,6633,7500,1.43,Clear,4,1.4978,425.38,0,1,88.44,Kolkata -> Indore
SHIP-10242,2025-09-09,WH-South-Bengaluru,Bengaluru,Coimbatore,Electronics,256,56407.49,1422,Express Courier,2228.37,5,5,On-Time,0,Enterprise,4285,8500,1.22,Clear,5,1.5671,2228.37,0,1,50.41,Bengaluru -> Coimbatore
SHIP-10243,2025-12-12,WH-South-Bengaluru,Bengaluru,Kochi,Consumer Goods,21,2791.48,1170,Road Freight (Truck),978.53,7,9,Delayed,2,E-Commerce Retailer,5095,8500,1.37,Foggy,9,0.8364,978.53,1,0,59.94,Bengaluru -> Kochi
SHIP-10244,2025-05-27,WH-North-Delhi,Delhi,Bhopal,Consumer Goods,364,42896.26,1213,Rail Freight,855.08,8,8,On-Time,0,SMB,4646,10000,1.17,Clear,8,0.7049,855.08,0,1,46.46,Delhi -> Bhopal
SHIP-10245,2025-05-28,WH-West-Mumbai,Mumbai,Bhopal,Perishables,398,37741.45,1361,Rail Freight,980.59,9,9,On-Time,0,Enterprise,6930,12000,1.54,Clear,9,0.7205,980.59,0,1,57.75,Mumbai -> Bhopal
SHIP-10246,2025-12-18,WH-West-Mumbai,Mumbai,Jaipur,Consumer Goods,346,63653.47,1508,Express Courier,2393.45,5,5,On-Time,0,E-Commerce Retailer,6630,12000,1.69,Clear,5,1.5872,2393.45,0,1,55.25,Mumbai -> Jaipur
SHIP-10247,2025-07-18,WH-West-Mumbai,Mumbai,Kanpur,Apparel,115,9480.82,1844,Rail Freight,1110.67,11,11,On-Time,0,Individual,5679,12000,1.68,Clear,11,0.6023,1110.67,0,1,47.32,Mumbai -> Kanpur
SHIP-10248,2025-11-04,WH-East-Kolkata,Kolkata,Surat,Apparel,41,3022.67,1988,Express Courier,2945.38,7,7,On-Time,0,Enterprise,5108,7500,1.57,Clear,7,1.4816,2945.38,0,1,68.11,Kolkata -> Surat
SHIP-10249,2025-05-08,WH-West-Mumbai,Mumbai,Surat,Apparel,83,8193.65,2090,Rail Freight,1194.45,13,12,Early,0,E-Commerce Retailer,8043,12000,1.43,Rainy,12,0.5715,1194.45,0,1,67.03,Mumbai -> Surat
SHIP-10250,2025-02-08,WH-North-Delhi,Delhi,Surat,Industrial Equipment,180,10196.2,1449,Rail Freight,887.67,9,9,On-Time,0,Enterprise,4865,10000,1.46,Rainy,9,0.6126,887.67,0,1,48.65,Delhi -> Surat
SHIP-10251,2025-12-04,WH-North-Delhi,Delhi,Kanpur,Electronics,346,61710.19,1267,Rail Freight,885.18,9,9,On-Time,0,SMB,5730,10000,1.23,Clear,9,0.6986,885.18,0,1,57.3,Delhi -> Kanpur
SHIP-10252,2025-12-26,WH-South-Bengaluru,Bengaluru,Jaipur,Apparel,78,12465.69,138,Express Courier,303.04,3,3,On-Time,0,SMB,7633,8500,1.35,Clear,3,2.1959,303.04,0,1,89.8,Bengaluru -> Jaipur
SHIP-10253,2025-05-09,WH-North-Delhi,Delhi,Kanpur,Automotive Parts,310,39827.7,1400,Road Freight (Truck),1278.68,7,6,Early,0,SMB,5020,10000,1.26,Stormy,6,0.9133,1278.68,0,1,50.2,Delhi -> Kanpur
SHIP-10254,2025-09-24,WH-Central-Nagpur,Nagpur,Surat,Consumer Goods,371,39595.55,1439,Express Courier,2290.5,6,6,On-Time,0,Individual,3560,6000,1.64,Severe Heat,6,1.5917,2290.5,0,1,59.33,Nagpur -> Surat
SHIP-10255,2025-05-31,WH-West-Mumbai,Mumbai,Indore,Consumer Goods,146,33379.94,2071,Rail Freight,1224.13,12,11,Early,0,E-Commerce Retailer,5602,12000,1.7,Clear,11,0.5911,1224.13,0,1,46.68,Mumbai -> Indore
SHIP-10256,2025-10-25,WH-West-Mumbai,Mumbai,Lucknow,Apparel,442,9655.09,1165,Road Freight (Truck),1161.8,7,7,On-Time,0,E-Commerce Retailer,6239,12000,1.47,Foggy,7,0.9973,1161.8,0,1,51.99,Mumbai -> Lucknow
SHIP-10257,2025-04-09,WH-South-Bengaluru,Bengaluru,Coimbatore,Automotive Parts,426,83385.38,2023,Road Freight (Truck),1790.0,10,11,Delayed,1,Enterprise,6619,8500,1.59,Rainy,11,0.8848,1790.0,1,0,77.87,Bengaluru -> Coimbatore
SHIP-10258,2025-09-20,WH-East-Kolkata,Kolkata,Kanpur,Electronics,109,24737.41,1108,Air Cargo,2069.83,4,4,On-Time,0,Individual,4667,7500,1.22,Clear,4,1.8681,2069.83,0,1,62.23,Kolkata -> Kanpur
SHIP-10259,2025-09-09,WH-West-Mumbai,Mumbai,Jaipur,Industrial Equipment,155,18583.47,569,Road Freight (Truck),540.93,4,4,On-Time,0,Enterprise,7949,12000,1.52,Clear,4,0.9507,540.93,0,1,66.24,Mumbai -> Jaipur
SHIP-10260,2025-05-24,WH-South-Bengaluru,Bengaluru,Jaipur,Automotive Parts,18,2599.42,671,Express Courier,1047.37,3,3,On-Time,0,E-Commerce Retailer,4452,8500,1.57,Clear,3,1.5609,1047.37,0,1,52.38,Bengaluru -> Jaipur
SHIP-10261,2025-12-12,WH-South-Bengaluru,Bengaluru,Chandigarh,Consumer Goods,71,16823.38,1693,Rail Freight,1003.2,11,11,On-Time,0,Enterprise,6550,8500,1.42,Foggy,11,0.5926,1003.2,0,1,77.06,Bengaluru -> Chandigarh
SHIP-10262,2025-04-22,WH-West-Mumbai,Mumbai,Lucknow,Perishables,194,12587.73,1191,Road Freight (Truck),1055.91,7,11,Delayed,4,Enterprise,9638,12000,1.3,Rainy,11,0.8866,1055.91,1,0,80.32,Mumbai -> Lucknow
SHIP-10263,2025-03-01,WH-Central-Nagpur,Nagpur,Kochi,Industrial Equipment,38,5214.8,814,Road Freight (Truck),703.75,5,6,Delayed,1,E-Commerce Retailer,3210,6000,1.68,Rainy,6,0.8646,703.75,1,0,53.5,Nagpur -> Kochi
SHIP-10264,2025-01-02,WH-East-Kolkata,Kolkata,Bhopal,Industrial Equipment,390,49358.19,706,Road Freight (Truck),787.09,4,4,On-Time,0,Enterprise,3533,7500,1.6,Clear,4,1.1149,787.09,0,1,47.11,Kolkata -> Bhopal
SHIP-10265,2025-10-31,WH-South-Bengaluru,Bengaluru,Surat,Industrial Equipment,123,9313.84,840,Road Freight (Truck),774.39,6,7,Delayed,1,Enterprise,4148,8500,1.69,Rainy,7,0.9219,774.39,1,0,48.8,Bengaluru -> Surat
SHIP-10266,2025-09-11,WH-Central-Nagpur,Nagpur,Kochi,Electronics,418,86680.41,1326,Express Courier,2188.39,5,5,On-Time,0,Enterprise,4552,6000,1.64,Foggy,5,1.6504,2188.39,0,1,75.87,Nagpur -> Kochi
SHIP-10267,2025-05-20,WH-Central-Nagpur,Nagpur,Chandigarh,Electronics,152,34413.73,1578,Air Cargo,2928.53,5,5,On-Time,0,Enterprise,3082,6000,1.74,Foggy,5,1.8558,2928.53,0,1,51.37,Nagpur -> Chandigarh
SHIP-10268,2025-02-06,WH-East-Kolkata,Kolkata,Surat,Consumer Goods,399,79302.91,226,Road Freight (Truck),427.19,3,4,Delayed,1,Enterprise,5116,7500,1.27,Clear,4,1.8902,427.19,1,0,68.21,Kolkata -> Surat
SHIP-10269,2025-06-09,WH-East-Kolkata,Kolkata,Lucknow,Consumer Goods,129,7857.31,1331,Road Freight (Truck),1132.99,8,9,Delayed,1,Enterprise,3913,7500,1.2,Rainy,9,0.8512,1132.99,1,0,52.17,Kolkata -> Lucknow
SHIP-10270,2025-01-09,WH-South-Bengaluru,Bengaluru,Chandigarh,Consumer Goods,179,6334.08,895,Express Courier,1425.36,4,6,Delayed,2,SMB,4504,8500,1.35,Clear,6,1.5926,1425.36,1,0,52.99,Bengaluru -> Chandigarh
SHIP-10271,2025-08-21,WH-South-Bengaluru,Bengaluru,Surat,Automotive Parts,166,26108.39,1229,Road Freight (Truck),1050.76,6,6,On-Time,0,Enterprise,3842,8500,1.23,Rainy,6,0.855,1050.76,0,1,45.2,Bengaluru -> Surat
SHIP-10272,2025-04-09,WH-South-Bengaluru,Bengaluru,Lucknow,Automotive Parts,344,9775.54,1979,Rail Freight,1260.56,12,12,On-Time,0,E-Commerce Retailer,5106,8500,1.46,Rainy,12,0.637,1260.56,0,1,60.07,Bengaluru -> Lucknow
SHIP-10273,2025-05-27,WH-East-Kolkata,Kolkata,Patna,Apparel,358,61974.84,1986,Road Freight (Truck),1706.94,10,10,On-Time,0,Enterprise,3691,7500,1.53,Clear,10,0.8595,1706.94,0,1,49.21,Kolkata -> Patna
SHIP-10274,2025-10-31,WH-North-Delhi,Delhi,Kochi,Automotive Parts,269,37565.77,1599,Road Freight (Truck),1382.31,9,11,Delayed,2,Individual,6351,10000,1.5,Foggy,11,0.8645,1382.31,1,0,63.51,Delhi -> Kochi
SHIP-10275,2025-07-27,WH-Central-Nagpur,Nagpur,Kochi,Industrial Equipment,91,15538.67,1280,Road Freight (Truck),1058.63,8,8,On-Time,0,E-Commerce Retailer,4385,6000,1.31,Clear,8,0.8271,1058.63,0,1,73.08,Nagpur -> Kochi
SHIP-10276,2025-05-11,WH-Central-Nagpur,Nagpur,Bhopal,Consumer Goods,251,38576.22,2001,Rail Freight,1243.69,12,14,Delayed,2,Enterprise,3736,6000,1.7,Foggy,14,0.6215,1243.69,1,0,62.27,Nagpur -> Bhopal
SHIP-10277,2025-06-01,WH-North-Delhi,Delhi,Lucknow,Electronics,442,50536.12,1017,Road Freight (Truck),1010.07,6,6,On-Time,0,E-Commerce Retailer,7813,10000,1.16,Clear,6,0.9932,1010.07,0,1,78.13,Delhi -> Lucknow
SHIP-10278,2025-02-23,WH-East-Kolkata,Kolkata,Kanpur,Apparel,181,11259.31,455,Road Freight (Truck),501.9,3,4,Delayed,1,E-Commerce Retailer,5988,7500,1.36,Rainy,4,1.1031,501.9,1,0,79.84,Kolkata -> Kanpur
SHIP-10279,2025-04-30,WH-North-Delhi,Delhi,Patna,Industrial Equipment,240,20841.6,726,Road Freight (Truck),719.58,4,7,Delayed,3,Individual,7774,10000,1.58,Stormy,7,0.9912,719.58,1,0,77.74,Delhi -> Patna
SHIP-10280,2025-06-10,WH-West-Mumbai,Mumbai,Indore,Consumer Goods,217,30001.91,957,Road Freight (Truck),899.12,6,6,On-Time,0,SMB,10683,12000,1.61,Clear,6,0.9395,899.12,0,1,89.02,Mumbai -> Indore
SHIP-10281,2025-04-26,WH-East-Kolkata,Kolkata,Surat,Apparel,84,14127.88,1900,Road Freight (Truck),1549.86,9,9,On-Time,0,Enterprise,4211,7500,1.4,Clear,9,0.8157,1549.86,0,1,56.15,Kolkata -> Surat
SHIP-10282,2025-03-16,WH-North-Delhi,Delhi,Patna,Electronics,279,55291.8,1612,Air Cargo,3020.85,5,5,On-Time,0,SMB,5390,10000,1.16,Clear,5,1.874,3020.85,0,1,53.9,Delhi -> Patna
SHIP-10283,2025-04-23,WH-East-Kolkata,Kolkata,Lucknow,Industrial Equipment,396,77332.91,721,Road Freight (Truck),789.66,5,4,Early,0,SMB,5524,7500,1.52,Clear,4,1.0952,789.66,0,1,73.65,Kolkata -> Lucknow
SHIP-10284,2025-04-14,WH-East-Kolkata,Kolkata,Coimbatore,Industrial Equipment,123,29960.57,1714,Express Courier,2561.66,5,5,On-Time,0,SMB,5471,7500,1.19,Rainy,5,1.4946,2561.66,0,1,72.95,Kolkata -> Coimbatore
SHIP-10285,2025-12-06,WH-South-Bengaluru,Bengaluru,Surat,Industrial Equipment,71,5834.26,522,Road Freight (Truck),491.42,4,5,Delayed,1,Enterprise,5862,8500,1.21,Rainy,5,0.9414,491.42,1,0,68.96,Bengaluru -> Surat
SHIP-10286,2025-09-11,WH-North-Delhi,Delhi,Jaipur,Perishables,371,11764.79,659,Road Freight (Truck),750.05,5,4,Early,0,E-Commerce Retailer,4520,10000,1.54,Stormy,4,1.1382,750.05,0,1,45.2,Delhi -> Jaipur
SHIP-10287,2025-08-15,WH-West-Mumbai,Mumbai,Kochi,Automotive Parts,329,31659.47,1215,Road Freight (Truck),1148.54,6,8,Delayed,2,Individual,8531,12000,1.34,Foggy,8,0.9453,1148.54,1,0,71.09,Mumbai -> Kochi
SHIP-10288,2025-04-22,WH-South-Bengaluru,Bengaluru,Lucknow,Automotive Parts,111,21053.84,1925,Road Freight (Truck),1581.78,9,9,On-Time,0,Enterprise,7551,8500,1.36,Clear,9,0.8217,1581.78,0,1,88.84,Bengaluru -> Lucknow
SHIP-10289,2025-04-09,WH-Central-Nagpur,Nagpur,Jaipur,Perishables,438,51664.83,143,Express Courier,477.28,3,4,Delayed,1,Enterprise,3643,6000,1.45,Rainy,4,3.3376,477.28,1,0,60.72,Nagpur -> Jaipur
SHIP-10290,2025-06-02,WH-South-Bengaluru,Bengaluru,Bhopal,Industrial Equipment,371,76863.88,743,Express Courier,1306.2,4,6,Delayed,2,Enterprise,7690,8500,1.74,Foggy,6,1.758,1306.2,1,0,90.47,Bengaluru -> Bhopal
SHIP-10291,2025-12-15,WH-West-Mumbai,Mumbai,Chandigarh,Apparel,219,31556.08,1955,Road Freight (Truck),1671.64,10,10,On-Time,0,E-Commerce Retailer,7412,12000,1.73,Clear,10,0.8551,1671.64,0,1,61.77,Mumbai -> Chandigarh
SHIP-10292,2025-12-04,WH-South-Bengaluru,Bengaluru,Indore,Electronics,264,61644.28,1628,Road Freight (Truck),1431.27,9,10,Delayed,1,E-Commerce Retailer,4383,8500,1.4,Clear,10,0.8792,1431.27,1,0,51.56,Bengaluru -> Indore
SHIP-10293,2025-07-13,WH-South-Bengaluru,Bengaluru,Indore,Consumer Goods,29,6894.69,1199,Road Freight (Truck),985.67,7,7,On-Time,0,SMB,5416,8500,1.31,Clear,7,0.8221,985.67,0,1,63.72,Bengaluru -> Indore
SHIP-10294,2025-11-06,WH-East-Kolkata,Kolkata,Jaipur,Apparel,67,2096.2,1105,Road Freight (Truck),937.22,6,8,Delayed,2,SMB,5118,7500,1.33,Foggy,8,0.8482,937.22,1,0,68.24,Kolkata -> Jaipur
SHIP-10295,2025-06-12,WH-North-Delhi,Delhi,Kochi,Consumer Goods,121,14793.12,342,Road Freight (Truck),379.82,4,5,Delayed,1,SMB,7458,10000,1.31,Rainy,5,1.1106,379.82,1,0,74.58,Delhi -> Kochi
SHIP-10296,2025-07-27,WH-East-Kolkata,Kolkata,Bhopal,Consumer Goods,322,50965.17,1775,Rail Freight,1146.2,11,12,Delayed,1,Enterprise,5154,7500,1.47,Rainy,12,0.6457,1146.2,1,0,68.72,Kolkata -> Bhopal
SHIP-10297,2025-06-18,WH-South-Bengaluru,Bengaluru,Coimbatore,Perishables,205,15401.66,298,Express Courier,571.06,3,3,On-Time,0,SMB,5969,8500,1.51,Clear,3,1.9163,571.06,0,1,70.22,Bengaluru -> Coimbatore
SHIP-10298,2025-06-10,WH-Central-Nagpur,Nagpur,Kochi,Automotive Parts,384,42494.61,919,Road Freight (Truck),918.18,5,6,Delayed,1,E-Commerce Retailer,2767,6000,1.44,Severe Heat,6,0.9991,918.18,1,0,46.12,Nagpur -> Kochi
SHIP-10299,2025-03-09,WH-West-Mumbai,Mumbai,Patna,Automotive Parts,362,63080.37,553,Express Courier,1005.19,4,4,On-Time,0,Individual,6830,12000,1.39,Clear,4,1.8177,1005.19,0,1,56.92,Mumbai -> Patna
SHIP-10300,2025-10-16,WH-South-Bengaluru,Bengaluru,Indore,Consumer Goods,101,6896.54,2080,Rail Freight,1185.18,13,13,On-Time,0,Individual,5066,8500,1.28,Rainy,13,0.5698,1185.18,0,1,59.6,Bengaluru -> Indore
SHIP-10301,2025-10-04,WH-Central-Nagpur,Nagpur,Patna,Electronics,61,9544.4,1593,Air Cargo,2908.36,4,5,Delayed,1,Individual,5483,6000,1.44,Clear,5,1.8257,2908.36,1,0,91.38,Nagpur -> Patna
SHIP-10302,2025-10-31,WH-North-Delhi,Delhi,Surat,Electronics,302,54027.87,912,Road Freight (Truck),862.58,6,6,On-Time,0,SMB,5889,10000,1.35,Clear,6,0.9458,862.58,0,1,58.89,Delhi -> Surat
SHIP-10303,2025-05-15,WH-Central-Nagpur,Nagpur,Kanpur,Consumer Goods,17,616.53,1003,Road Freight (Truck),842.79,7,9,Delayed,2,SMB,5228,6000,1.47,Foggy,9,0.8403,842.79,1,0,87.13,Nagpur -> Kanpur
SHIP-10304,2025-07-14,WH-South-Bengaluru,Bengaluru,Lucknow,Electronics,309,40763.09,611,Express Courier,1111.4,4,5,Delayed,1,E-Commerce Retailer,5042,8500,1.56,Severe Heat,5,1.819,1111.4,1,0,59.32,Bengaluru -> Lucknow
SHIP-10305,2025-05-08,WH-North-Delhi,Delhi,Bhopal,Electronics,107,8220.15,1332,Air Cargo,2470.12,4,4,On-Time,0,Individual,4951,10000,1.53,Clear,4,1.8544,2470.12,0,1,49.51,Delhi -> Bhopal
SHIP-10306,2025-02-02,WH-West-Mumbai,Mumbai,Kochi,Automotive Parts,245,45381.54,1721,Rail Freight,1044.94,10,10,On-Time,0,Enterprise,6796,12000,1.43,Clear,10,0.6072,1044.94,0,1,56.63,Mumbai -> Kochi
SHIP-10307,2025-06-25,WH-East-Kolkata,Kolkata,Indore,Industrial Equipment,398,23699.13,929,Road Freight (Truck),964.76,6,6,On-Time,0,Enterprise,4336,7500,1.48,Clear,6,1.0385,964.76,0,1,57.81,Kolkata -> Indore
SHIP-10308,2025-01-22,WH-North-Delhi,Delhi,Patna,Consumer Goods,383,86050.87,1080,Express Courier,1797.38,5,5,On-Time,0,Enterprise,9097,10000,1.32,Clear,5,1.6642,1797.38,0,1,90.97,Delhi -> Patna
SHIP-10309,2025-08-26,WH-South-Bengaluru,Bengaluru,Chandigarh,Electronics,78,9069.15,539,Road Freight (Truck),500.2,5,5,On-Time,0,SMB,6518,8500,1.16,Clear,5,0.928,500.2,0,1,76.68,Bengaluru -> Chandigarh
SHIP-10310,2025-06-07,WH-West-Mumbai,Mumbai,Surat,Apparel,424,26089.02,1392,Road Freight (Truck),1325.0,7,9,Delayed,2,Enterprise,10654,12000,1.53,Foggy,9,0.9519,1325.0,1,0,88.78,Mumbai -> Surat
SHIP-10311,2025-02-07,WH-South-Bengaluru,Bengaluru,Lucknow,Electronics,54,6368.5,1731,Air Cargo,3115.42,4,7,Delayed,3,Enterprise,7160,8500,1.3,Stormy,7,1.7998,3115.42,1,0,84.24,Bengaluru -> Lucknow
SHIP-10312,2025-08-18,WH-North-Delhi,Delhi,Lucknow,Perishables,146,16214.0,768,Road Freight (Truck),724.39,5,5,On-Time,0,Enterprise,7219,10000,1.55,Clear,5,0.9432,724.39,0,1,72.19,Delhi -> Lucknow
SHIP-10313,2025-02-20,WH-Central-Nagpur,Nagpur,Kochi,Consumer Goods,243,28138.42,1307,Express Courier,2074.61,4,5,Delayed,1,Enterprise,4604,6000,1.6,Rainy,5,1.5873,2074.61,1,0,76.73,Nagpur -> Kochi
SHIP-10314,2025-09-21,WH-Central-Nagpur,Nagpur,Bhopal,Consumer Goods,41,6256.88,1888,Rail Freight,1069.32,11,11,On-Time,0,E-Commerce Retailer,4462,6000,1.7,Clear,11,0.5664,1069.32,0,1,74.37,Nagpur -> Bhopal
SHIP-10315,2025-10-10,WH-Central-Nagpur,Nagpur,Coimbatore,Consumer Goods,298,40967.8,1398,Rail Freight,934.2,8,9,Delayed,1,Enterprise,4578,6000,1.72,Clear,9,0.6682,934.2,1,0,76.3,Nagpur -> Coimbatore
SHIP-10316,2025-01-27,WH-East-Kolkata,Kolkata,Chandigarh,Electronics,135,6776.68,595,Express Courier,969.64,4,4,On-Time,0,E-Commerce Retailer,4308,7500,1.16,Clear,4,1.6296,969.64,0,1,57.44,Kolkata -> Chandigarh
SHIP-10317,2025-08-14,WH-North-Delhi,Delhi,Kochi,Apparel,76,2311.24,1949,Rail Freight,1121.45,11,11,On-Time,0,SMB,6418,10000,1.74,Rainy,11,0.5754,1121.45,0,1,64.18,Delhi -> Kochi
SHIP-10318,2025-10-04,WH-East-Kolkata,Kolkata,Patna,Industrial Equipment,39,7270.09,1560,Rail Freight,890.9,10,12,Delayed,2,E-Commerce Retailer,5463,7500,1.56,Clear,12,0.5711,890.9,1,0,72.84,Kolkata -> Patna
SHIP-10319,2025-10-13,WH-North-Delhi,Delhi,Kanpur,Apparel,123,18023.63,289,Road Freight (Truck),337.33,3,3,On-Time,0,Enterprise,4668,10000,1.54,Clear,3,1.1672,337.33,0,1,46.68,Delhi -> Kanpur
SHIP-10320,2025-04-07,WH-North-Delhi,Delhi,Jaipur,Electronics,213,21164.78,1460,Air Cargo,2733.79,5,5,On-Time,0,Individual,6769,10000,1.16,Clear,5,1.8725,2733.79,0,1,67.69,Delhi -> Jaipur
SHIP-10321,2025-10-11,WH-West-Mumbai,Mumbai,Coimbatore,Apparel,38,7788.64,293,Road Freight (Truck),292.09,3,3,On-Time,0,SMB,10248,12000,1.67,Clear,3,0.9969,292.09,0,1,85.4,Mumbai -> Coimbatore
SHIP-10322,2025-11-13,WH-West-Mumbai,Mumbai,Bhopal,Apparel,140,14867.12,589,Road Freight (Truck),576.78,5,4,Early,0,Individual,8176,12000,1.24,Clear,4,0.9793,576.78,0,1,68.13,Mumbai -> Bhopal
SHIP-10323,2025-10-31,WH-East-Kolkata,Kolkata,Surat,Automotive Parts,194,39198.05,464,Road Freight (Truck),525.4,4,4,On-Time,0,Individual,5321,7500,1.65,Stormy,4,1.1323,525.4,0,1,70.95,Kolkata -> Surat
SHIP-10324,2025-05-27,WH-South-Bengaluru,Bengaluru,Coimbatore,Consumer Goods,262,22755.4,564,Road Freight (Truck),586.85,5,5,On-Time,0,Enterprise,4631,8500,1.16,Rainy,5,1.0405,586.85,0,1,54.48,Bengaluru -> Coimbatore
SHIP-10325,2025-01-04,WH-West-Mumbai,Mumbai,Indore,Consumer Goods,295,9475.0,1161,Road Freight (Truck),1087.86,6,8,Delayed,2,Enterprise,9880,12000,1.54,Foggy,8,0.937,1087.86,1,0,82.33,Mumbai -> Indore
SHIP-10326,2025-02-04,WH-West-Mumbai,Mumbai,Bhopal,Apparel,402,94136.47,1213,Road Freight (Truck),1158.38,6,6,On-Time,0,Enterprise,7424,12000,1.41,Clear,6,0.955,1158.38,0,1,61.87,Mumbai -> Bhopal
SHIP-10327,2025-07-11,WH-Central-Nagpur,Nagpur,Kanpur,Apparel,419,45134.48,1481,Rail Freight,1040.16,9,9,On-Time,0,SMB,5397,6000,1.27,Clear,9,0.7023,1040.16,0,1,89.95,Nagpur -> Kanpur
SHIP-10328,2025-02-18,WH-West-Mumbai,Mumbai,Indore,Consumer Goods,395,79506.69,747,Road Freight (Truck),804.74,5,5,On-Time,0,Enterprise,11004,12000,1.21,Clear,5,1.0773,804.74,0,1,91.7,Mumbai -> Indore
SHIP-10329,2025-01-17,WH-West-Mumbai,Mumbai,Coimbatore,Consumer Goods,71,5722.52,711,Road Freight (Truck),663.76,5,5,On-Time,0,Enterprise,10566,12000,1.41,Clear,5,0.9336,663.76,0,1,88.05,Mumbai -> Coimbatore
SHIP-10330,2025-06-21,WH-North-Delhi,Delhi,Jaipur,Consumer Goods,12,2002.75,646,Road Freight (Truck),578.89,5,5,On-Time,0,SMB,4898,10000,1.22,Rainy,5,0.8961,578.89,0,1,48.98,Delhi -> Jaipur
SHIP-10331,2025-08-08,WH-East-Kolkata,Kolkata,Jaipur,Automotive Parts,439,96680.12,1831,Rail Freight,1224.68,11,15,Delayed,4,Enterprise,4549,7500,1.44,Clear,15,0.6689,1224.68,1,0,60.65,Kolkata -> Jaipur
SHIP-10332,2025-06-07,WH-South-Bengaluru,Bengaluru,Kanpur,Consumer Goods,77,1908.55,575,Express Courier,968.34,3,3,On-Time,0,Enterprise,7600,8500,1.53,Clear,3,1.6841,968.34,0,1,89.41,Bengaluru -> Kanpur
SHIP-10333,2025-02-15,WH-North-Delhi,Delhi,Lucknow,Perishables,34,7146.78,1412,Road Freight (Truck),1142.55,8,9,Delayed,1,SMB,8281,10000,1.65,Rainy,9,0.8092,1142.55,1,0,82.81,Delhi -> Lucknow
SHIP-10334,2025-01-06,WH-North-Delhi,Delhi,Chandigarh,Apparel,188,28061.49,1774,Road Freight (Truck),1529.12,9,9,On-Time,0,Enterprise,8782,10000,1.56,Clear,9,0.862,1529.12,0,1,87.82,Delhi -> Chandigarh
SHIP-10335,2025-04-09,WH-South-Bengaluru,Bengaluru,Surat,Perishables,150,23663.38,930,Express Courier,1464.33,4,5,Delayed,1,SMB,6112,8500,1.19,Severe Heat,5,1.5745,1464.33,1,0,71.91,Bengaluru -> Surat
SHIP-10336,2025-08-21,WH-South-Bengaluru,Bengaluru,Lucknow,Automotive Parts,240,33106.11,307,Road Freight (Truck),405.97,3,3,On-Time,0,SMB,5744,8500,1.33,Clear,3,1.3224,405.97,0,1,67.58,Bengaluru -> Lucknow
SHIP-10337,2025-02-06,WH-West-Mumbai,Mumbai,Jaipur,Consumer Goods,309,68135.01,1140,Express Courier,1839.93,4,5,Delayed,1,SMB,6000,12000,1.32,Rainy,5,1.614,1839.93,1,0,50.0,Mumbai -> Jaipur
SHIP-10338,2025-10-07,WH-Central-Nagpur,Nagpur,Jaipur,Automotive Parts,172,4335.58,1712,Express Courier,2600.43,6,6,On-Time,0,E-Commerce Retailer,5067,6000,1.7,Clear,6,1.5189,2600.43,0,1,84.45,Nagpur -> Jaipur
SHIP-10339,2025-12-15,WH-North-Delhi,Delhi,Patna,Electronics,320,24429.34,830,Road Freight (Truck),861.79,5,6,Delayed,1,SMB,8002,10000,1.67,Severe Heat,6,1.0383,861.79,1,0,80.02,Delhi -> Patna
SHIP-10340,2025-10-29,WH-West-Mumbai,Mumbai,Indore,Perishables,402,88763.29,648,Express Courier,1163.36,3,3,On-Time,0,SMB,5732,12000,1.37,Clear,3,1.7953,1163.36,0,1,47.77,Mumbai -> Indore
SHIP-10341,2025-06-30,WH-Central-Nagpur,Nagpur,Coimbatore,Apparel,139,26660.37,553,Express Courier,911.66,4,5,Delayed,1,SMB,3290,6000,1.19,Rainy,5,1.6486,911.66,1,0,54.83,Nagpur -> Coimbatore
SHIP-10342,2025-04-05,WH-West-Mumbai,Mumbai,Surat,Electronics,255,4882.39,407,Express Courier,771.78,3,3,On-Time,0,E-Commerce Retailer,8543,12000,1.69,Clear,3,1.8963,771.78,0,1,71.19,Mumbai -> Surat
SHIP-10343,2025-04-09,WH-South-Bengaluru,Bengaluru,Kanpur,Apparel,306,41767.92,2061,Road Freight (Truck),1797.79,10,13,Delayed,3,E-Commerce Retailer,6559,8500,1.68,Rainy,13,0.8723,1797.79,1,0,77.16,Bengaluru -> Kanpur
SHIP-10344,2025-07-07,WH-West-Mumbai,Mumbai,Coimbatore,Perishables,181,25240.37,1710,Rail Freight,1047.64,10,10,On-Time,0,E-Commerce Retailer,6176,12000,1.66,Clear,10,0.6127,1047.64,0,1,51.47,Mumbai -> Coimbatore
SHIP-10345,2025-04-26,WH-West-Mumbai,Mumbai,Patna,Electronics,73,7972.13,618,Road Freight (Truck),543.97,4,4,On-Time,0,E-Commerce Retailer,6780,12000,1.66,Clear,4,0.8802,543.97,0,1,56.5,Mumbai -> Patna
SHIP-10346,2025-07-10,WH-Central-Nagpur,Nagpur,Jaipur,Apparel,40,3395.5,1584,Road Freight (Truck),1278.75,8,11,Delayed,3,Enterprise,3244,6000,1.44,Stormy,11,0.8073,1278.75,1,0,54.07,Nagpur -> Jaipur
SHIP-10347,2025-09-10,WH-West-Mumbai,Mumbai,Kanpur,Industrial Equipment,56,9811.5,1924,Rail Freight,1066.35,12,13,Delayed,1,Enterprise,6640,12000,1.26,Severe Heat,13,0.5542,1066.35,1,0,55.33,Mumbai -> Kanpur
SHIP-10348,2025-06-10,WH-Central-Nagpur,Nagpur,Jaipur,Industrial Equipment,139,8872.48,422,Road Freight (Truck),461.21,4,3,Early,0,Enterprise,5296,6000,1.44,Clear,3,1.0929,461.21,0,1,88.27,Nagpur -> Jaipur
SHIP-10349,2025-09-13,WH-North-Delhi,Delhi,Surat,Consumer Goods,361,73193.8,206,Road Freight (Truck),372.02,3,5,Delayed,2,Individual,7864,10000,1.45,Foggy,5,1.8059,372.02,1,0,78.64,Delhi -> Surat
SHIP-10350,2025-11-19,WH-North-Delhi,Delhi,Indore,Electronics,342,69670.1,949,Road Freight (Truck),936.45,5,5,On-Time,0,E-Commerce Retailer,7964,10000,1.44,Clear,5,0.9868,936.45,0,1,79.64,Delhi -> Indore
SHIP-10351,2025-05-08,WH-North-Delhi,Delhi,Coimbatore,Electronics,119,13397.79,557,Road Freight (Truck),574.58,4,3,Early,0,E-Commerce Retailer,8231,10000,1.47,Foggy,3,1.0316,574.58,0,1,82.31,Delhi -> Coimbatore
SHIP-10352,2025-01-18,WH-South-Bengaluru,Bengaluru,Coimbatore,Apparel,78,6367.44,660,Road Freight (Truck),611.75,5,4,Early,0,Enterprise,5249,8500,1.3,Rainy,4,0.9269,611.75,0,1,61.75,Bengaluru -> Coimbatore
SHIP-10353,2025-10-08,WH-West-Mumbai,Mumbai,Lucknow,Consumer Goods,67,5474.66,1165,Road Freight (Truck),966.03,6,6,On-Time,0,E-Commerce Retailer,9726,12000,1.37,Clear,6,0.8292,966.03,0,1,81.05,Mumbai -> Lucknow
SHIP-10354,2025-08-11,WH-Central-Nagpur,Nagpur,Kanpur,Perishables,115,14758.92,952,Road Freight (Truck),857.0,6,6,On-Time,0,Enterprise,5459,6000,1.41,Stormy,6,0.9002,857.0,0,1,90.98,Nagpur -> Kanpur
SHIP-10355,2025-02-23,WH-West-Mumbai,Mumbai,Chandigarh,Electronics,309,56887.25,916,Express Courier,1510.37,5,7,Delayed,2,Enterprise,9338,12000,1.23,Foggy,7,1.6489,1510.37,1,0,77.82,Mumbai -> Chandigarh
SHIP-10356,2025-02-27,WH-Central-Nagpur,Nagpur,Patna,Apparel,339,33674.27,679,Express Courier,1212.35,4,4,On-Time,0,SMB,3875,6000,1.42,Clear,4,1.7855,1212.35,0,1,64.58,Nagpur -> Patna
SHIP-10357,2025-11-19,WH-North-Delhi,Delhi,Chandigarh,Electronics,265,41965.45,1660,Air Cargo,3112.07,5,7,Delayed,2,SMB,7866,10000,1.64,Foggy,7,1.8747,3112.07,1,0,78.66,Delhi -> Chandigarh
SHIP-10358,2025-12-26,WH-Central-Nagpur,Nagpur,Lucknow,Electronics,321,33667.72,881,Express Courier,1476.44,4,5,Delayed,1,SMB,5240,6000,1.65,Clear,5,1.6759,1476.44,1,0,87.33,Nagpur -> Lucknow
SHIP-10359,2025-06-23,WH-East-Kolkata,Kolkata,Surat,Consumer Goods,180,15581.33,1818,Road Freight (Truck),1515.88,10,10,On-Time,0,E-Commerce Retailer,3828,7500,1.4,Foggy,10,0.8338,1515.88,0,1,51.04,Kolkata -> Surat
SHIP-10360,2025-10-07,WH-East-Kolkata,Kolkata,Patna,Consumer Goods,392,8170.06,1646,Road Freight (Truck),1502.77,9,10,Delayed,1,Enterprise,4310,7500,1.46,Rainy,10,0.913,1502.77,1,0,57.47,Kolkata -> Patna
SHIP-10361,2025-04-24,WH-East-Kolkata,Kolkata,Indore,Apparel,171,2722.29,1857,Road Freight (Truck),1562.92,9,9,On-Time,0,SMB,6615,7500,1.17,Clear,9,0.8416,1562.92,0,1,88.2,Kolkata -> Indore
SHIP-10362,2025-10-15,WH-East-Kolkata,Kolkata,Chandigarh,Automotive Parts,295,20176.17,586,Road Freight (Truck),657.95,5,6,Delayed,1,SMB,6710,7500,1.55,Rainy,6,1.1228,657.95,1,0,89.47,Kolkata -> Chandigarh
SHIP-10363,2025-12-08,WH-South-Bengaluru,Bengaluru,Indore,Apparel,80,8840.44,1244,Road Freight (Truck),1043.6,7,7,On-Time,0,Enterprise,5759,8500,1.39,Rainy,7,0.8389,1043.6,0,1,67.75,Bengaluru -> Indore
SHIP-10364,2025-05-31,WH-North-Delhi,Delhi,Chandigarh,Perishables,264,56772.24,1726,Road Freight (Truck),1473.3,8,10,Delayed,2,E-Commerce Retailer,6260,10000,1.42,Rainy,10,0.8536,1473.3,1,0,62.6,Delhi -> Chandigarh
SHIP-10365,2025-05-07,WH-North-Delhi,Delhi,Indore,Automotive Parts,383,77612.57,2085,Road Freight (Truck),1825.81,11,11,On-Time,0,E-Commerce Retailer,5829,10000,1.67,Clear,11,0.8757,1825.81,0,1,58.29,Delhi -> Indore
SHIP-10366,2025-06-04,WH-Central-Nagpur,Nagpur,Chandigarh,Apparel,64,4978.17,794,Road Freight (Truck),683.51,5,5,On-Time,0,E-Commerce Retailer,4106,6000,1.43,Clear,5,0.8608,683.51,0,1,68.43,Nagpur -> Chandigarh
SHIP-10367,2025-09-30,WH-South-Bengaluru,Bengaluru,Indore,Automotive Parts,332,24059.05,804,Express Courier,1388.29,4,3,Early,0,E-Commerce Retailer,7558,8500,1.16,Foggy,3,1.7267,1388.29,0,1,88.92,Bengaluru -> Indore
SHIP-10368,2025-04-14,WH-East-Kolkata,Kolkata,Lucknow,Apparel,406,27778.8,1284,Road Freight (Truck),1217.71,7,6,Early,0,E-Commerce Retailer,3903,7500,1.29,Clear,6,0.9484,1217.71,0,1,52.04,Kolkata -> Lucknow
SHIP-10369,2025-10-26,WH-West-Mumbai,Mumbai,Bhopal,Electronics,12,1136.65,257,Road Freight (Truck),275.63,3,3,On-Time,0,Enterprise,7767,12000,1.44,Clear,3,1.0725,275.63,0,1,64.72,Mumbai -> Bhopal
SHIP-10370,2025-09-03,WH-North-Delhi,Delhi,Patna,Industrial Equipment,35,4622.68,697,Road Freight (Truck),609.32,4,5,Delayed,1,E-Commerce Retailer,8784,10000,1.4,Rainy,5,0.8742,609.32,1,0,87.84,Delhi -> Patna
SHIP-10371,2025-06-25,WH-North-Delhi,Delhi,Kanpur,Electronics,322,38023.99,829,Road Freight (Truck),859.84,6,6,On-Time,0,Enterprise,6140,10000,1.67,Clear,6,1.0372,859.84,0,1,61.4,Delhi -> Kanpur
SHIP-10372,2025-02-08,WH-South-Bengaluru,Bengaluru,Surat,Apparel,135,8949.72,1983,Rail Freight,1174.48,11,12,Delayed,1,Enterprise,6893,8500,1.48,Rainy,12,0.5923,1174.48,1,0,81.09,Bengaluru -> Surat
SHIP-10373,2025-06-19,WH-West-Mumbai,Mumbai,Kochi,Industrial Equipment,417,19038.59,347,Road Freight (Truck),560.9,4,5,Delayed,1,Enterprise,7595,12000,1.56,Rainy,5,1.6164,560.9,1,0,63.29,Mumbai -> Kochi
SHIP-10374,2025-09-04,WH-North-Delhi,Delhi,Jaipur,Electronics,62,1113.26,400,Express Courier,667.11,3,4,Delayed,1,E-Commerce Retailer,8283,10000,1.43,Rainy,4,1.6678,667.11,1,0,82.83,Delhi -> Jaipur
SHIP-10375,2025-01-26,WH-West-Mumbai,Mumbai,Kanpur,Electronics,207,10594.54,803,Express Courier,1334.47,4,4,On-Time,0,E-Commerce Retailer,10932,12000,1.41,Clear,4,1.6619,1334.47,0,1,91.1,Mumbai -> Kanpur
SHIP-10376,2025-12-21,WH-North-Delhi,Delhi,Jaipur,Automotive Parts,308,55673.69,947,Road Freight (Truck),932.19,6,5,Early,0,Enterprise,6322,10000,1.42,Clear,5,0.9844,932.19,0,1,63.22,Delhi -> Jaipur
SHIP-10377,2025-11-02,WH-South-Bengaluru,Bengaluru,Patna,Apparel,197,14234.25,550,Road Freight (Truck),566.98,5,5,On-Time,0,E-Commerce Retailer,7201,8500,1.4,Clear,5,1.0309,566.98,0,1,84.72,Bengaluru -> Patna
SHIP-10378,2025-01-13,WH-West-Mumbai,Mumbai,Kanpur,Electronics,195,24398.68,1183,Air Cargo,2233.68,4,6,Delayed,2,Individual,10974,12000,1.47,Foggy,6,1.8881,2233.68,1,0,91.45,Mumbai -> Kanpur
SHIP-10379,2025-11-12,WH-East-Kolkata,Kolkata,Indore,Apparel,314,48342.11,1662,Rail Freight,1078.1,11,11,On-Time,0,Enterprise,6843,7500,1.3,Clear,11,0.6487,1078.1,0,1,91.24,Kolkata -> Indore
SHIP-10380,2025-11-09,WH-West-Mumbai,Mumbai,Indore,Apparel,307,68586.14,1829,Rail Freight,1163.58,11,14,Delayed,3,Enterprise,7846,12000,1.68,Severe Heat,14,0.6362,1163.58,1,0,65.38,Mumbai -> Indore
SHIP-10381,2025-02-05,WH-West-Mumbai,Mumbai,Kochi,Apparel,213,47686.64,1806,Rail Freight,1103.79,12,13,Delayed,1,E-Commerce Retailer,8139,12000,1.35,Rainy,13,0.6112,1103.79,1,0,67.82,Mumbai -> Kochi
SHIP-10382,2025-06-22,WH-North-Delhi,Delhi,Jaipur,Perishables,20,3804.95,1354,Rail Freight,786.45,9,12,Delayed,3,Enterprise,5925,10000,1.24,Stormy,12,0.5808,786.45,1,0,59.25,Delhi -> Jaipur
SHIP-10383,2025-01-20,WH-North-Delhi,Delhi,Surat,Apparel,368,8560.38,421,Express Courier,871.62,2,2,On-Time,0,SMB,5975,10000,1.21,Clear,2,2.0704,871.62,0,1,59.75,Delhi -> Surat
SHIP-10384,2025-11-17,WH-West-Mumbai,Mumbai,Patna,Consumer Goods,363,54501.38,1229,Road Freight (Truck),1158.48,7,7,On-Time,0,Enterprise,8177,12000,1.16,Clear,7,0.9426,1158.48,0,1,68.14,Mumbai -> Patna
SHIP-10385,2025-09-21,WH-West-Mumbai,Mumbai,Indore,Industrial Equipment,155,30976.3,1540,Express Courier,2339.43,5,8,Delayed,3,SMB,6530,12000,1.4,Stormy,8,1.5191,2339.43,1,0,54.42,Mumbai -> Indore
SHIP-10386,2025-05-22,WH-South-Bengaluru,Bengaluru,Bhopal,Automotive Parts,94,1791.89,1396,Rail Freight,838.29,8,8,On-Time,0,E-Commerce Retailer,6665,8500,1.26,Clear,8,0.6005,838.29,0,1,78.41,Bengaluru -> Bhopal
SHIP-10387,2025-05-23,WH-West-Mumbai,Mumbai,Lucknow,Electronics,109,15715.17,652,Road Freight (Truck),597.91,5,5,On-Time,0,E-Commerce Retailer,8424,12000,1.16,Clear,5,0.917,597.91,0,1,70.2,Mumbai -> Lucknow
SHIP-10388,2025-04-02,WH-South-Bengaluru,Bengaluru,Lucknow,Electronics,113,24472.93,888,Road Freight (Truck),825.23,6,7,Delayed,1,E-Commerce Retailer,7412,8500,1.46,Clear,7,0.9293,825.23,1,0,87.2,Bengaluru -> Lucknow
SHIP-10389,2025-12-20,WH-Central-Nagpur,Nagpur,Chandigarh,Electronics,445,56254.22,2034,Air Cargo,3847.23,5,5,On-Time,0,E-Commerce Retailer,4985,6000,1.56,Severe Heat,5,1.8915,3847.23,0,1,83.08,Nagpur -> Chandigarh
SHIP-10390,2025-11-18,WH-East-Kolkata,Kolkata,Surat,Apparel,55,878.07,2058,Rail Freight,1157.19,13,14,Delayed,1,E-Commerce Retailer,4511,7500,1.2,Rainy,14,0.5623,1157.19,1,0,60.15,Kolkata -> Surat
SHIP-10391,2025-10-15,WH-North-Delhi,Delhi,Lucknow,Apparel,53,932.17,1524,Rail Freight,895.72,9,9,On-Time,0,E-Commerce Retailer,6877,10000,1.43,Rainy,9,0.5877,895.72,0,1,68.77,Delhi -> Lucknow
SHIP-10392,2025-08-03,WH-West-Mumbai,Mumbai,Chandigarh,Apparel,287,32405.02,563,Road Freight (Truck),640.4,4,5,Delayed,1,Enterprise,9632,12000,1.6,Rainy,5,1.1375,640.4,1,0,80.27,Mumbai -> Chandigarh
SHIP-10393,2025-12-08,WH-North-Delhi,Delhi,Jaipur,Perishables,190,9771.14,1176,Road Freight (Truck),1081.01,7,6,Early,0,SMB,5408,10000,1.74,Clear,6,0.9192,1081.01,0,1,54.08,Delhi -> Jaipur
SHIP-10394,2025-02-20,WH-North-Delhi,Delhi,Indore,Industrial Equipment,196,33544.6,379,Road Freight (Truck),460.5,3,5,Delayed,2,Enterprise,4648,10000,1.55,Foggy,5,1.215,460.5,1,0,46.48,Delhi -> Indore
SHIP-10395,2025-06-02,WH-Central-Nagpur,Nagpur,Indore,Electronics,123,22332.84,1377,Air Cargo,2579.51,5,6,Delayed,1,E-Commerce Retailer,5103,6000,1.3,Clear,6,1.8733,2579.51,1,0,85.05,Nagpur -> Indore
SHIP-10396,2025-07-05,WH-North-Delhi,Delhi,Bhopal,Consumer Goods,264,14995.66,1658,Road Freight (Truck),1460.92,9,9,On-Time,0,Enterprise,5146,10000,1.58,Foggy,9,0.8811,1460.92,0,1,51.46,Delhi -> Bhopal
SHIP-10397,2025-03-04,WH-West-Mumbai,Mumbai,Kanpur,Consumer Goods,390,87284.08,2002,Rail Freight,1308.88,12,12,On-Time,0,SMB,10416,12000,1.51,Clear,12,0.6538,1308.88,0,1,86.8,Mumbai -> Kanpur
SHIP-10398,2025-07-09,WH-South-Bengaluru,Bengaluru,Lucknow,Consumer Goods,389,46232.01,1451,Rail Freight,987.33,9,9,On-Time,0,Enterprise,7474,8500,1.28,Clear,9,0.6804,987.33,0,1,87.93,Bengaluru -> Lucknow
SHIP-10399,2025-05-05,WH-East-Kolkata,Kolkata,Jaipur,Apparel,39,1894.18,858,Express Courier,1360.79,4,4,On-Time,0,E-Commerce Retailer,4998,7500,1.66,Clear,4,1.586,1360.79,0,1,66.64,Kolkata -> Jaipur
SHIP-10400,2025-05-30,WH-South-Bengaluru,Bengaluru,Coimbatore,Automotive Parts,273,53125.56,915,Road Freight (Truck),882.38,6,6,On-Time,0,E-Commerce Retailer,7048,8500,1.41,Clear,6,0.9643,882.38,0,1,82.92,Bengaluru -> Coimbatore
SHIP-10401,2025-11-10,WH-North-Delhi,Delhi,Lucknow,Consumer Goods,107,21468.91,189,Road Freight (Truck),294.63,3,4,Delayed,1,SMB,6206,10000,1.73,Rainy,4,1.5589,294.63,1,0,62.06,Delhi -> Lucknow
SHIP-10402,2025-02-27,WH-West-Mumbai,Mumbai,Surat,Apparel,322,53205.49,1597,Road Freight (Truck),1447.3,8,8,On-Time,0,E-Commerce Retailer,10240,12000,1.58,Clear,8,0.9063,1447.3,0,1,85.33,Mumbai -> Surat
SHIP-10403,2025-12-08,WH-South-Bengaluru,Bengaluru,Kanpur,Industrial Equipment,376,81052.22,1582,Road Freight (Truck),1446.42,9,9,On-Time,0,Enterprise,7119,8500,1.54,Clear,9,0.9143,1446.42,0,1,83.75,Bengaluru -> Kanpur
SHIP-10404,2025-11-01,WH-North-Delhi,Delhi,Lucknow,Consumer Goods,338,63639.54,1968,Road Freight (Truck),1745.87,9,8,Early,0,SMB,4869,10000,1.59,Clear,8,0.8871,1745.87,0,1,48.69,Delhi -> Lucknow
SHIP-10405,2025-06-29,WH-West-Mumbai,Mumbai,Jaipur,Electronics,124,27567.48,1507,Rail Freight,909.66,9,9,On-Time,0,E-Commerce Retailer,8685,12000,1.44,Rainy,9,0.6036,909.66,0,1,72.38,Mumbai -> Jaipur
SHIP-10406,2025-06-19,WH-North-Delhi,Delhi,Lucknow,Consumer Goods,285,33334.65,1102,Road Freight (Truck),1057.05,6,5,Early,0,Enterprise,7507,10000,1.45,Clear,5,0.9592,1057.05,0,1,75.07,Delhi -> Lucknow
SHIP-10407,2025-11-22,WH-North-Delhi,Delhi,Surat,Electronics,290,55298.74,1909,Air Cargo,3574.11,6,5,Early,0,Individual,4504,10000,1.66,Rainy,5,1.8722,3574.11,0,1,45.04,Delhi -> Surat
SHIP-10408,2025-09-28,WH-West-Mumbai,Mumbai,Coimbatore,Perishables,284,70983.42,600,Road Freight (Truck),652.74,4,3,Early,0,Enterprise,10926,12000,1.56,Clear,3,1.0879,652.74,0,1,91.05,Mumbai -> Coimbatore
SHIP-10409,2025-02-23,WH-North-Delhi,Delhi,Patna,Electronics,270,50046.88,1287,Air Cargo,2470.57,5,5,On-Time,0,Enterprise,6410,10000,1.69,Clear,5,1.9196,2470.57,0,1,64.1,Delhi -> Patna
SHIP-10410,2025-04-11,WH-South-Bengaluru,Bengaluru,Kochi,Consumer Goods,340,14223.28,143,Express Courier,438.23,2,2,On-Time,0,Individual,5891,8500,1.68,Clear,2,3.0645,438.23,0,1,69.31,Bengaluru -> Kochi
SHIP-10411,2025-09-21,WH-South-Bengaluru,Bengaluru,Coimbatore,Apparel,216,29549.86,1084,Road Freight (Truck),995.3,7,10,Delayed,3,Enterprise,4603,8500,1.74,Stormy,10,0.9182,995.3,1,0,54.15,Bengaluru -> Coimbatore
SHIP-10412,2025-02-22,WH-East-Kolkata,Kolkata,Chandigarh,Perishables,393,60139.51,1568,Rail Freight,1070.65,10,11,Delayed,1,Individual,5528,7500,1.57,Rainy,11,0.6828,1070.65,1,0,73.71,Kolkata -> Chandigarh
SHIP-10413,2025-03-01,WH-North-Delhi,Delhi,Lucknow,Electronics,337,18851.61,865,Road Freight (Truck),885.86,5,5,On-Time,0,Individual,8309,10000,1.45,Clear,5,1.0241,885.86,0,1,83.09,Delhi -> Lucknow
SHIP-10414,2025-04-18,WH-North-Delhi,Delhi,Indore,Electronics,220,53081.5,964,Road Freight (Truck),858.57,6,6,On-Time,0,Enterprise,7253,10000,1.25,Rainy,6,0.8906,858.57,0,1,72.53,Delhi -> Indore
SHIP-10415,2025-01-05,WH-North-Delhi,Delhi,Bhopal,Electronics,224,12602.52,1318,Air Cargo,2502.95,4,4,On-Time,0,SMB,8203,10000,1.57,Foggy,4,1.8991,2502.95,0,1,82.03,Delhi -> Bhopal
SHIP-10416,2025-04-13,WH-South-Bengaluru,Bengaluru,Indore,Electronics,420,23824.97,1987,Road Freight (Truck),1776.44,9,9,On-Time,0,Enterprise,6745,8500,1.32,Clear,9,0.894,1776.44,0,1,79.35,Bengaluru -> Indore
SHIP-10417,2025-07-15,WH-East-Kolkata,Kolkata,Coimbatore,Electronics,49,11273.15,444,Road Freight (Truck),447.46,3,7,Delayed,4,SMB,4212,7500,1.32,Foggy,7,1.0078,447.46,1,0,56.16,Kolkata -> Coimbatore
SHIP-10418,2025-09-19,WH-North-Delhi,Delhi,Indore,Apparel,35,4351.31,2012,Road Freight (Truck),1591.48,10,10,On-Time,0,Enterprise,6548,10000,1.29,Clear,10,0.791,1591.48,0,1,65.48,Delhi -> Indore
SHIP-10419,2025-12-16,WH-Central-Nagpur,Nagpur,Jaipur,Electronics,36,1074.57,1814,Rail Freight,1023.02,11,13,Delayed,2,Enterprise,3119,6000,1.68,Foggy,13,0.564,1023.02,1,0,51.98,Nagpur -> Jaipur
SHIP-10420,2025-02-16,WH-North-Delhi,Delhi,Indore,Electronics,199,30959.24,2003,Road Freight (Truck),1693.42,10,10,On-Time,0,SMB,4697,10000,1.67,Clear,10,0.8454,1693.42,0,1,46.97,Delhi -> Indore
SHIP-10421,2025-12-21,WH-South-Bengaluru,Bengaluru,Kanpur,Automotive Parts,92,14391.49,1491,Road Freight (Truck),1237.42,7,7,On-Time,0,SMB,4076,8500,1.53,Clear,7,0.8299,1237.42,0,1,47.95,Bengaluru -> Kanpur
SHIP-10422,2025-11-07,WH-East-Kolkata,Kolkata,Patna,Consumer Goods,393,11851.97,917,Road Freight (Truck),925.97,6,5,Early,0,Individual,6697,7500,1.43,Clear,5,1.0098,925.97,0,1,89.29,Kolkata -> Patna
SHIP-10423,2025-11-04,WH-Central-Nagpur,Nagpur,Lucknow,Consumer Goods,443,107889.45,137,Road Freight (Truck),371.52,2,3,Delayed,1,E-Commerce Retailer,5476,6000,1.55,Severe Heat,3,2.7118,371.52,1,0,91.27,Nagpur -> Lucknow
SHIP-10424,2025-05-24,WH-East-Kolkata,Kolkata,Indore,Consumer Goods,179,25569.62,163,Express Courier,382.72,2,4,Delayed,2,E-Commerce Retailer,3709,7500,1.51,Foggy,4,2.348,382.72,1,0,49.45,Kolkata -> Indore
SHIP-10425,2025-09-26,WH-East-Kolkata,Kolkata,Surat,Perishables,422,61844.94,274,Express Courier,638.23,3,2,Early,0,SMB,4556,7500,1.4,Rainy,2,2.3293,638.23,0,1,60.75,Kolkata -> Surat
SHIP-10426,2025-05-04,WH-West-Mumbai,Mumbai,Patna,Electronics,176,24151.97,986,Road Freight (Truck),881.53,6,6,On-Time,0,E-Commerce Retailer,6045,12000,1.38,Clear,6,0.894,881.53,0,1,50.38,Mumbai -> Patna
SHIP-10427,2025-04-16,WH-East-Kolkata,Kolkata,Patna,Automotive Parts,197,31228.83,1041,Road Freight (Truck),946.29,6,5,Early,0,Enterprise,6315,7500,1.38,Clear,5,0.909,946.29,0,1,84.2,Kolkata -> Patna
SHIP-10428,2025-06-07,WH-North-Delhi,Delhi,Indore,Industrial Equipment,178,13725.66,1520,Rail Freight,921.27,9,9,On-Time,0,E-Commerce Retailer,6832,10000,1.5,Clear,9,0.6061,921.27,0,1,68.32,Delhi -> Indore
SHIP-10429,2025-05-27,WH-Central-Nagpur,Nagpur,Patna,Electronics,298,24585.51,862,Road Freight (Truck),841.15,5,5,On-Time,0,Individual,4451,6000,1.54,Clear,5,0.9758,841.15,0,1,74.18,Nagpur -> Patna
SHIP-10430,2025-05-25,WH-South-Bengaluru,Bengaluru,Bhopal,Perishables,238,32169.2,2026,Road Freight (Truck),1717.63,11,11,On-Time,0,Enterprise,5981,8500,1.42,Clear,11,0.8478,1717.63,0,1,70.36,Bengaluru -> Bhopal
SHIP-10431,2025-04-30,WH-East-Kolkata,Kolkata,Indore,Consumer Goods,106,21684.54,1971,Road Freight (Truck),1648.79,9,12,Delayed,3,E-Commerce Retailer,5878,7500,1.73,Stormy,12,0.8365,1648.79,1,0,78.37,Kolkata -> Indore
SHIP-10432,2025-11-15,WH-West-Mumbai,Mumbai,Jaipur,Electronics,376,10046.03,1545,Rail Freight,1045.6,10,11,Delayed,1,E-Commerce Retailer,7199,12000,1.2,Rainy,11,0.6768,1045.6,1,0,59.99,Mumbai -> Jaipur
SHIP-10433,2025-10-02,WH-South-Bengaluru,Bengaluru,Coimbatore,Automotive Parts,25,3920.0,344,Road Freight (Truck),358.63,3,2,Early,0,Individual,4374,8500,1.36,Clear,2,1.0425,358.63,0,1,51.46,Bengaluru -> Coimbatore
SHIP-10434,2025-04-02,WH-South-Bengaluru,Bengaluru,Kanpur,Industrial Equipment,288,58922.74,336,Road Freight (Truck),426.88,3,3,On-Time,0,E-Commerce Retailer,3895,8500,1.4,Rainy,3,1.2705,426.88,0,1,45.82,Bengaluru -> Kanpur
SHIP-10435,2025-02-27,WH-East-Kolkata,Kolkata,Kochi,Apparel,144,7470.08,1711,Road Freight (Truck),1404.63,9,9,On-Time,0,Enterprise,4946,7500,1.16,Stormy,9,0.8209,1404.63,0,1,65.95,Kolkata -> Kochi
SHIP-10436,2025-12-12,WH-North-Delhi,Delhi,Chandigarh,Electronics,35,648.56,150,Road Freight (Truck),197.86,2,3,Delayed,1,Enterprise,8766,10000,1.37,Rainy,3,1.3191,197.86,1,0,87.66,Delhi -> Chandigarh
SHIP-10437,2025-08-17,WH-North-Delhi,Delhi,Patna,Consumer Goods,361,31944.03,2012,Road Freight (Truck),1769.96,10,11,Delayed,1,Enterprise,5934,10000,1.31,Rainy,11,0.8797,1769.96,1,0,59.34,Delhi -> Patna
SHIP-10438,2025-04-27,WH-North-Delhi,Delhi,Jaipur,Industrial Equipment,21,3217.49,1202,Road Freight (Truck),1003.29,6,5,Early,0,E-Commerce Retailer,5420,10000,1.45,Severe Heat,5,0.8347,1003.29,0,1,54.2,Delhi -> Jaipur
SHIP-10439,2025-11-14,WH-North-Delhi,Delhi,Lucknow,Consumer Goods,81,3847.22,2035,Rail Freight,1141.74,13,13,On-Time,0,Enterprise,8852,10000,1.35,Foggy,13,0.5611,1141.74,0,1,88.52,Delhi -> Lucknow
SHIP-10440,2025-10-06,WH-Central-Nagpur,Nagpur,Lucknow,Consumer Goods,142,16349.7,1017,Road Freight (Truck),929.51,6,6,On-Time,0,E-Commerce Retailer,2997,6000,1.59,Clear,6,0.914,929.51,0,1,49.95,Nagpur -> Lucknow
SHIP-10441,2025-05-07,WH-North-Delhi,Delhi,Chandigarh,Electronics,115,16651.49,1496,Air Cargo,2754.59,4,4,On-Time,0,Enterprise,4743,10000,1.46,Clear,4,1.8413,2754.59,0,1,47.43,Delhi -> Chandigarh
SHIP-10442,2025-05-09,WH-Central-Nagpur,Nagpur,Kanpur,Electronics,229,35663.89,1054,Road Freight (Truck),978.81,7,7,On-Time,0,Enterprise,5179,6000,1.23,Severe Heat,7,0.9287,978.81,0,1,86.32,Nagpur -> Kanpur
SHIP-10443,2025-02-27,WH-West-Mumbai,Mumbai,Patna,Automotive Parts,382,30363.94,564,Road Freight (Truck),667.46,5,5,On-Time,0,SMB,9353,12000,1.6,Clear,5,1.1834,667.46,0,1,77.94,Mumbai -> Patna
SHIP-10444,2025-05-02,WH-North-Delhi,Delhi,Bhopal,Consumer Goods,186,20275.3,1378,Rail Freight,839.45,8,8,On-Time,0,E-Commerce Retailer,6483,10000,1.21,Clear,8,0.6092,839.45,0,1,64.83,Delhi -> Bhopal
SHIP-10445,2025-01-01,WH-East-Kolkata,Kolkata,Chandigarh,Perishables,291,57591.73,1250,Road Freight (Truck),1171.39,6,6,On-Time,0,Enterprise,6027,7500,1.65,Clear,6,0.9371,1171.39,0,1,80.36,Kolkata -> Chandigarh
SHIP-10446,2025-08-27,WH-South-Bengaluru,Bengaluru,Kanpur,Consumer Goods,142,33538.33,1334,Rail Freight,844.47,9,10,Delayed,1,SMB,6787,8500,1.71,Rainy,10,0.633,844.47,1,0,79.85,Bengaluru -> Kanpur
SHIP-10447,2025-10-17,WH-West-Mumbai,Mumbai,Patna,Industrial Equipment,31,6743.8,649,Road Freight (Truck),555.41,4,4,On-Time,0,SMB,5625,12000,1.34,Severe Heat,4,0.8558,555.41,0,1,46.88,Mumbai -> Patna
SHIP-10448,2025-04-06,WH-South-Bengaluru,Bengaluru,Jaipur,Consumer Goods,278,41034.64,2056,Road Freight (Truck),1757.49,10,10,On-Time,0,Enterprise,6526,8500,1.71,Clear,10,0.8548,1757.49,0,1,76.78,Bengaluru -> Jaipur
SHIP-10449,2025-05-06,WH-East-Kolkata,Kolkata,Coimbatore,Consumer Goods,421,46907.32,857,Road Freight (Truck),928.11,6,5,Early,0,Enterprise,5634,7500,1.63,Clear,5,1.083,928.11,0,1,75.12,Kolkata -> Coimbatore
SHIP-10450,2025-04-28,WH-North-Delhi,Delhi,Bhopal,Electronics,170,15851.62,1822,Air Cargo,3365.81,5,8,Delayed,3,E-Commerce Retailer,9029,10000,1.7,Stormy,8,1.8473,3365.81,1,0,90.29,Delhi -> Bhopal
SHIP-10451,2025-02-17,WH-Central-Nagpur,Nagpur,Kochi,Consumer Goods,116,5146.32,1726,Road Freight (Truck),1445.74,8,8,On-Time,0,SMB,5425,6000,1.55,Clear,8,0.8376,1445.74,0,1,90.42,Nagpur -> Kochi
SHIP-10452,2025-03-30,WH-Central-Nagpur,Nagpur,Lucknow,Apparel,288,11531.39,993,Road Freight (Truck),941.56,6,6,On-Time,0,Enterprise,3765,6000,1.29,Clear,6,0.9482,941.56,0,1,62.75,Nagpur -> Lucknow
SHIP-10453,2025-08-25,WH-South-Bengaluru,Bengaluru,Surat,Perishables,362,63988.58,685,Road Freight (Truck),784.0,4,7,Delayed,3,E-Commerce Retailer,6181,8500,1.69,Stormy,7,1.1445,784.0,1,0,72.72,Bengaluru -> Surat
SHIP-10454,2025-09-29,WH-North-Delhi,Delhi,Jaipur,Apparel,244,18556.61,1388,Rail Freight,893.99,8,8,On-Time,0,Individual,5164,10000,1.26,Clear,8,0.6441,893.99,0,1,51.64,Delhi -> Jaipur
SHIP-10455,2025-07-08,WH-South-Bengaluru,Bengaluru,Lucknow,Electronics,27,2020.83,2005,Air Cargo,3570.24,5,5,On-Time,0,SMB,4090,8500,1.28,Clear,5,1.7807,3570.24,0,1,48.12,Bengaluru -> Lucknow
SHIP-10456,2025-07-11,WH-North-Delhi,Delhi,Indore,Electronics,251,62643.54,195,Road Freight (Truck),328.6,3,4,Delayed,1,SMB,6534,10000,1.31,Rainy,4,1.6851,328.6,1,0,65.34,Delhi -> Indore
SHIP-10457,2025-03-10,WH-North-Delhi,Delhi,Surat,Electronics,126,7454.49,666,Road Freight (Truck),638.48,4,4,On-Time,0,E-Commerce Retailer,7742,10000,1.33,Clear,4,0.9587,638.48,0,1,77.42,Delhi -> Surat
SHIP-10458,2025-10-05,WH-West-Mumbai,Mumbai,Lucknow,Apparel,295,14689.24,386,Road Freight (Truck),501.67,4,7,Delayed,3,Individual,8602,12000,1.46,Stormy,7,1.2997,501.67,1,0,71.68,Mumbai -> Lucknow
SHIP-10459,2025-12-15,WH-West-Mumbai,Mumbai,Kanpur,Industrial Equipment,291,11113.59,436,Road Freight (Truck),531.21,4,4,On-Time,0,E-Commerce Retailer,7823,12000,1.58,Clear,4,1.2184,531.21,0,1,65.19,Mumbai -> Kanpur
SHIP-10460,2025-09-04,WH-Central-Nagpur,Nagpur,Bhopal,Perishables,153,23141.9,1955,Road Freight (Truck),1605.19,9,8,Early,0,SMB,5007,6000,1.71,Clear,8,0.8211,1605.19,0,1,83.45,Nagpur -> Bhopal
SHIP-10461,2025-03-17,WH-East-Kolkata,Kolkata,Lucknow,Electronics,214,34785.27,1264,Road Freight (Truck),1109.19,8,8,On-Time,0,SMB,6175,7500,1.2,Clear,8,0.8775,1109.19,0,1,82.33,Kolkata -> Lucknow
SHIP-10462,2025-06-03,WH-East-Kolkata,Kolkata,Kochi,Apparel,48,4839.77,1979,Rail Freight,1122.55,11,12,Delayed,1,E-Commerce Retailer,5955,7500,1.72,Clear,12,0.5672,1122.55,1,0,79.4,Kolkata -> Kochi
SHIP-10463,2025-05-24,WH-West-Mumbai,Mumbai,Coimbatore,Consumer Goods,426,59990.23,144,Road Freight (Truck),370.75,2,2,On-Time,0,Enterprise,5834,12000,1.7,Foggy,2,2.5747,370.75,0,1,48.62,Mumbai -> Coimbatore
SHIP-10464,2025-03-27,WH-West-Mumbai,Mumbai,Kanpur,Apparel,163,32644.64,1575,Rail Freight,962.83,9,11,Delayed,2,SMB,9892,12000,1.18,Foggy,11,0.6113,962.83,1,0,82.43,Mumbai -> Kanpur
SHIP-10465,2025-07-04,WH-West-Mumbai,Mumbai,Jaipur,Apparel,185,38342.08,279,Road Freight (Truck),358.24,4,7,Delayed,3,E-Commerce Retailer,10585,12000,1.37,Stormy,7,1.284,358.24,1,0,88.21,Mumbai -> Jaipur
SHIP-10466,2025-10-12,WH-Central-Nagpur,Nagpur,Jaipur,Apparel,250,60027.33,715,Road Freight (Truck),754.03,4,4,On-Time,0,E-Commerce Retailer,2867,6000,1.64,Clear,4,1.0546,754.03,0,1,47.78,Nagpur -> Jaipur
SHIP-10467,2025-08-08,WH-North-Delhi,Delhi,Jaipur,Apparel,431,89950.98,1257,Road Freight (Truck),1219.09,7,8,Delayed,1,SMB,6387,10000,1.52,Rainy,8,0.9698,1219.09,1,0,63.87,Delhi -> Jaipur
SHIP-10468,2025-03-10,WH-Central-Nagpur,Nagpur,Jaipur,Electronics,395,58356.41,1878,Air Cargo,3577.97,5,5,On-Time,0,E-Commerce Retailer,5487,6000,1.62,Clear,5,1.9052,3577.97,0,1,91.45,Nagpur -> Jaipur
SHIP-10469,2025-02-16,WH-South-Bengaluru,Bengaluru,Coimbatore,Industrial Equipment,378,21628.93,1019,Express Courier,1715.98,5,5,On-Time,0,Enterprise,6218,8500,1.58,Foggy,5,1.684,1715.98,0,1,73.15,Bengaluru -> Coimbatore
SHIP-10470,2025-04-04,WH-West-Mumbai,Mumbai,Lucknow,Electronics,143,5497.55,621,Road Freight (Truck),611.02,5,5,On-Time,0,SMB,8296,12000,1.45,Rainy,5,0.9839,611.02,0,1,69.13,Mumbai -> Lucknow
SHIP-10471,2025-08-26,WH-East-Kolkata,Kolkata,Patna,Apparel,55,1529.57,1309,Road Freight (Truck),1070.3,7,7,On-Time,0,E-Commerce Retailer,4000,7500,1.17,Clear,7,0.8176,1070.3,0,1,53.33,Kolkata -> Patna
SHIP-10472,2025-07-23,WH-West-Mumbai,Mumbai,Lucknow,Consumer Goods,59,10126.38,1132,Road Freight (Truck),939.11,6,8,Delayed,2,Enterprise,8589,12000,1.5,Clear,8,0.8296,939.11,1,0,71.58,Mumbai -> Lucknow
SHIP-10473,2025-08-06,WH-Central-Nagpur,Nagpur,Indore,Apparel,175,35834.93,822,Road Freight (Truck),763.67,5,4,Early,0,Enterprise,3938,6000,1.18,Clear,4,0.929,763.67,0,1,65.63,Nagpur -> Indore
SHIP-10474,2025-12-07,WH-Central-Nagpur,Nagpur,Bhopal,Automotive Parts,115,15472.18,1318,Rail Freight,835.26,8,9,Delayed,1,Individual,3059,6000,1.51,Rainy,9,0.6337,835.26,1,0,50.98,Nagpur -> Bhopal
SHIP-10475,2025-02-08,WH-West-Mumbai,Mumbai,Surat,Automotive Parts,225,6268.01,120,Road Freight (Truck),262.62,3,3,On-Time,0,Enterprise,8018,12000,1.63,Severe Heat,3,2.1885,262.62,0,1,66.82,Mumbai -> Surat
SHIP-10476,2025-04-10,WH-West-Mumbai,Mumbai,Patna,Industrial Equipment,155,21829.52,2042,Road Freight (Truck),1684.91,11,11,On-Time,0,Enterprise,6327,12000,1.5,Clear,11,0.8251,1684.91,0,1,52.72,Mumbai -> Patna
SHIP-10477,2025-10-16,WH-South-Bengaluru,Bengaluru,Patna,Apparel,420,98658.45,860,Road Freight (Truck),921.27,6,6,On-Time,0,Individual,6744,8500,1.75,Clear,6,1.0712,921.27,0,1,79.34,Bengaluru -> Patna
SHIP-10478,2025-09-11,WH-Central-Nagpur,Nagpur,Lucknow,Industrial Equipment,434,67460.57,1229,Road Freight (Truck),1225.56,7,9,Delayed,2,E-Commerce Retailer,5445,6000,1.42,Clear,9,0.9972,1225.56,1,0,90.75,Nagpur -> Lucknow
SHIP-10479,2025-08-10,WH-North-Delhi,Delhi,Patna,Apparel,81,16622.45,1717,Rail Freight,1017.09,11,13,Delayed,2,E-Commerce Retailer,6707,10000,1.6,Foggy,13,0.5924,1017.09,1,0,67.07,Delhi -> Patna
SHIP-10480,2025-12-23,WH-South-Bengaluru,Bengaluru,Chandigarh,Automotive Parts,339,68829.16,439,Road Freight (Truck),578.65,4,4,On-Time,0,E-Commerce Retailer,6351,8500,1.55,Clear,4,1.3181,578.65,0,1,74.72,Bengaluru -> Chandigarh
SHIP-10481,2025-01-23,WH-South-Bengaluru,Bengaluru,Chandigarh,Consumer Goods,282,66002.2,1544,Road Freight (Truck),1351.53,9,10,Delayed,1,Enterprise,5546,8500,1.74,Clear,10,0.8753,1351.53,1,0,65.25,Bengaluru -> Chandigarh
SHIP-10482,2025-09-07,WH-East-Kolkata,Kolkata,Indore,Perishables,256,50176.96,501,Road Freight (Truck),558.89,4,4,On-Time,0,E-Commerce Retailer,3863,7500,1.58,Clear,4,1.1155,558.89,0,1,51.51,Kolkata -> Indore
SHIP-10483,2025-01-10,WH-North-Delhi,Delhi,Surat,Perishables,422,80479.46,1861,Rail Freight,1209.52,11,12,Delayed,1,SMB,9061,10000,1.25,Rainy,12,0.6499,1209.52,1,0,90.61,Delhi -> Surat
SHIP-10484,2025-09-03,WH-East-Kolkata,Kolkata,Kochi,Industrial Equipment,195,13652.75,1760,Rail Freight,1100.19,10,10,On-Time,0,E-Commerce Retailer,3831,7500,1.72,Clear,10,0.6251,1100.19,0,1,51.08,Kolkata -> Kochi
SHIP-10485,2025-11-21,WH-Central-Nagpur,Nagpur,Coimbatore,Consumer Goods,79,2297.51,1461,Rail Freight,879.42,9,10,Delayed,1,SMB,3014,6000,1.55,Rainy,10,0.6019,879.42,1,0,50.23,Nagpur -> Coimbatore
SHIP-10486,2025-04-10,WH-North-Delhi,Delhi,Lucknow,Electronics,159,21725.1,1946,Rail Freight,1160.96,11,11,On-Time,0,SMB,6658,10000,1.19,Clear,11,0.5966,1160.96,0,1,66.58,Delhi -> Lucknow
SHIP-10487,2025-10-17,WH-North-Delhi,Delhi,Coimbatore,Automotive Parts,255,11281.72,1393,Road Freight (Truck),1219.2,7,7,On-Time,0,SMB,7596,10000,1.54,Clear,7,0.8752,1219.2,0,1,75.96,Delhi -> Coimbatore
SHIP-10488,2025-06-29,WH-Central-Nagpur,Nagpur,Kochi,Electronics,271,65342.44,1668,Air Cargo,3153.09,5,5,On-Time,0,SMB,3700,6000,1.68,Clear,5,1.8903,3153.09,0,1,61.67,Nagpur -> Kochi
SHIP-10489,2025-08-11,WH-North-Delhi,Delhi,Lucknow,Automotive Parts,35,2909.63,1818,Express Courier,2716.06,6,6,On-Time,0,E-Commerce Retailer,5404,10000,1.5,Clear,6,1.494,2716.06,0,1,54.04,Delhi -> Lucknow
SHIP-10490,2025-09-07,WH-Central-Nagpur,Nagpur,Lucknow,Consumer Goods,432,93070.9,1698,Road Freight (Truck),1538.62,9,10,Delayed,1,SMB,5009,6000,1.36,Clear,10,0.9061,1538.62,1,0,83.48,Nagpur -> Lucknow
SHIP-10491,2025-05-27,WH-West-Mumbai,Mumbai,Surat,Consumer Goods,149,15807.68,1017,Road Freight (Truck),914.42,6,5,Early,0,SMB,7447,12000,1.64,Clear,5,0.8991,914.42,0,1,62.06,Mumbai -> Surat
SHIP-10492,2025-04-06,WH-North-Delhi,Delhi,Coimbatore,Automotive Parts,108,9822.67,2095,Road Freight (Truck),1704.1,11,12,Delayed,1,SMB,5413,10000,1.62,Rainy,12,0.8134,1704.1,1,0,54.13,Delhi -> Coimbatore
SHIP-10493,2025-09-14,WH-Central-Nagpur,Nagpur,Chandigarh,Apparel,407,95548.24,1766,Rail Freight,1171.82,11,11,On-Time,0,SMB,3729,6000,1.48,Clear,11,0.6635,1171.82,0,1,62.15,Nagpur -> Chandigarh
SHIP-10494,2025-11-21,WH-West-Mumbai,Mumbai,Jaipur,Apparel,287,28809.29,836,Road Freight (Truck),834.65,5,9,Delayed,4,E-Commerce Retailer,6610,12000,1.24,Clear,9,0.9984,834.65,1,0,55.08,Mumbai -> Jaipur
SHIP-10495,2025-01-04,WH-South-Bengaluru,Bengaluru,Coimbatore,Apparel,60,6403.06,2039,Rail Freight,1173.84,12,15,Delayed,3,E-Commerce Retailer,5900,8500,1.3,Foggy,15,0.5757,1173.84,1,0,69.41,Bengaluru -> Coimbatore
SHIP-10496,2025-01-16,WH-West-Mumbai,Mumbai,Bhopal,Consumer Goods,160,6389.05,1399,Rail Freight,861.04,8,9,Delayed,1,E-Commerce Retailer,9169,12000,1.59,Rainy,9,0.6155,861.04,1,0,76.41,Mumbai -> Bhopal
SHIP-10497,2025-10-07,WH-South-Bengaluru,Bengaluru,Bhopal,Industrial Equipment,441,76096.74,426,Express Courier,881.9,2,2,On-Time,0,Individual,7019,8500,1.63,Rainy,2,2.0702,881.9,0,1,82.58,Bengaluru -> Bhopal
SHIP-10498,2025-12-02,WH-North-Delhi,Delhi,Lucknow,Consumer Goods,113,9365.13,2093,Road Freight (Truck),1691.19,10,12,Delayed,2,E-Commerce Retailer,5569,10000,1.32,Foggy,12,0.808,1691.19,1,0,55.69,Delhi -> Lucknow
SHIP-10499,2025-09-04,WH-West-Mumbai,Mumbai,Jaipur,Perishables,443,67609.32,1287,Rail Freight,948.04,9,9,On-Time,0,SMB,6341,12000,1.37,Clear,9,0.7366,948.04,0,1,52.84,Mumbai -> Jaipur
SHIP-10500,2025-09-15,WH-Central-Nagpur,Nagpur,Kanpur,Automotive Parts,98,15088.83,1801,Rail Freight,1018.99,11,13,Delayed,2,E-Commerce Retailer,2755,6000,1.2,Foggy,13,0.5658,1018.99,1,0,45.92,Nagpur -> Kanpur
SHIP-10501,2025-06-09,WH-West-Mumbai,Mumbai,Kochi,Consumer Goods,150,27601.79,510,Road Freight (Truck),533.06,5,6,Delayed,1,Individual,6686,12000,1.58,Clear,6,1.0452,533.06,1,0,55.72,Mumbai -> Kochi
SHIP-10502,2025-12-06,WH-South-Bengaluru,Bengaluru,Indore,Industrial Equipment,222,42209.25,1956,Road Freight (Truck),1628.32,10,10,On-Time,0,SMB,3920,8500,1.15,Clear,10,0.8325,1628.32,0,1,46.12,Bengaluru -> Indore
SHIP-10503,2025-06-01,WH-West-Mumbai,Mumbai,Jaipur,Apparel,242,32886.91,1819,Rail Freight,1116.77,12,11,Early,0,E-Commerce Retailer,7348,12000,1.18,Clear,11,0.6139,1116.77,0,1,61.23,Mumbai -> Jaipur
SHIP-10504,2025-06-27,WH-East-Kolkata,Kolkata,Indore,Consumer Goods,403,37391.59,1312,Rail Freight,941.18,8,8,On-Time,0,E-Commerce Retailer,3888,7500,1.15,Clear,8,0.7174,941.18,0,1,51.84,Kolkata -> Indore
SHIP-10505,2025-06-12,WH-North-Delhi,Delhi,Coimbatore,Perishables,192,40665.78,1109,Road Freight (Truck),995.47,6,6,On-Time,0,SMB,7225,10000,1.54,Clear,6,0.8976,995.47,0,1,72.25,Delhi -> Coimbatore
SHIP-10506,2025-02-02,WH-Central-Nagpur,Nagpur,Coimbatore,Electronics,260,22832.79,417,Road Freight (Truck),506.23,3,3,On-Time,0,Enterprise,3782,6000,1.4,Clear,3,1.214,506.23,0,1,63.03,Nagpur -> Coimbatore
SHIP-10507,2025-06-28,WH-West-Mumbai,Mumbai,Indore,Consumer Goods,18,2416.76,352,Express Courier,568.13,2,2,On-Time,0,SMB,5927,12000,1.33,Clear,2,1.614,568.13,0,1,49.39,Mumbai -> Indore
SHIP-10508,2025-04-11,WH-North-Delhi,Delhi,Kochi,Apparel,88,9617.9,2046,Express Courier,3063.65,6,5,Early,0,Individual,6379,10000,1.7,Clear,5,1.4974,3063.65,0,1,63.79,Delhi -> Kochi
SHIP-10509,2025-09-25,WH-North-Delhi,Delhi,Jaipur,Apparel,61,13172.55,390,Express Courier,630.13,2,3,Delayed,1,E-Commerce Retailer,5483,10000,1.27,Clear,3,1.6157,630.13,1,0,54.83,Delhi -> Jaipur
SHIP-10510,2025-11-19,WH-North-Delhi,Delhi,Kanpur,Apparel,395,46017.84,1203,Rail Freight,882.23,9,9,On-Time,0,SMB,7696,10000,1.38,Clear,9,0.7334,882.23,0,1,76.96,Delhi -> Kanpur
SHIP-10511,2025-03-06,WH-South-Bengaluru,Bengaluru,Lucknow,Industrial Equipment,418,44196.52,1439,Rail Freight,1010.0,9,9,On-Time,0,Individual,5280,8500,1.71,Clear,9,0.7019,1010.0,0,1,62.12,Bengaluru -> Lucknow
SHIP-10512,2025-06-17,WH-West-Mumbai,Mumbai,Surat,Apparel,278,49236.18,1610,Rail Freight,1028.52,11,11,On-Time,0,SMB,6229,12000,1.41,Clear,11,0.6388,1028.52,0,1,51.91,Mumbai -> Surat
SHIP-10513,2025-11-26,WH-East-Kolkata,Kolkata,Coimbatore,Apparel,235,36794.81,1378,Road Freight (Truck),1225.87,8,8,On-Time,0,SMB,4607,7500,1.48,Rainy,8,0.8896,1225.87,0,1,61.43,Kolkata -> Coimbatore
SHIP-10514,2025-02-12,WH-West-Mumbai,Mumbai,Bhopal,Electronics,60,2412.18,796,Road Freight (Truck),664.46,5,5,On-Time,0,E-Commerce Retailer,6665,12000,1.2,Clear,5,0.8347,664.46,0,1,55.54,Mumbai -> Bhopal
SHIP-10515,2025-02-13,WH-North-Delhi,Delhi,Kochi,Consumer Goods,195,26211.84,825,Road Freight (Truck),781.07,5,5,On-Time,0,E-Commerce Retailer,8240,10000,1.62,Clear,5,0.9468,781.07,0,1,82.4,Delhi -> Kochi
SHIP-10516,2025-10-12,WH-South-Bengaluru,Bengaluru,Surat,Electronics,43,8077.01,353,Road Freight (Truck),358.66,3,2,Early,0,Enterprise,7753,8500,1.4,Foggy,2,1.016,358.66,0,1,91.21,Bengaluru -> Surat
SHIP-10517,2025-01-12,WH-East-Kolkata,Kolkata,Kanpur,Consumer Goods,300,74441.27,1511,Road Freight (Truck),1358.01,8,8,On-Time,0,SMB,3464,7500,1.63,Clear,8,0.8987,1358.01,0,1,46.19,Kolkata -> Kanpur
SHIP-10518,2025-04-05,WH-North-Delhi,Delhi,Patna,Apparel,239,38921.03,1838,Express Courier,2852.43,6,9,Delayed,3,SMB,7743,10000,1.3,Rainy,9,1.5519,2852.43,1,0,77.43,Delhi -> Patna
SHIP-10519,2025-10-29,WH-North-Delhi,Delhi,Lucknow,Electronics,140,14282.64,964,Road Freight (Truck),883.52,5,4,Early,0,SMB,5740,10000,1.4,Clear,4,0.9165,883.52,0,1,57.4,Delhi -> Lucknow
SHIP-10520,2025-09-10,WH-North-Delhi,Delhi,Coimbatore,Consumer Goods,129,8790.79,1375,Rail Freight,851.84,9,9,On-Time,0,SMB,4812,10000,1.62,Clear,9,0.6195,851.84,0,1,48.12,Delhi -> Coimbatore
SHIP-10521,2025-08-30,WH-East-Kolkata,Kolkata,Lucknow,Electronics,335,73738.56,2016,Air Cargo,3764.12,6,9,Delayed,3,SMB,3425,7500,1.73,Stormy,9,1.8671,3764.12,1,0,45.67,Kolkata -> Lucknow
SHIP-10522,2025-02-04,WH-South-Bengaluru,Bengaluru,Surat,Perishables,256,52844.24,610,Road Freight (Truck),633.03,5,5,On-Time,0,Enterprise,7344,8500,1.19,Clear,5,1.0378,633.03,0,1,86.4,Bengaluru -> Surat
SHIP-10523,2025-08-03,WH-West-Mumbai,Mumbai,Lucknow,Perishables,441,30857.59,1762,Rail Freight,1201.96,11,14,Delayed,3,SMB,7394,12000,1.64,Stormy,14,0.6822,1201.96,1,0,61.62,Mumbai -> Lucknow
SHIP-10524,2025-12-03,WH-East-Kolkata,Kolkata,Patna,Apparel,201,12491.86,622,Road Freight (Truck),630.87,5,6,Delayed,1,Enterprise,6880,7500,1.33,Rainy,6,1.0143,630.87,1,0,91.73,Kolkata -> Patna
SHIP-10525,2025-03-31,WH-East-Kolkata,Kolkata,Surat,Perishables,412,75419.54,1009,Road Freight (Truck),1043.18,7,7,On-Time,0,SMB,4934,7500,1.48,Clear,7,1.0339,1043.18,0,1,65.79,Kolkata -> Surat
SHIP-10526,2025-09-21,WH-South-Bengaluru,Bengaluru,Coimbatore,Industrial Equipment,332,29552.56,1878,Road Freight (Truck),1643.91,9,9,On-Time,0,E-Commerce Retailer,4574,8500,1.32,Clear,9,0.8754,1643.91,0,1,53.81,Bengaluru -> Coimbatore
SHIP-10527,2025-04-03,WH-Central-Nagpur,Nagpur,Jaipur,Apparel,219,19053.81,711,Road Freight (Truck),713.85,4,4,On-Time,0,E-Commerce Retailer,4891,6000,1.52,Clear,4,1.004,713.85,0,1,81.52,Nagpur -> Jaipur
SHIP-10528,2025-03-31,WH-North-Delhi,Delhi,Bhopal,Electronics,112,5688.28,865,Road Freight (Truck),799.76,5,4,Early,0,SMB,8854,10000,1.36,Clear,4,0.9246,799.76,0,1,88.54,Delhi -> Bhopal
SHIP-10529,2025-04-25,WH-North-Delhi,Delhi,Surat,Industrial Equipment,338,26037.58,1524,Rail Freight,995.38,10,12,Delayed,2,Enterprise,8333,10000,1.35,Clear,12,0.6531,995.38,1,0,83.33,Delhi -> Surat
SHIP-10530,2025-04-15,WH-West-Mumbai,Mumbai,Chandigarh,Industrial Equipment,381,43991.89,1839,Rail Freight,1214.69,12,12,On-Time,0,Enterprise,9602,12000,1.17,Rainy,12,0.6605,1214.69,0,1,80.02,Mumbai -> Chandigarh
SHIP-10531,2025-07-15,WH-North-Delhi,Delhi,Patna,Apparel,142,26584.82,547,Road Freight (Truck),554.56,5,7,Delayed,2,SMB,6073,10000,1.24,Clear,7,1.0138,554.56,1,0,60.73,Delhi -> Patna
SHIP-10532,2025-11-10,WH-South-Bengaluru,Bengaluru,Surat,Industrial Equipment,332,31218.76,816,Road Freight (Truck),897.59,5,5,On-Time,0,Enterprise,4082,8500,1.7,Clear,5,1.1,897.59,0,1,48.02,Bengaluru -> Surat
SHIP-10533,2025-04-24,WH-Central-Nagpur,Nagpur,Surat,Apparel,148,13648.86,765,Road Freight (Truck),718.73,5,5,On-Time,0,SMB,3267,6000,1.75,Clear,5,0.9395,718.73,0,1,54.45,Nagpur -> Surat
SHIP-10534,2025-03-16,WH-North-Delhi,Delhi,Chandigarh,Industrial Equipment,130,10654.1,851,Road Freight (Truck),806.4,5,7,Delayed,2,Enterprise,6600,10000,1.62,Foggy,7,0.9476,806.4,1,0,66.0,Delhi -> Chandigarh
SHIP-10535,2025-08-05,WH-North-Delhi,Delhi,Coimbatore,Perishables,103,13121.86,919,Road Freight (Truck),813.0,6,6,On-Time,0,E-Commerce Retailer,8994,10000,1.32,Clear,6,0.8847,813.0,0,1,89.94,Delhi -> Coimbatore
SHIP-10536,2025-10-04,WH-West-Mumbai,Mumbai,Surat,Consumer Goods,138,7928.05,483,Road Freight (Truck),495.05,4,4,On-Time,0,SMB,9476,12000,1.39,Clear,4,1.0249,495.05,0,1,78.97,Mumbai -> Surat
SHIP-10537,2025-09-06,WH-Central-Nagpur,Nagpur,Bhopal,Industrial Equipment,100,12912.32,321,Express Courier,587.46,3,4,Delayed,1,Enterprise,5035,6000,1.59,Severe Heat,4,1.8301,587.46,1,0,83.92,Nagpur -> Bhopal
SHIP-10538,2025-06-13,WH-West-Mumbai,Mumbai,Lucknow,Consumer Goods,101,18228.61,1001,Road Freight (Truck),888.64,6,7,Delayed,1,E-Commerce Retailer,6963,12000,1.73,Clear,7,0.8878,888.64,1,0,58.03,Mumbai -> Lucknow
SHIP-10539,2025-12-23,WH-South-Bengaluru,Bengaluru,Coimbatore,Apparel,72,1584.06,265,Express Courier,472.02,3,7,Delayed,4,Enterprise,6556,8500,1.42,Clear,7,1.7812,472.02,1,0,77.13,Bengaluru -> Coimbatore
SHIP-10540,2025-07-11,WH-North-Delhi,Delhi,Bhopal,Industrial Equipment,38,657.33,955,Road Freight (Truck),818.68,5,5,On-Time,0,Enterprise,8553,10000,1.65,Foggy,5,0.8573,818.68,0,1,85.53,Delhi -> Bhopal
SHIP-10541,2025-08-15,WH-North-Delhi,Delhi,Coimbatore,Electronics,219,7151.2,758,Express Courier,1275.58,3,5,Delayed,2,SMB,6753,10000,1.74,Foggy,5,1.6828,1275.58,1,0,67.53,Delhi -> Coimbatore
SHIP-10542,2025-06-26,WH-Central-Nagpur,Nagpur,Bhopal,Apparel,21,2958.48,1600,Rail Freight,913.52,9,9,On-Time,0,SMB,3912,6000,1.67,Clear,9,0.571,913.52,0,1,65.2,Nagpur -> Bhopal
SHIP-10543,2025-04-09,WH-Central-Nagpur,Nagpur,Patna,Electronics,342,73802.56,254,Road Freight (Truck),420.2,3,2,Early,0,E-Commerce Retailer,4728,6000,1.29,Clear,2,1.6543,420.2,0,1,78.8,Nagpur -> Patna
SHIP-10544,2025-02-05,WH-North-Delhi,Delhi,Bhopal,Apparel,306,4941.24,745,Road Freight (Truck),759.71,4,5,Delayed,1,Enterprise,7131,10000,1.15,Rainy,5,1.0197,759.71,1,0,71.31,Delhi -> Bhopal
SHIP-10545,2025-04-06,WH-Central-Nagpur,Nagpur,Indore,Consumer Goods,139,32681.04,1407,Rail Freight,871.82,9,9,On-Time,0,SMB,5500,6000,1.45,Clear,9,0.6196,871.82,0,1,91.67,Nagpur -> Indore
SHIP-10546,2025-06-01,WH-South-Bengaluru,Bengaluru,Bhopal,Industrial Equipment,302,12072.59,183,Express Courier,475.94,2,5,Delayed,3,Enterprise,5523,8500,1.47,Stormy,5,2.6008,475.94,1,0,64.98,Bengaluru -> Bhopal
SHIP-10547,2025-05-31,WH-Central-Nagpur,Nagpur,Jaipur,Electronics,182,38741.64,610,Road Freight (Truck),616.72,5,5,On-Time,0,Enterprise,3196,6000,1.27,Clear,5,1.011,616.72,0,1,53.27,Nagpur -> Jaipur
SHIP-10548,2025-07-09,WH-West-Mumbai,Mumbai,Jaipur,Apparel,217,27878.18,1790,Rail Freight,1074.42,10,10,On-Time,0,E-Commerce Retailer,8061,12000,1.32,Clear,10,0.6002,1074.42,0,1,67.18,Mumbai -> Jaipur
SHIP-10549,2025-08-12,WH-South-Bengaluru,Bengaluru,Kochi,Consumer Goods,441,74947.5,160,Road Freight (Truck),412.86,3,3,On-Time,0,E-Commerce Retailer,4764,8500,1.61,Clear,3,2.5804,412.86,0,1,56.05,Bengaluru -> Kochi
SHIP-10550,2025-02-06,WH-West-Mumbai,Mumbai,Indore,Automotive Parts,33,4455.35,1439,Road Freight (Truck),1165.55,7,9,Delayed,2,Enterprise,8565,12000,1.43,Rainy,9,0.81,1165.55,1,0,71.38,Mumbai -> Indore
SHIP-10551,2025-09-25,WH-South-Bengaluru,Bengaluru,Indore,Perishables,108,13727.48,1146,Express Courier,1762.95,4,7,Delayed,3,SMB,4327,8500,1.34,Stormy,7,1.5384,1762.95,1,0,50.91,Bengaluru -> Indore
SHIP-10552,2025-07-02,WH-North-Delhi,Delhi,Lucknow,Perishables,415,87648.57,1032,Road Freight (Truck),1034.58,6,5,Early,0,Enterprise,8964,10000,1.52,Rainy,5,1.0025,1034.58,0,1,89.64,Delhi -> Lucknow
SHIP-10553,2025-01-13,WH-North-Delhi,Delhi,Indore,Industrial Equipment,365,70311.15,1849,Road Freight (Truck),1644.46,10,10,On-Time,0,E-Commerce Retailer,8541,10000,1.54,Stormy,10,0.8894,1644.46,0,1,85.41,Delhi -> Indore
SHIP-10554,2025-10-06,WH-West-Mumbai,Mumbai,Lucknow,Industrial Equipment,148,19032.73,1094,Road Freight (Truck),972.72,6,6,On-Time,0,Enterprise,6277,12000,1.61,Clear,6,0.8891,972.72,0,1,52.31,Mumbai -> Lucknow
SHIP-10555,2025-08-05,WH-East-Kolkata,Kolkata,Kochi,Electronics,323,13318.73,1253,Road Freight (Truck),1170.8,7,7,On-Time,0,Enterprise,3982,7500,1.24,Clear,7,0.9344,1170.8,0,1,53.09,Kolkata -> Kochi
SHIP-10556,2025-12-21,WH-North-Delhi,Delhi,Kochi,Consumer Goods,183,7707.9,1364,Rail Freight,867.94,9,10,Delayed,1,SMB,6908,10000,1.59,Foggy,10,0.6363,867.94,1,0,69.08,Delhi -> Kochi
SHIP-10557,2025-12-27,WH-South-Bengaluru,Bengaluru,Patna,Consumer Goods,38,7727.75,1513,Road Freight (Truck),1233.95,9,11,Delayed,2,SMB,6912,8500,1.51,Foggy,11,0.8156,1233.95,1,0,81.32,Bengaluru -> Patna
SHIP-10558,2025-10-13,WH-Central-Nagpur,Nagpur,Jaipur,Industrial Equipment,428,59666.11,487,Road Freight (Truck),597.06,4,4,On-Time,0,SMB,3317,6000,1.18,Foggy,4,1.226,597.06,0,1,55.28,Nagpur -> Jaipur
SHIP-10559,2025-09-30,WH-North-Delhi,Delhi,Bhopal,Automotive Parts,152,19482.36,1579,Rail Freight,979.44,10,12,Delayed,2,Enterprise,4786,10000,1.62,Foggy,12,0.6203,979.44,1,0,47.86,Delhi -> Bhopal
SHIP-10560,2025-03-03,WH-South-Bengaluru,Bengaluru,Bhopal,Electronics,325,56853.29,1037,Air Cargo,2047.43,3,3,On-Time,0,Enterprise,6004,8500,1.38,Clear,3,1.9744,2047.43,0,1,70.64,Bengaluru -> Bhopal
SHIP-10561,2025-03-25,WH-West-Mumbai,Mumbai,Chandigarh,Perishables,360,78058.0,1147,Road Freight (Truck),1114.85,6,6,On-Time,0,SMB,9300,12000,1.35,Clear,6,0.972,1114.85,0,1,77.5,Mumbai -> Chandigarh
SHIP-10562,2025-08-05,WH-Central-Nagpur,Nagpur,Chandigarh,Apparel,51,8302.04,363,Road Freight (Truck),365.75,4,8,Delayed,4,Enterprise,3389,6000,1.42,Stormy,8,1.0076,365.75,1,0,56.48,Nagpur -> Chandigarh
SHIP-10563,2025-12-08,WH-North-Delhi,Delhi,Kanpur,Apparel,308,59834.93,1021,Express Courier,1681.79,4,4,On-Time,0,E-Commerce Retailer,7976,10000,1.36,Clear,4,1.6472,1681.79,0,1,79.76,Delhi -> Kanpur
SHIP-10564,2025-07-06,WH-South-Bengaluru,Bengaluru,Coimbatore,Electronics,217,42279.97,285,Road Freight (Truck),371.7,4,3,Early,0,Enterprise,7622,8500,1.35,Clear,3,1.3042,371.7,0,1,89.67,Bengaluru -> Coimbatore
SHIP-10565,2025-01-19,WH-East-Kolkata,Kolkata,Patna,Electronics,339,33466.57,1169,Express Courier,1901.79,5,5,On-Time,0,SMB,3858,7500,1.63,Rainy,5,1.6269,1901.79,0,1,51.44,Kolkata -> Patna
SHIP-10566,2025-06-26,WH-Central-Nagpur,Nagpur,Kanpur,Apparel,442,35099.02,1538,Rail Freight,1057.11,10,10,On-Time,0,E-Commerce Retailer,4141,6000,1.22,Clear,10,0.6873,1057.11,0,1,69.02,Nagpur -> Kanpur
SHIP-10567,2025-04-10,WH-South-Bengaluru,Bengaluru,Kanpur,Apparel,201,40857.98,1617,Rail Freight,1025.67,10,12,Delayed,2,Enterprise,4052,8500,1.73,Foggy,12,0.6343,1025.67,1,0,47.67,Bengaluru -> Kanpur
SHIP-10568,2025-08-21,WH-West-Mumbai,Mumbai,Surat,Electronics,169,17514.66,1160,Road Freight (Truck),1025.33,7,7,On-Time,0,SMB,6565,12000,1.48,Clear,7,0.8839,1025.33,0,1,54.71,Mumbai -> Surat
SHIP-10569,2025-03-17,WH-South-Bengaluru,Bengaluru,Surat,Apparel,73,16591.73,847,Road Freight (Truck),739.86,5,7,Delayed,2,E-Commerce Retailer,4183,8500,1.26,Foggy,7,0.8735,739.86,1,0,49.21,Bengaluru -> Surat
SHIP-10570,2025-09-22,WH-Central-Nagpur,Nagpur,Kanpur,Automotive Parts,252,7907.08,1235,Rail Freight,822.29,8,9,Delayed,1,Enterprise,3839,6000,1.23,Rainy,9,0.6658,822.29,1,0,63.98,Nagpur -> Kanpur
SHIP-10571,2025-10-11,WH-South-Bengaluru,Bengaluru,Indore,Automotive Parts,267,7657.86,602,Road Freight (Truck),650.55,4,5,Delayed,1,Individual,7104,8500,1.5,Rainy,5,1.0806,650.55,1,0,83.58,Bengaluru -> Indore
SHIP-10572,2025-07-25,WH-North-Delhi,Delhi,Coimbatore,Perishables,161,37488.2,662,Express Courier,1114.5,4,4,On-Time,0,SMB,7212,10000,1.53,Clear,4,1.6835,1114.5,0,1,72.12,Delhi -> Coimbatore
SHIP-10573,2025-08-11,WH-Central-Nagpur,Nagpur,Patna,Consumer Goods,224,37494.67,1348,Road Freight (Truck),1175.36,7,7,On-Time,0,Enterprise,3327,6000,1.18,Clear,7,0.8719,1175.36,0,1,55.45,Nagpur -> Patna
SHIP-10574,2025-02-21,WH-South-Bengaluru,Bengaluru,Kanpur,Consumer Goods,331,34492.14,1645,Road Freight (Truck),1466.15,9,9,On-Time,0,SMB,3985,8500,1.3,Clear,9,0.8913,1466.15,0,1,46.88,Bengaluru -> Kanpur
SHIP-10575,2025-12-05,WH-South-Bengaluru,Bengaluru,Bhopal,Industrial Equipment,175,33676.86,1050,Road Freight (Truck),960.91,6,6,On-Time,0,Enterprise,6035,8500,1.63,Clear,6,0.9152,960.91,0,1,71.0,Bengaluru -> Bhopal
SHIP-10576,2025-05-24,WH-North-Delhi,Delhi,Coimbatore,Consumer Goods,40,6919.87,519,Road Freight (Truck),449.11,4,5,Delayed,1,E-Commerce Retailer,5124,10000,1.18,Rainy,5,0.8653,449.11,1,0,51.24,Delhi -> Coimbatore
SHIP-10577,2025-03-10,WH-South-Bengaluru,Bengaluru,Surat,Electronics,380,53136.25,1350,Air Cargo,2629.09,4,5,Delayed,1,E-Commerce Retailer,5194,8500,1.66,Clear,5,1.9475,2629.09,1,0,61.11,Bengaluru -> Surat
SHIP-10578,2025-04-09,WH-West-Mumbai,Mumbai,Bhopal,Consumer Goods,241,9214.69,738,Road Freight (Truck),763.36,5,5,On-Time,0,E-Commerce Retailer,8277,12000,1.54,Clear,5,1.0344,763.36,0,1,68.97,Mumbai -> Bhopal
SHIP-10579,2025-01-25,WH-South-Bengaluru,Bengaluru,Surat,Consumer Goods,291,59905.9,1289,Rail Freight,865.32,9,13,Delayed,4,Individual,7435,8500,1.41,Clear,13,0.6713,865.32,1,0,87.47,Bengaluru -> Surat
SHIP-10580,2025-02-22,WH-North-Delhi,Delhi,Surat,Consumer Goods,38,8303.59,998,Road Freight (Truck),826.9,6,10,Delayed,4,E-Commerce Retailer,4884,10000,1.36,Rainy,10,0.8286,826.9,1,0,48.84,Delhi -> Surat
SHIP-10581,2025-05-31,WH-South-Bengaluru,Bengaluru,Coimbatore,Consumer Goods,204,11313.77,220,Express Courier,476.21,3,3,On-Time,0,SMB,6496,8500,1.16,Clear,3,2.1646,476.21,0,1,76.42,Bengaluru -> Coimbatore
SHIP-10582,2025-05-24,WH-Central-Nagpur,Nagpur,Surat,Consumer Goods,343,73700.49,999,Road Freight (Truck),994.03,5,7,Delayed,2,Enterprise,2739,6000,1.65,Foggy,7,0.995,994.03,1,0,45.65,Nagpur -> Surat
SHIP-10583,2025-02-26,WH-North-Delhi,Delhi,Kochi,Electronics,265,58642.94,949,Road Freight (Truck),926.73,5,5,On-Time,0,SMB,7460,10000,1.24,Rainy,5,0.9765,926.73,0,1,74.6,Delhi -> Kochi
SHIP-10584,2025-02-08,WH-Central-Nagpur,Nagpur,Jaipur,Apparel,290,41793.56,2023,Road Freight (Truck),1741.45,11,13,Delayed,2,Enterprise,4255,6000,1.34,Foggy,13,0.8608,1741.45,1,0,70.92,Nagpur -> Jaipur
SHIP-10585,2025-04-19,WH-West-Mumbai,Mumbai,Kochi,Apparel,313,52960.25,1384,Rail Freight,918.53,9,15,Delayed,6,E-Commerce Retailer,9978,12000,1.49,Foggy,15,0.6637,918.53,1,0,83.15,Mumbai -> Kochi
SHIP-10586,2025-06-30,WH-Central-Nagpur,Nagpur,Jaipur,Apparel,330,34592.5,2066,Rail Freight,1273.49,13,13,On-Time,0,SMB,4199,6000,1.3,Clear,13,0.6164,1273.49,0,1,69.98,Nagpur -> Jaipur
SHIP-10587,2025-02-11,WH-East-Kolkata,Kolkata,Chandigarh,Electronics,446,36224.58,878,Road Freight (Truck),951.63,6,6,On-Time,0,Enterprise,4617,7500,1.45,Foggy,6,1.0839,951.63,0,1,61.56,Kolkata -> Chandigarh
SHIP-10588,2025-07-05,WH-South-Bengaluru,Bengaluru,Chandigarh,Consumer Goods,332,61309.13,282,Road Freight (Truck),446.47,3,4,Delayed,1,Enterprise,4794,8500,1.64,Clear,4,1.5832,446.47,1,0,56.4,Bengaluru -> Chandigarh
SHIP-10589,2025-08-11,WH-East-Kolkata,Kolkata,Surat,Apparel,355,77226.93,2027,Road Freight (Truck),1769.45,11,14,Delayed,3,SMB,3675,7500,1.43,Stormy,14,0.8729,1769.45,1,0,49.0,Kolkata -> Surat
SHIP-10590,2025-05-02,WH-Central-Nagpur,Nagpur,Patna,Apparel,411,69339.08,1316,Rail Freight,952.06,9,9,On-Time,0,SMB,4207,6000,1.72,Stormy,9,0.7234,952.06,0,1,70.12,Nagpur -> Patna
SHIP-10591,2025-05-13,WH-West-Mumbai,Mumbai,Patna,Apparel,402,54359.96,621,Road Freight (Truck),737.59,4,3,Early,0,SMB,10410,12000,1.66,Clear,3,1.1877,737.59,0,1,86.75,Mumbai -> Patna
SHIP-10592,2025-06-12,WH-West-Mumbai,Mumbai,Jaipur,Consumer Goods,303,15861.24,666,Road Freight (Truck),715.35,5,5,On-Time,0,SMB,8303,12000,1.35,Clear,5,1.0741,715.35,0,1,69.19,Mumbai -> Jaipur
SHIP-10593,2025-08-03,WH-South-Bengaluru,Bengaluru,Bhopal,Automotive Parts,96,2646.03,1427,Road Freight (Truck),1173.79,7,7,On-Time,0,SMB,6777,8500,1.39,Clear,7,0.8226,1173.79,0,1,79.73,Bengaluru -> Bhopal
SHIP-10594,2025-08-09,WH-East-Kolkata,Kolkata,Coimbatore,Consumer Goods,158,18918.54,1502,Rail Freight,939.39,10,11,Delayed,1,E-Commerce Retailer,4426,7500,1.4,Rainy,11,0.6254,939.39,1,0,59.01,Kolkata -> Coimbatore
SHIP-10595,2025-08-23,WH-East-Kolkata,Kolkata,Surat,Consumer Goods,258,6862.06,500,Road Freight (Truck),588.9,3,4,Delayed,1,Enterprise,4954,7500,1.53,Clear,4,1.1778,588.9,1,0,66.05,Kolkata -> Surat
SHIP-10596,2025-11-27,WH-East-Kolkata,Kolkata,Coimbatore,Apparel,330,49101.9,989,Road Freight (Truck),993.49,6,6,On-Time,0,Enterprise,4519,7500,1.32,Clear,6,1.0045,993.49,0,1,60.25,Kolkata -> Coimbatore
SHIP-10597,2025-05-26,WH-West-Mumbai,Mumbai,Kochi,Apparel,414,43445.72,1024,Road Freight (Truck),1068.98,7,7,On-Time,0,SMB,6016,12000,1.73,Clear,7,1.0439,1068.98,0,1,50.13,Mumbai -> Kochi
SHIP-10598,2025-08-27,WH-East-Kolkata,Kolkata,Patna,Consumer Goods,292,56338.32,2054,Rail Freight,1294.02,13,13,On-Time,0,SMB,4844,7500,1.52,Clear,13,0.63,1294.02,0,1,64.59,Kolkata -> Patna
SHIP-10599,2025-03-17,WH-North-Delhi,Delhi,Indore,Consumer Goods,371,32212.96,1676,Rail Freight,1102.82,11,13,Delayed,2,Enterprise,8092,10000,1.39,Severe Heat,13,0.658,1102.82,1,0,80.92,Delhi -> Indore
SHIP-10600,2025-01-09,WH-South-Bengaluru,Bengaluru,Kochi,Industrial Equipment,388,59888.16,1963,Rail Freight,1273.78,12,14,Delayed,2,SMB,5402,8500,1.54,Foggy,14,0.6489,1273.78,1,0,63.55,Bengaluru -> Kochi
SHIP-10601,2025-03-15,WH-North-Delhi,Delhi,Kochi,Consumer Goods,207,29260.61,1306,Rail Freight,858.42,8,7,Early,0,Enterprise,7555,10000,1.39,Clear,7,0.6573,858.42,0,1,75.55,Delhi -> Kochi
SHIP-10602,2025-09-10,WH-West-Mumbai,Mumbai,Jaipur,Electronics,53,853.69,1121,Air Cargo,2047.2,4,4,On-Time,0,SMB,9678,12000,1.64,Clear,4,1.8262,2047.2,0,1,80.65,Mumbai -> Jaipur
SHIP-10603,2025-08-18,WH-West-Mumbai,Mumbai,Lucknow,Consumer Goods,365,11684.2,728,Road Freight (Truck),786.4,4,6,Delayed,2,SMB,7220,12000,1.49,Clear,6,1.0802,786.4,1,0,60.17,Mumbai -> Lucknow
SHIP-10604,2025-01-07,WH-West-Mumbai,Mumbai,Kochi,Automotive Parts,37,3079.75,426,Road Freight (Truck),376.13,3,7,Delayed,4,SMB,9897,12000,1.18,Clear,7,0.8829,376.13,1,0,82.48,Mumbai -> Kochi
SHIP-10605,2025-06-23,WH-South-Bengaluru,Bengaluru,Surat,Electronics,438,97378.46,1482,Air Cargo,2873.72,4,6,Delayed,2,E-Commerce Retailer,5179,8500,1.26,Foggy,6,1.9391,2873.72,1,0,60.93,Bengaluru -> Surat
SHIP-10606,2025-05-21,WH-West-Mumbai,Mumbai,Kanpur,Perishables,26,1288.26,174,Road Freight (Truck),241.38,2,2,On-Time,0,Enterprise,6844,12000,1.67,Clear,2,1.3872,241.38,0,1,57.03,Mumbai -> Kanpur
SHIP-10607,2025-06-17,WH-West-Mumbai,Mumbai,Kanpur,Apparel,136,24760.18,1102,Road Freight (Truck),971.15,7,7,On-Time,0,Individual,6654,12000,1.49,Clear,7,0.8813,971.15,0,1,55.45,Mumbai -> Kanpur
SHIP-10608,2025-06-19,WH-North-Delhi,Delhi,Surat,Perishables,388,94571.56,452,Express Courier,897.14,4,6,Delayed,2,SMB,5439,10000,1.72,Stormy,6,1.9848,897.14,1,0,54.39,Delhi -> Surat
SHIP-10609,2025-10-10,WH-West-Mumbai,Mumbai,Lucknow,Perishables,177,35538.66,246,Road Freight (Truck),332.51,3,6,Delayed,3,SMB,9557,12000,1.19,Stormy,6,1.3517,332.51,1,0,79.64,Mumbai -> Lucknow
SHIP-10610,2025-05-02,WH-North-Delhi,Delhi,Lucknow,Consumer Goods,253,18239.32,2083,Road Freight (Truck),1769.67,11,11,On-Time,0,E-Commerce Retailer,8671,10000,1.33,Clear,11,0.8496,1769.67,0,1,86.71,Delhi -> Lucknow
SHIP-10611,2025-07-13,WH-North-Delhi,Delhi,Jaipur,Electronics,396,90472.47,824,Road Freight (Truck),876.13,5,5,On-Time,0,E-Commerce Retailer,5584,10000,1.27,Clear,5,1.0633,876.13,0,1,55.84,Delhi -> Jaipur
SHIP-10612,2025-01-05,WH-South-Bengaluru,Bengaluru,Patna,Electronics,85,3134.82,362,Road Freight (Truck),366.95,3,3,On-Time,0,SMB,4165,8500,1.48,Clear,3,1.0137,366.95,0,1,49.0,Bengaluru -> Patna
SHIP-10613,2025-01-29,WH-South-Bengaluru,Bengaluru,Coimbatore,Electronics,240,30003.21,2004,Rail Freight,1222.03,12,13,Delayed,1,SMB,5078,8500,1.38,Rainy,13,0.6098,1222.03,1,0,59.74,Bengaluru -> Coimbatore
SHIP-10614,2025-06-14,WH-South-Bengaluru,Bengaluru,Lucknow,Industrial Equipment,213,47620.91,719,Express Courier,1197.37,4,5,Delayed,1,Enterprise,6453,8500,1.24,Severe Heat,5,1.6653,1197.37,1,0,75.92,Bengaluru -> Lucknow
SHIP-10615,2025-12-05,WH-West-Mumbai,Mumbai,Indore,Consumer Goods,257,42584.24,1991,Rail Freight,1239.09,12,12,On-Time,0,Enterprise,7478,12000,1.54,Clear,12,0.6223,1239.09,0,1,62.32,Mumbai -> Indore
SHIP-10616,2025-05-16,WH-West-Mumbai,Mumbai,Jaipur,Consumer Goods,311,34896.21,1552,Rail Freight,1017.31,10,10,On-Time,0,SMB,8497,12000,1.47,Clear,10,0.6555,1017.31,0,1,70.81,Mumbai -> Jaipur
SHIP-10617,2025-11-17,WH-Central-Nagpur,Nagpur,Chandigarh,Consumer Goods,223,18689.86,622,Road Freight (Truck),668.53,5,5,On-Time,0,Enterprise,4798,6000,1.31,Stormy,5,1.0748,668.53,0,1,79.97,Nagpur -> Chandigarh
SHIP-10618,2025-12-08,WH-South-Bengaluru,Bengaluru,Bhopal,Automotive Parts,224,23105.23,1870,Road Freight (Truck),1593.64,9,9,On-Time,0,SMB,5456,8500,1.44,Rainy,9,0.8522,1593.64,0,1,64.19,Bengaluru -> Bhopal
SHIP-10619,2025-05-25,WH-West-Mumbai,Mumbai,Chandigarh,Electronics,167,22478.42,723,Road Freight (Truck),693.46,5,5,On-Time,0,Enterprise,11038,12000,1.6,Severe Heat,5,0.9591,693.46,0,1,91.98,Mumbai -> Chandigarh
SHIP-10620,2025-11-23,WH-North-Delhi,Delhi,Jaipur,Electronics,78,7018.08,422,Express Courier,692.18,3,4,Delayed,1,E-Commerce Retailer,5900,10000,1.27,Clear,4,1.6402,692.18,1,0,59.0,Delhi -> Jaipur
SHIP-10621,2025-08-05,WH-West-Mumbai,Mumbai,Kochi,Electronics,402,97568.39,1607,Air Cargo,3068.06,4,4,On-Time,0,E-Commerce Retailer,10917,12000,1.33,Clear,4,1.9092,3068.06,0,1,90.98,Mumbai -> Kochi
SHIP-10622,2025-10-28,WH-West-Mumbai,Mumbai,Coimbatore,Automotive Parts,94,22021.69,354,Road Freight (Truck),366.96,3,3,On-Time,0,Individual,6545,12000,1.36,Clear,3,1.0366,366.96,0,1,54.54,Mumbai -> Coimbatore
SHIP-10623,2025-05-12,WH-West-Mumbai,Mumbai,Bhopal,Apparel,276,60611.75,1839,Rail Freight,1154.14,12,12,On-Time,0,SMB,6025,12000,1.6,Clear,12,0.6276,1154.14,0,1,50.21,Mumbai -> Bhopal
SHIP-10624,2025-10-19,WH-South-Bengaluru,Bengaluru,Chandigarh,Consumer Goods,78,8902.14,1181,Road Freight (Truck),1036.06,7,7,On-Time,0,E-Commerce Retailer,6824,8500,1.66,Rainy,7,0.8773,1036.06,0,1,80.28,Bengaluru -> Chandigarh
SHIP-10625,2025-03-11,WH-South-Bengaluru,Bengaluru,Bhopal,Electronics,108,19165.24,258,Road Freight (Truck),291.09,3,3,On-Time,0,E-Commerce Retailer,6630,8500,1.38,Clear,3,1.1283,291.09,0,1,78.0,Bengaluru -> Bhopal
SHIP-10626,2025-09-09,WH-South-Bengaluru,Bengaluru,Indore,Consumer Goods,356,80870.7,314,Road Freight (Truck),444.55,4,4,On-Time,0,SMB,7065,8500,1.33,Clear,4,1.4158,444.55,0,1,83.12,Bengaluru -> Indore
SHIP-10627,2025-10-02,WH-East-Kolkata,Kolkata,Indore,Electronics,225,48341.46,1670,Air Cargo,3115.73,4,7,Delayed,3,Enterprise,4586,7500,1.68,Stormy,7,1.8657,3115.73,1,0,61.15,Kolkata -> Indore
SHIP-10628,2025-12-30,WH-East-Kolkata,Kolkata,Indore,Perishables,424,47643.54,1912,Road Freight (Truck),1704.73,9,9,On-Time,0,Individual,6656,7500,1.75,Clear,9,0.8916,1704.73,0,1,88.75,Kolkata -> Indore
SHIP-10629,2025-07-01,WH-East-Kolkata,Kolkata,Jaipur,Industrial Equipment,170,7039.82,766,Road Freight (Truck),718.18,6,7,Delayed,1,SMB,3796,7500,1.55,Rainy,7,0.9376,718.18,1,0,50.61,Kolkata -> Jaipur
SHIP-10630,2025-06-16,WH-Central-Nagpur,Nagpur,Coimbatore,Consumer Goods,432,14157.99,120,Road Freight (Truck),371.59,2,1,Early,0,SMB,2785,6000,1.74,Clear,1,3.0966,371.59,0,1,46.42,Nagpur -> Coimbatore
SHIP-10631,2025-04-01,WH-North-Delhi,Delhi,Jaipur,Automotive Parts,103,15512.84,680,Road Freight (Truck),636.61,5,7,Delayed,2,Enterprise,5912,10000,1.55,Foggy,7,0.9362,636.61,1,0,59.12,Delhi -> Jaipur
SHIP-10632,2025-07-21,WH-North-Delhi,Delhi,Kanpur,Electronics,183,30381.21,1239,Rail Freight,808.86,9,9,On-Time,0,Enterprise,8247,10000,1.59,Clear,9,0.6528,808.86,0,1,82.47,Delhi -> Kanpur
SHIP-10633,2025-12-12,WH-North-Delhi,Delhi,Kochi,Industrial Equipment,174,37360.06,832,Road Freight (Truck),787.79,6,6,On-Time,0,E-Commerce Retailer,7663,10000,1.38,Foggy,6,0.9469,787.79,0,1,76.63,Delhi -> Kochi
SHIP-10634,2025-01-19,WH-South-Bengaluru,Bengaluru,Kochi,Automotive Parts,124,10383.89,532,Express Courier,911.37,4,4,On-Time,0,SMB,5567,8500,1.41,Clear,4,1.7131,911.37,0,1,65.49,Bengaluru -> Kochi
SHIP-10635,2025-02-08,WH-Central-Nagpur,Nagpur,Indore,Consumer Goods,229,12447.42,657,Road Freight (Truck),671.46,4,6,Delayed,2,Enterprise,3422,6000,1.24,Clear,6,1.022,671.46,1,0,57.03,Nagpur -> Indore
SHIP-10636,2025-05-06,WH-North-Delhi,Delhi,Kanpur,Industrial Equipment,40,4162.65,1998,Road Freight (Truck),1631.95,10,10,On-Time,0,Enterprise,4778,10000,1.64,Rainy,10,0.8168,1631.95,0,1,47.78,Delhi -> Kanpur
SHIP-10637,2025-06-22,WH-Central-Nagpur,Nagpur,Lucknow,Consumer Goods,20,1961.8,548,Road Freight (Truck),506.94,5,5,On-Time,0,SMB,3651,6000,1.71,Clear,5,0.9251,506.94,0,1,60.85,Nagpur -> Lucknow
SHIP-10638,2025-05-21,WH-North-Delhi,Delhi,Lucknow,Consumer Goods,352,16237.83,354,Road Freight (Truck),506.5,3,3,On-Time,0,SMB,6662,10000,1.52,Clear,3,1.4308,506.5,0,1,66.62,Delhi -> Lucknow
SHIP-10639,2025-08-30,WH-Central-Nagpur,Nagpur,Indore,Electronics,386,66772.76,468,Road Freight (Truck),602.64,4,4,On-Time,0,Enterprise,4637,6000,1.36,Foggy,4,1.2877,602.64,0,1,77.28,Nagpur -> Indore
SHIP-10640,2025-08-08,WH-West-Mumbai,Mumbai,Chandigarh,Consumer Goods,139,18701.42,1899,Road Freight (Truck),1573.46,10,13,Delayed,3,E-Commerce Retailer,9043,12000,1.24,Stormy,13,0.8286,1573.46,1,0,75.36,Mumbai -> Chandigarh
SHIP-10641,2025-05-06,WH-North-Delhi,Delhi,Jaipur,Industrial Equipment,114,21028.88,2013,Road Freight (Truck),1650.12,11,13,Delayed,2,Enterprise,8952,10000,1.31,Clear,13,0.8197,1650.12,1,0,89.52,Delhi -> Jaipur
SHIP-10642,2025-02-27,WH-West-Mumbai,Mumbai,Indore,Perishables,36,3523.77,1624,Rail Freight,953.49,11,10,Early,0,SMB,5966,12000,1.3,Clear,10,0.5871,953.49,0,1,49.72,Mumbai -> Indore
SHIP-10643,2025-05-28,WH-West-Mumbai,Mumbai,Patna,Apparel,236,21603.44,1982,Rail Freight,1220.51,11,11,On-Time,0,E-Commerce Retailer,7296,12000,1.52,Clear,11,0.6158,1220.51,0,1,60.8,Mumbai -> Patna
SHIP-10644,2025-11-13,WH-West-Mumbai,Mumbai,Bhopal,Automotive Parts,11,1386.61,515,Express Courier,820.04,3,3,On-Time,0,Enterprise,8116,12000,1.72,Clear,3,1.5923,820.04,0,1,67.63,Mumbai -> Bhopal
SHIP-10645,2025-12-27,WH-West-Mumbai,Mumbai,Kochi,Automotive Parts,368,81398.19,1494,Road Freight (Truck),1397.49,8,10,Delayed,2,E-Commerce Retailer,9182,12000,1.18,Clear,10,0.9354,1397.49,1,0,76.52,Mumbai -> Kochi
SHIP-10646,2025-01-01,WH-East-Kolkata,Kolkata,Lucknow,Electronics,110,2691.27,535,Road Freight (Truck),510.69,4,5,Delayed,1,E-Commerce Retailer,5121,7500,1.15,Rainy,5,0.9546,510.69,1,0,68.28,Kolkata -> Lucknow
SHIP-10647,2025-12-14,WH-South-Bengaluru,Bengaluru,Surat,Consumer Goods,30,6124.07,2029,Road Freight (Truck),1628.31,10,10,On-Time,0,E-Commerce Retailer,7471,8500,1.51,Clear,10,0.8025,1628.31,0,1,87.89,Bengaluru -> Surat
SHIP-10648,2025-07-09,WH-West-Mumbai,Mumbai,Lucknow,Electronics,67,6814.71,1035,Air Cargo,1905.49,3,4,Delayed,1,Enterprise,8832,12000,1.32,Severe Heat,4,1.8411,1905.49,1,0,73.6,Mumbai -> Lucknow
SHIP-10649,2025-07-10,WH-South-Bengaluru,Bengaluru,Kochi,Apparel,398,85902.52,2030,Rail Freight,1324.26,12,12,On-Time,0,Enterprise,3983,8500,1.68,Rainy,12,0.6523,1324.26,0,1,46.86,Bengaluru -> Kochi
SHIP-10650,2025-11-08,WH-East-Kolkata,Kolkata,Bhopal,Perishables,189,38464.85,1194,Road Freight (Truck),1085.09,7,8,Delayed,1,Enterprise,3775,7500,1.35,Rainy,8,0.9088,1085.09,1,0,50.33,Kolkata -> Bhopal
SHIP-10651,2025-04-27,WH-West-Mumbai,Mumbai,Kochi,Electronics,438,42468.0,200,Express Courier,528.93,2,2,On-Time,0,SMB,9649,12000,1.32,Clear,2,2.6446,528.93,0,1,80.41,Mumbai -> Kochi
SHIP-10652,2025-05-14,WH-West-Mumbai,Mumbai,Surat,Industrial Equipment,350,62321.35,155,Express Courier,442.39,3,3,On-Time,0,E-Commerce Retailer,9437,12000,1.31,Clear,3,2.8541,442.39,0,1,78.64,Mumbai -> Surat
SHIP-10653,2025-02-27,WH-North-Delhi,Delhi,Indore,Apparel,358,18799.9,1210,Road Freight (Truck),1160.85,7,8,Delayed,1,E-Commerce Retailer,5221,10000,1.24,Rainy,8,0.9594,1160.85,1,0,52.21,Delhi -> Indore
SHIP-10654,2025-02-13,WH-North-Delhi,Delhi,Kanpur,Apparel,29,6543.16,760,Express Courier,1164.06,3,3,On-Time,0,E-Commerce Retailer,4776,10000,1.5,Clear,3,1.5317,1164.06,0,1,47.76,Delhi -> Kanpur
SHIP-10655,2025-06-22,WH-South-Bengaluru,Bengaluru,Surat,Consumer Goods,264,29054.63,1001,Express Courier,1632.61,5,6,Delayed,1,Individual,6136,8500,1.25,Clear,6,1.631,1632.61,1,0,72.19,Bengaluru -> Surat
SHIP-10656,2025-06-09,WH-North-Delhi,Delhi,Kochi,Consumer Goods,326,39795.48,1810,Road Freight (Truck),1571.78,9,9,On-Time,0,E-Commerce Retailer,7487,10000,1.45,Clear,9,0.8684,1571.78,0,1,74.87,Delhi -> Kochi
SHIP-10657,2025-06-22,WH-South-Bengaluru,Bengaluru,Kochi,Electronics,47,8500.11,876,Express Courier,1358.76,4,4,On-Time,0,Enterprise,4365,8500,1.43,Clear,4,1.5511,1358.76,0,1,51.35,Bengaluru -> Kochi
SHIP-10658,2025-11-13,WH-East-Kolkata,Kolkata,Patna,Electronics,157,32639.9,742,Road Freight (Truck),696.34,5,5,On-Time,0,Enterprise,5044,7500,1.16,Clear,5,0.9385,696.34,0,1,67.25,Kolkata -> Patna
SHIP-10659,2025-10-30,WH-North-Delhi,Delhi,Patna,Electronics,34,2398.38,1823,Rail Freight,1073.62,11,10,Early,0,E-Commerce Retailer,5937,10000,1.16,Rainy,10,0.5889,1073.62,0,1,59.37,Delhi -> Patna
SHIP-10660,2025-05-29,WH-South-Bengaluru,Bengaluru,Coimbatore,Apparel,395,67314.83,1624,Rail Freight,1104.5,11,11,On-Time,0,Enterprise,7545,8500,1.46,Clear,11,0.6801,1104.5,0,1,88.76,Bengaluru -> Coimbatore
SHIP-10661,2025-03-21,WH-West-Mumbai,Mumbai,Patna,Electronics,130,13925.54,587,Express Courier,946.14,3,3,On-Time,0,Enterprise,6636,12000,1.57,Clear,3,1.6118,946.14,0,1,55.3,Mumbai -> Patna
SHIP-10662,2025-08-01,WH-Central-Nagpur,Nagpur,Jaipur,Automotive Parts,425,43199.2,1285,Rail Freight,938.53,9,10,Delayed,1,SMB,4767,6000,1.72,Rainy,10,0.7304,938.53,1,0,79.45,Nagpur -> Jaipur
SHIP-10663,2025-07-22,WH-West-Mumbai,Mumbai,Kanpur,Apparel,35,6200.46,475,Road Freight (Truck),453.21,4,4,On-Time,0,E-Commerce Retailer,8322,12000,1.26,Clear,4,0.9541,453.21,0,1,69.35,Mumbai -> Kanpur
SHIP-10664,2025-09-09,WH-East-Kolkata,Kolkata,Bhopal,Apparel,178,18865.88,828,Road Freight (Truck),765.53,5,6,Delayed,1,Enterprise,3415,7500,1.21,Clear,6,0.9246,765.53,1,0,45.53,Kolkata -> Bhopal
SHIP-10665,2025-08-17,WH-South-Bengaluru,Bengaluru,Surat,Consumer Goods,332,31983.39,1614,Rail Freight,1043.13,10,13,Delayed,3,E-Commerce Retailer,5890,8500,1.18,Foggy,13,0.6463,1043.13,1,0,69.29,Bengaluru -> Surat
SHIP-10666,2025-06-13,WH-North-Delhi,Delhi,Kochi,Apparel,234,49475.5,1764,Express Courier,2708.69,5,4,Early,0,E-Commerce Retailer,4967,10000,1.41,Clear,4,1.5355,2708.69,0,1,49.67,Delhi -> Kochi
SHIP-10667,2025-08-15,WH-South-Bengaluru,Bengaluru,Coimbatore,Perishables,10,388.0,1139,Road Freight (Truck),951.55,7,7,On-Time,0,SMB,6457,8500,1.52,Foggy,7,0.8354,951.55,0,1,75.96,Bengaluru -> Coimbatore
SHIP-10668,2025-05-27,WH-Central-Nagpur,Nagpur,Coimbatore,Electronics,316,54931.79,2031,Air Cargo,3775.68,5,5,On-Time,0,Enterprise,4294,6000,1.65,Foggy,5,1.859,3775.68,0,1,71.57,Nagpur -> Coimbatore
SHIP-10669,2025-01-20,WH-South-Bengaluru,Bengaluru,Bhopal,Consumer Goods,270,19831.63,1734,Road Freight (Truck),1505.52,8,8,On-Time,0,Enterprise,3866,8500,1.56,Clear,8,0.8682,1505.52,0,1,45.48,Bengaluru -> Bhopal
SHIP-10670,2025-02-16,WH-East-Kolkata,Kolkata,Kanpur,Industrial Equipment,22,410.13,1021,Road Freight (Truck),866.15,6,8,Delayed,2,E-Commerce Retailer,4096,7500,1.45,Clear,8,0.8483,866.15,1,0,54.61,Kolkata -> Kanpur
SHIP-10671,2025-08-21,WH-Central-Nagpur,Nagpur,Surat,Electronics,412,22326.12,792,Road Freight (Truck),850.06,5,6,Delayed,1,E-Commerce Retailer,4888,6000,1.43,Severe Heat,6,1.0733,850.06,1,0,81.47,Nagpur -> Surat
SHIP-10672,2025-11-01,WH-North-Delhi,Delhi,Lucknow,Electronics,405,63814.01,558,Express Courier,1057.07,4,4,On-Time,0,E-Commerce Retailer,5796,10000,1.7,Clear,4,1.8944,1057.07,0,1,57.96,Delhi -> Lucknow
SHIP-10673,2025-01-14,WH-North-Delhi,Delhi,Patna,Consumer Goods,57,10353.76,650,Road Freight (Truck),566.25,5,7,Delayed,2,SMB,6846,10000,1.35,Foggy,7,0.8712,566.25,1,0,68.46,Delhi -> Patna
SHIP-10674,2025-05-23,WH-South-Bengaluru,Bengaluru,Indore,Electronics,418,8338.51,246,Road Freight (Truck),455.5,3,3,On-Time,0,Enterprise,5071,8500,1.45,Rainy,3,1.8516,455.5,0,1,59.66,Bengaluru -> Indore
SHIP-10675,2025-01-01,WH-West-Mumbai,Mumbai,Coimbatore,Apparel,322,7586.31,324,Road Freight (Truck),478.07,4,3,Early,0,Enterprise,10597,12000,1.73,Clear,3,1.4755,478.07,0,1,88.31,Mumbai -> Coimbatore
SHIP-10676,2025-02-23,WH-East-Kolkata,Kolkata,Patna,Electronics,380,86297.01,148,Express Courier,474.36,3,3,On-Time,0,E-Commerce Retailer,5266,7500,1.59,Clear,3,3.2051,474.36,0,1,70.21,Kolkata -> Patna
SHIP-10677,2025-09-16,WH-Central-Nagpur,Nagpur,Patna,Automotive Parts,300,9668.06,564,Road Freight (Truck),637.95,5,5,On-Time,0,Enterprise,4663,6000,1.6,Clear,5,1.1311,637.95,0,1,77.72,Nagpur -> Patna
SHIP-10678,2025-05-24,WH-West-Mumbai,Mumbai,Jaipur,Industrial Equipment,341,76770.29,1085,Road Freight (Truck),1048.29,6,6,On-Time,0,Enterprise,5870,12000,1.3,Clear,6,0.9662,1048.29,0,1,48.92,Mumbai -> Jaipur
SHIP-10679,2025-01-12,WH-North-Delhi,Delhi,Kanpur,Apparel,103,7067.76,1862,Rail Freight,1088.2,12,13,Delayed,1,SMB,4689,10000,1.4,Clear,13,0.5844,1088.2,1,0,46.89,Delhi -> Kanpur
SHIP-10680,2025-11-26,WH-East-Kolkata,Kolkata,Indore,Apparel,270,51004.13,583,Road Freight (Truck),605.21,4,4,On-Time,0,Enterprise,4288,7500,1.2,Stormy,4,1.0381,605.21,0,1,57.17,Kolkata -> Indore
SHIP-10681,2025-08-12,WH-West-Mumbai,Mumbai,Lucknow,Automotive Parts,287,25194.96,1423,Road Freight (Truck),1318.78,7,9,Delayed,2,Enterprise,7143,12000,1.51,Foggy,9,0.9268,1318.78,1,0,59.52,Mumbai -> Lucknow
SHIP-10682,2025-09-29,WH-East-Kolkata,Kolkata,Kochi,Electronics,368,79784.88,270,Road Freight (Truck),447.82,3,2,Early,0,SMB,5799,7500,1.21,Clear,2,1.6586,447.82,0,1,77.32,Kolkata -> Kochi
SHIP-10683,2025-12-24,WH-West-Mumbai,Mumbai,Jaipur,Automotive Parts,214,38435.88,359,Express Courier,692.19,2,2,On-Time,0,Enterprise,8609,12000,1.65,Stormy,2,1.9281,692.19,0,1,71.74,Mumbai -> Jaipur
SHIP-10684,2025-06-05,WH-South-Bengaluru,Bengaluru,Patna,Industrial Equipment,194,21228.68,385,Express Courier,715.74,3,3,On-Time,0,Enterprise,5321,8500,1.64,Foggy,3,1.8591,715.74,0,1,62.6,Bengaluru -> Patna
SHIP-10685,2025-01-08,WH-North-Delhi,Delhi,Patna,Industrial Equipment,184,6059.32,1837,Road Freight (Truck),1570.23,10,13,Delayed,3,E-Commerce Retailer,7574,10000,1.47,Stormy,13,0.8548,1570.23,1,0,75.74,Delhi -> Patna
SHIP-10686,2025-05-02,WH-South-Bengaluru,Bengaluru,Chandigarh,Apparel,447,83671.49,1248,Road Freight (Truck),1214.12,7,6,Early,0,E-Commerce Retailer,4478,8500,1.23,Clear,6,0.9729,1214.12,0,1,52.68,Bengaluru -> Chandigarh
SHIP-10687,2025-12-14,WH-West-Mumbai,Mumbai,Indore,Electronics,396,63347.3,2080,Air Cargo,3913.65,5,7,Delayed,2,Enterprise,5758,12000,1.17,Foggy,7,1.8816,3913.65,1,0,47.98,Mumbai -> Indore
SHIP-10688,2025-06-13,WH-South-Bengaluru,Bengaluru,Indore,Consumer Goods,389,6101.17,1576,Rail Freight,1062.95,10,13,Delayed,3,E-Commerce Retailer,7238,8500,1.63,Rainy,13,0.6745,1062.95,1,0,85.15,Bengaluru -> Indore
SHIP-10689,2025-03-31,WH-North-Delhi,Delhi,Chandigarh,Industrial Equipment,318,5473.95,1032,Road Freight (Truck),987.14,7,7,On-Time,0,SMB,7150,10000,1.51,Clear,7,0.9565,987.14,0,1,71.5,Delhi -> Chandigarh
SHIP-10690,2025-05-16,WH-East-Kolkata,Kolkata,Indore,Electronics,424,86948.13,616,Road Freight (Truck),731.83,5,5,On-Time,0,SMB,5663,7500,1.58,Severe Heat,5,1.188,731.83,0,1,75.51,Kolkata -> Indore
SHIP-10691,2025-07-05,WH-Central-Nagpur,Nagpur,Patna,Industrial Equipment,78,5924.8,1583,Rail Freight,924.97,10,10,On-Time,0,E-Commerce Retailer,3566,6000,1.33,Clear,10,0.5843,924.97,0,1,59.43,Nagpur -> Patna
SHIP-10692,2025-11-12,WH-North-Delhi,Delhi,Coimbatore,Electronics,113,18587.53,1891,Air Cargo,3456.46,6,7,Delayed,1,E-Commerce Retailer,6248,10000,1.46,Clear,7,1.8278,3456.46,1,0,62.48,Delhi -> Coimbatore
SHIP-10693,2025-06-27,WH-North-Delhi,Delhi,Surat,Electronics,255,31043.8,804,Road Freight (Truck),823.79,6,10,Delayed,4,E-Commerce Retailer,4887,10000,1.6,Stormy,10,1.0246,823.79,1,0,48.87,Delhi -> Surat
SHIP-10694,2025-01-28,WH-North-Delhi,Delhi,Patna,Electronics,170,37044.03,277,Road Freight (Truck),373.75,3,4,Delayed,1,Enterprise,8527,10000,1.43,Clear,4,1.3493,373.75,1,0,85.27,Delhi -> Patna
SHIP-10695,2025-08-08,WH-South-Bengaluru,Bengaluru,Jaipur,Electronics,209,48171.55,291,Road Freight (Truck),407.83,3,3,On-Time,0,Enterprise,6191,8500,1.51,Stormy,3,1.4015,407.83,0,1,72.84,Bengaluru -> Jaipur
SHIP-10696,2025-12-23,WH-South-Bengaluru,Bengaluru,Kanpur,Apparel,225,56081.21,613,Road Freight (Truck),632.84,5,6,Delayed,1,E-Commerce Retailer,4159,8500,1.62,Rainy,6,1.0324,632.84,1,0,48.93,Bengaluru -> Kanpur
SHIP-10697,2025-02-10,WH-South-Bengaluru,Bengaluru,Chandigarh,Electronics,443,22644.29,1089,Road Freight (Truck),1087.37,6,6,On-Time,0,SMB,7039,8500,1.28,Clear,6,0.9985,1087.37,0,1,82.81,Bengaluru -> Chandigarh
SHIP-10698,2025-08-16,WH-North-Delhi,Delhi,Lucknow,Perishables,221,48133.04,1454,Express Courier,2269.38,5,5,On-Time,0,Enterprise,6587,10000,1.19,Clear,5,1.5608,2269.38,0,1,65.87,Delhi -> Lucknow
SHIP-10699,2025-07-11,WH-West-Mumbai,Mumbai,Kochi,Apparel,25,1937.88,1546,Rail Freight,904.84,10,12,Delayed,2,E-Commerce Retailer,9715,12000,1.47,Foggy,12,0.5853,904.84,1,0,80.96,Mumbai -> Kochi
SHIP-10700,2025-05-25,WH-South-Bengaluru,Bengaluru,Lucknow,Electronics,381,58613.7,1812,Air Cargo,3433.35,5,5,On-Time,0,E-Commerce Retailer,3875,8500,1.19,Rainy,5,1.8948,3433.35,0,1,45.59,Bengaluru -> Lucknow
SHIP-10701,2025-07-20,WH-West-Mumbai,Mumbai,Patna,Apparel,341,45645.11,1913,Road Freight (Truck),1675.24,10,15,Delayed,5,E-Commerce Retailer,5562,12000,1.61,Stormy,15,0.8757,1675.24,1,0,46.35,Mumbai -> Patna
SHIP-10702,2025-07-31,WH-Central-Nagpur,Nagpur,Jaipur,Automotive Parts,214,4114.62,795,Road Freight (Truck),760.18,5,7,Delayed,2,Enterprise,3181,6000,1.58,Foggy,7,0.9562,760.18,1,0,53.02,Nagpur -> Jaipur
SHIP-10703,2025-08-08,WH-North-Delhi,Delhi,Patna,Industrial Equipment,374,87591.27,778,Express Courier,1370.91,4,4,On-Time,0,E-Commerce Retailer,5491,10000,1.68,Clear,4,1.7621,1370.91,0,1,54.91,Delhi -> Patna
SHIP-10704,2025-08-28,WH-South-Bengaluru,Bengaluru,Kanpur,Electronics,48,1603.53,1022,Road Freight (Truck),858.49,6,8,Delayed,2,Enterprise,6877,8500,1.53,Clear,8,0.84,858.49,1,0,80.91,Bengaluru -> Kanpur
SHIP-10705,2025-02-15,WH-West-Mumbai,Mumbai,Coimbatore,Automotive Parts,98,17319.68,785,Road Freight (Truck),709.26,5,8,Delayed,3,Enterprise,9385,12000,1.19,Stormy,8,0.9035,709.26,1,0,78.21,Mumbai -> Coimbatore
SHIP-10706,2025-02-04,WH-West-Mumbai,Mumbai,Kochi,Industrial Equipment,439,87570.23,1606,Rail Freight,1116.93,10,10,On-Time,0,SMB,8874,12000,1.3,Clear,10,0.6955,1116.93,0,1,73.95,Mumbai -> Kochi
SHIP-10707,2025-09-10,WH-East-Kolkata,Kolkata,Kanpur,Electronics,265,53501.55,486,Road Freight (Truck),568.5,3,5,Delayed,2,Enterprise,6494,7500,1.63,Clear,5,1.1698,568.5,1,0,86.59,Kolkata -> Kanpur
SHIP-10708,2025-03-23,WH-South-Bengaluru,Bengaluru,Chandigarh,Electronics,263,12319.24,669,Road Freight (Truck),670.95,5,7,Delayed,2,Enterprise,4812,8500,1.25,Foggy,7,1.0029,670.95,1,0,56.61,Bengaluru -> Chandigarh
SHIP-10709,2025-09-13,WH-Central-Nagpur,Nagpur,Chandigarh,Apparel,225,27040.26,762,Road Freight (Truck),747.68,5,7,Delayed,2,E-Commerce Retailer,5250,6000,1.57,Foggy,7,0.9812,747.68,1,0,87.5,Nagpur -> Chandigarh
SHIP-10710,2025-07-16,WH-North-Delhi,Delhi,Patna,Electronics,377,79138.25,2013,Road Freight (Truck),1789.2,11,12,Delayed,1,Enterprise,8774,10000,1.62,Rainy,12,0.8888,1789.2,1,0,87.74,Delhi -> Patna
SHIP-10711,2025-10-30,WH-North-Delhi,Delhi,Jaipur,Automotive Parts,312,26872.44,374,Express Courier,753.32,3,4,Delayed,1,Enterprise,6541,10000,1.35,Clear,4,2.0142,753.32,1,0,65.41,Delhi -> Jaipur
SHIP-10712,2025-01-10,WH-East-Kolkata,Kolkata,Kanpur,Consumer Goods,181,22610.69,327,Express Courier,627.54,2,3,Delayed,1,Enterprise,3707,7500,1.34,Rainy,3,1.9191,627.54,1,0,49.43,Kolkata -> Kanpur
SHIP-10713,2025-11-08,WH-South-Bengaluru,Bengaluru,Bhopal,Automotive Parts,146,11549.56,569,Express Courier,983.39,3,4,Delayed,1,SMB,6727,8500,1.48,Rainy,4,1.7283,983.39,1,0,79.14,Bengaluru -> Bhopal
SHIP-10714,2025-10-13,WH-West-Mumbai,Mumbai,Jaipur,Apparel,393,48706.29,214,Road Freight (Truck),423.18,3,3,On-Time,0,SMB,7300,12000,1.67,Stormy,3,1.9775,423.18,0,1,60.83,Mumbai -> Jaipur
SHIP-10715,2025-08-30,WH-North-Delhi,Delhi,Coimbatore,Electronics,187,41821.04,2003,Air Cargo,3678.99,5,6,Delayed,1,E-Commerce Retailer,8236,10000,1.28,Severe Heat,6,1.8367,3678.99,1,0,82.36,Delhi -> Coimbatore
SHIP-10716,2025-09-08,WH-North-Delhi,Delhi,Chandigarh,Electronics,86,10488.06,958,Road Freight (Truck),859.48,6,6,On-Time,0,E-Commerce Retailer,5269,10000,1.71,Clear,6,0.8972,859.48,0,1,52.69,Delhi -> Chandigarh
SHIP-10717,2025-01-05,WH-Central-Nagpur,Nagpur,Patna,Apparel,197,28690.95,597,Express Courier,1003.58,3,5,Delayed,2,SMB,4221,6000,1.51,Foggy,5,1.681,1003.58,1,0,70.35,Nagpur -> Patna
SHIP-10718,2025-04-29,WH-North-Delhi,Delhi,Indore,Industrial Equipment,24,2638.43,802,Road Freight (Truck),694.89,6,7,Delayed,1,E-Commerce Retailer,6887,10000,1.75,Clear,7,0.8664,694.89,1,0,68.87,Delhi -> Indore
SHIP-10719,2025-10-16,WH-West-Mumbai,Mumbai,Chandigarh,Industrial Equipment,301,37061.39,881,Road Freight (Truck),855.93,5,4,Early,0,Enterprise,5965,12000,1.2,Clear,4,0.9715,855.93,0,1,49.71,Mumbai -> Chandigarh
SHIP-10720,2025-03-06,WH-North-Delhi,Delhi,Kochi,Consumer Goods,328,6089.63,309,Road Freight (Truck),455.31,3,3,On-Time,0,Enterprise,6207,10000,1.23,Clear,3,1.4735,455.31,0,1,62.07,Delhi -> Kochi
SHIP-10721,2025-05-26,WH-West-Mumbai,Mumbai,Surat,Electronics,334,27281.19,830,Road Freight (Truck),845.06,6,5,Early,0,E-Commerce Retailer,5878,12000,1.65,Foggy,5,1.0181,845.06,0,1,48.98,Mumbai -> Surat
SHIP-10722,2025-08-12,WH-North-Delhi,Delhi,Indore,Electronics,223,26224.07,1627,Rail Freight,1033.29,11,15,Delayed,4,SMB,6684,10000,1.67,Clear,15,0.6351,1033.29,1,0,66.84,Delhi -> Indore
SHIP-10723,2025-08-27,WH-South-Bengaluru,Bengaluru,Patna,Apparel,217,35575.48,1876,Rail Freight,1139.62,12,13,Delayed,1,Individual,7192,8500,1.42,Clear,13,0.6075,1139.62,1,0,84.61,Bengaluru -> Patna
SHIP-10724,2025-06-26,WH-North-Delhi,Delhi,Bhopal,Electronics,178,21495.67,1679,Air Cargo,3105.1,4,4,On-Time,0,SMB,5769,10000,1.58,Clear,4,1.8494,3105.1,0,1,57.69,Delhi -> Bhopal
SHIP-10725,2025-09-24,WH-East-Kolkata,Kolkata,Indore,Consumer Goods,339,31997.19,875,Road Freight (Truck),909.68,5,5,On-Time,0,E-Commerce Retailer,6071,7500,1.67,Clear,5,1.0396,909.68,0,1,80.95,Kolkata -> Indore
SHIP-10726,2025-12-07,WH-North-Delhi,Delhi,Kochi,Apparel,289,30692.73,1566,Express Courier,2426.41,5,5,On-Time,0,SMB,5362,10000,1.18,Clear,5,1.5494,2426.41,0,1,53.62,Delhi -> Kochi
SHIP-10727,2025-10-09,WH-South-Bengaluru,Bengaluru,Jaipur,Perishables,314,22588.82,955,Road Freight (Truck),931.92,5,5,On-Time,0,SMB,6516,8500,1.49,Clear,5,0.9758,931.92,0,1,76.66,Bengaluru -> Jaipur
SHIP-10728,2025-03-04,WH-Central-Nagpur,Nagpur,Bhopal,Consumer Goods,155,35999.7,1783,Rail Freight,1118.95,11,14,Delayed,3,SMB,5281,6000,1.66,Severe Heat,14,0.6276,1118.95,1,0,88.02,Nagpur -> Bhopal
SHIP-10729,2025-08-05,WH-South-Bengaluru,Bengaluru,Chandigarh,Electronics,272,37429.83,1748,Road Freight (Truck),1547.29,9,10,Delayed,1,E-Commerce Retailer,5119,8500,1.39,Rainy,10,0.8852,1547.29,1,0,60.22,Bengaluru -> Chandigarh
SHIP-10730,2025-12-08,WH-South-Bengaluru,Bengaluru,Bhopal,Apparel,13,235.97,1955,Road Freight (Truck),1530.98,9,10,Delayed,1,SMB,7422,8500,1.33,Rainy,10,0.7831,1530.98,1,0,87.32,Bengaluru -> Bhopal
SHIP-10731,2025-11-11,WH-West-Mumbai,Mumbai,Kanpur,Apparel,99,1937.42,252,Road Freight (Truck),305.51,3,3,On-Time,0,Individual,8250,12000,1.63,Clear,3,1.2123,305.51,0,1,68.75,Mumbai -> Kanpur
SHIP-10732,2025-10-10,WH-West-Mumbai,Mumbai,Kochi,Consumer Goods,69,16811.57,174,Express Courier,349.8,2,2,On-Time,0,Enterprise,7186,12000,1.35,Rainy,2,2.0103,349.8,0,1,59.88,Mumbai -> Kochi
SHIP-10733,2025-06-26,WH-South-Bengaluru,Bengaluru,Indore,Perishables,320,21453.11,629,Road Freight (Truck),661.12,5,5,On-Time,0,Enterprise,7406,8500,1.15,Rainy,5,1.0511,661.12,0,1,87.13,Bengaluru -> Indore
SHIP-10734,2025-04-08,WH-Central-Nagpur,Nagpur,Kanpur,Automotive Parts,25,5107.95,789,Road Freight (Truck),721.71,6,7,Delayed,1,SMB,2790,6000,1.73,Rainy,7,0.9147,721.71,1,0,46.5,Nagpur -> Kanpur
SHIP-10735,2025-04-15,WH-South-Bengaluru,Bengaluru,Bhopal,Electronics,236,6771.95,1684,Air Cargo,3143.33,4,4,On-Time,0,SMB,3936,8500,1.51,Clear,4,1.8666,3143.33,0,1,46.31,Bengaluru -> Bhopal
SHIP-10736,2025-04-09,WH-South-Bengaluru,Bengaluru,Kanpur,Electronics,38,8795.98,529,Express Courier,853.47,4,4,On-Time,0,E-Commerce Retailer,6221,8500,1.64,Clear,4,1.6134,853.47,0,1,73.19,Bengaluru -> Kanpur
SHIP-10737,2025-11-07,WH-East-Kolkata,Kolkata,Lucknow,Apparel,160,35278.08,1354,Rail Freight,859.55,8,8,On-Time,0,Enterprise,6183,7500,1.65,Foggy,8,0.6348,859.55,0,1,82.44,Kolkata -> Lucknow
SHIP-10738,2025-01-06,WH-West-Mumbai,Mumbai,Kochi,Industrial Equipment,254,37898.55,1809,Road Freight (Truck),1556.27,9,10,Delayed,1,E-Commerce Retailer,9638,12000,1.19,Rainy,10,0.8603,1556.27,1,0,80.32,Mumbai -> Kochi
SHIP-10739,2025-07-16,WH-North-Delhi,Delhi,Coimbatore,Electronics,279,4775.0,1436,Road Freight (Truck),1267.84,8,9,Delayed,1,SMB,4873,10000,1.25,Rainy,9,0.8829,1267.84,1,0,48.73,Delhi -> Coimbatore
SHIP-10740,2025-12-17,WH-South-Bengaluru,Bengaluru,Jaipur,Apparel,88,6651.53,1106,Road Freight (Truck),966.79,7,7,On-Time,0,SMB,7621,8500,1.34,Rainy,7,0.8741,966.79,0,1,89.66,Bengaluru -> Jaipur
SHIP-10741,2025-05-13,WH-Central-Nagpur,Nagpur,Bhopal,Apparel,442,48886.67,853,Road Freight (Truck),916.51,6,6,On-Time,0,E-Commerce Retailer,4682,6000,1.34,Clear,6,1.0745,916.51,0,1,78.03,Nagpur -> Bhopal
SHIP-10742,2025-12-24,WH-North-Delhi,Delhi,Kochi,Electronics,298,36688.29,1258,Air Cargo,2442.06,5,8,Delayed,3,Enterprise,8960,10000,1.55,Foggy,8,1.9412,2442.06,1,0,89.6,Delhi -> Kochi
SHIP-10743,2025-09-16,WH-South-Bengaluru,Bengaluru,Coimbatore,Apparel,162,13762.63,2092,Road Freight (Truck),1727.39,10,10,On-Time,0,SMB,5139,8500,1.52,Clear,10,0.8257,1727.39,0,1,60.46,Bengaluru -> Coimbatore
SHIP-10744,2025-01-23,WH-North-Delhi,Delhi,Coimbatore,Perishables,286,6504.43,1813,Road Freight (Truck),1550.39,10,11,Delayed,1,Individual,7761,10000,1.45,Rainy,11,0.8552,1550.39,1,0,77.61,Delhi -> Coimbatore
SHIP-10745,2025-02-22,WH-South-Bengaluru,Bengaluru,Patna,Electronics,410,63008.78,378,Road Freight (Truck),558.14,4,5,Delayed,1,E-Commerce Retailer,7260,8500,1.28,Severe Heat,5,1.4766,558.14,1,0,85.41,Bengaluru -> Patna
SHIP-10746,2025-06-14,WH-North-Delhi,Delhi,Kanpur,Consumer Goods,288,39794.79,1906,Road Freight (Truck),1657.57,10,10,On-Time,0,SMB,6288,10000,1.38,Foggy,10,0.8697,1657.57,0,1,62.88,Delhi -> Kanpur
SHIP-10747,2025-07-21,WH-West-Mumbai,Mumbai,Coimbatore,Consumer Goods,66,5379.34,1265,Road Freight (Truck),1080.42,8,8,On-Time,0,SMB,10841,12000,1.48,Clear,8,0.8541,1080.42,0,1,90.34,Mumbai -> Coimbatore
SHIP-10748,2025-03-24,WH-East-Kolkata,Kolkata,Lucknow,Automotive Parts,195,4665.25,418,Road Freight (Truck),493.93,3,3,On-Time,0,Enterprise,4309,7500,1.43,Clear,3,1.1817,493.93,0,1,57.45,Kolkata -> Lucknow
SHIP-10749,2025-05-25,WH-West-Mumbai,Mumbai,Kochi,Perishables,407,101232.96,1918,Rail Freight,1243.85,11,14,Delayed,3,SMB,7180,12000,1.23,Rainy,14,0.6485,1243.85,1,0,59.83,Mumbai -> Kochi
SHIP-10750,2025-03-26,WH-South-Bengaluru,Bengaluru,Surat,Consumer Goods,102,13083.21,1524,Rail Freight,906.78,10,13,Delayed,3,E-Commerce Retailer,7501,8500,1.54,Stormy,13,0.595,906.78,1,0,88.25,Bengaluru -> Surat
SHIP-10751,2025-03-19,WH-East-Kolkata,Kolkata,Surat,Industrial Equipment,285,54908.38,680,Road Freight (Truck),705.32,5,5,On-Time,0,E-Commerce Retailer,6793,7500,1.19,Rainy,5,1.0372,705.32,0,1,90.57,Kolkata -> Surat
SHIP-10752,2025-01-01,WH-Central-Nagpur,Nagpur,Bhopal,Apparel,167,20256.06,2032,Rail Freight,1208.36,12,11,Early,0,Enterprise,3504,6000,1.38,Clear,11,0.5947,1208.36,0,1,58.4,Nagpur -> Bhopal
SHIP-10753,2025-02-20,WH-North-Delhi,Delhi,Chandigarh,Apparel,284,7141.19,1984,Rail Freight,1238.94,11,12,Delayed,1,Enterprise,5141,10000,1.58,Clear,12,0.6245,1238.94,1,0,51.41,Delhi -> Chandigarh
SHIP-10754,2025-06-22,WH-West-Mumbai,Mumbai,Kanpur,Consumer Goods,190,16673.67,1644,Rail Freight,973.54,11,12,Delayed,1,Enterprise,9681,12000,1.16,Rainy,12,0.5922,973.54,1,0,80.68,Mumbai -> Kanpur
SHIP-10755,2025-07-24,WH-North-Delhi,Delhi,Chandigarh,Electronics,368,33203.12,416,Road Freight (Truck),552.13,3,4,Delayed,1,Enterprise,8869,10000,1.49,Rainy,4,1.3272,552.13,1,0,88.69,Delhi -> Chandigarh
SHIP-10756,2025-09-17,WH-Central-Nagpur,Nagpur,Coimbatore,Consumer Goods,449,95193.81,481,Road Freight (Truck),656.07,3,2,Early,0,Enterprise,4394,6000,1.35,Severe Heat,2,1.364,656.07,0,1,73.23,Nagpur -> Coimbatore
SHIP-10757,2025-10-15,WH-Central-Nagpur,Nagpur,Kochi,Apparel,86,14511.99,708,Road Freight (Truck),637.36,4,4,On-Time,0,SMB,4489,6000,1.16,Clear,4,0.9002,637.36,0,1,74.82,Nagpur -> Kochi
SHIP-10758,2025-02-03,WH-South-Bengaluru,Bengaluru,Bhopal,Electronics,160,12756.16,1606,Road Freight (Truck),1390.03,8,10,Delayed,2,Enterprise,6872,8500,1.26,Foggy,10,0.8655,1390.03,1,0,80.85,Bengaluru -> Bhopal
SHIP-10759,2025-12-14,WH-East-Kolkata,Kolkata,Indore,Automotive Parts,247,59877.47,1581,Express Courier,2453.22,6,6,On-Time,0,Enterprise,3914,7500,1.71,Clear,6,1.5517,2453.22,0,1,52.19,Kolkata -> Indore
SHIP-10760,2025-04-05,WH-South-Bengaluru,Bengaluru,Coimbatore,Electronics,298,26987.57,246,Road Freight (Truck),397.39,2,5,Delayed,3,SMB,7714,8500,1.46,Rainy,5,1.6154,397.39,1,0,90.75,Bengaluru -> Coimbatore
SHIP-10761,2025-03-13,WH-South-Bengaluru,Bengaluru,Kanpur,Electronics,240,59900.4,316,Road Freight (Truck),414.63,3,6,Delayed,3,Enterprise,5280,8500,1.75,Foggy,6,1.3121,414.63,1,0,62.12,Bengaluru -> Kanpur
SHIP-10762,2025-02-08,WH-North-Delhi,Delhi,Surat,Apparel,27,6725.66,340,Express Courier,560.02,3,3,On-Time,0,Enterprise,7452,10000,1.46,Clear,3,1.6471,560.02,0,1,74.52,Delhi -> Surat
SHIP-10763,2025-06-03,WH-East-Kolkata,Kolkata,Patna,Industrial Equipment,82,4914.63,1114,Express Courier,1700.17,5,5,On-Time,0,Enterprise,5026,7500,1.48,Clear,5,1.5262,1700.17,0,1,67.01,Kolkata -> Patna
SHIP-10764,2025-09-07,WH-North-Delhi,Delhi,Kochi,Electronics,426,37698.51,210,Road Freight (Truck),453.1,3,3,On-Time,0,Enterprise,6700,10000,1.39,Foggy,3,2.1576,453.1,0,1,67.0,Delhi -> Kochi
SHIP-10765,2025-06-11,WH-East-Kolkata,Kolkata,Jaipur,Consumer Goods,425,54918.66,530,Road Freight (Truck),657.17,4,5,Delayed,1,SMB,5852,7500,1.34,Rainy,5,1.2399,657.17,1,0,78.03,Kolkata -> Jaipur
SHIP-10766,2025-04-28,WH-East-Kolkata,Kolkata,Chandigarh,Perishables,198,33870.6,127,Express Courier,326.94,3,3,On-Time,0,Enterprise,6881,7500,1.3,Clear,3,2.5743,326.94,0,1,91.75,Kolkata -> Chandigarh
SHIP-10767,2025-09-16,WH-East-Kolkata,Kolkata,Bhopal,Consumer Goods,447,62173.74,663,Road Freight (Truck),772.59,4,4,On-Time,0,E-Commerce Retailer,5698,7500,1.45,Clear,4,1.1653,772.59,0,1,75.97,Kolkata -> Bhopal
SHIP-10768,2025-11-02,WH-North-Delhi,Delhi,Chandigarh,Consumer Goods,26,6313.29,587,Road Freight (Truck),524.53,5,7,Delayed,2,Individual,8232,10000,1.43,Rainy,7,0.8936,524.53,1,0,82.32,Delhi -> Chandigarh
SHIP-10769,2025-09-25,WH-West-Mumbai,Mumbai,Kochi,Automotive Parts,28,5183.85,439,Express Courier,721.38,2,6,Delayed,4,E-Commerce Retailer,5555,12000,1.27,Clear,6,1.6432,721.38,1,0,46.29,Mumbai -> Kochi
SHIP-10770,2025-02-23,WH-West-Mumbai,Mumbai,Chandigarh,Electronics,228,14781.36,1537,Air Cargo,2841.93,5,6,Delayed,1,SMB,9970,12000,1.28,Clear,6,1.849,2841.93,1,0,83.08,Mumbai -> Chandigarh
SHIP-10771,2025-08-24,WH-West-Mumbai,Mumbai,Kochi,Consumer Goods,335,13298.8,388,Road Freight (Truck),497.16,4,4,On-Time,0,E-Commerce Retailer,7091,12000,1.31,Foggy,4,1.2813,497.16,0,1,59.09,Mumbai -> Kochi
SHIP-10772,2025-08-10,WH-North-Delhi,Delhi,Chandigarh,Consumer Goods,129,22803.89,1334,Rail Freight,834.13,8,8,On-Time,0,E-Commerce Retailer,5095,10000,1.42,Clear,8,0.6253,834.13,0,1,50.95,Delhi -> Chandigarh
SHIP-10773,2025-09-08,WH-Central-Nagpur,Nagpur,Lucknow,Consumer Goods,110,5746.0,2004,Express Courier,3001.83,7,7,On-Time,0,Enterprise,3019,6000,1.54,Clear,7,1.4979,3001.83,0,1,50.32,Nagpur -> Lucknow
SHIP-10774,2025-11-09,WH-South-Bengaluru,Bengaluru,Indore,Consumer Goods,43,8604.47,1818,Express Courier,2704.05,7,7,On-Time,0,SMB,6541,8500,1.66,Clear,7,1.4874,2704.05,0,1,76.95,Bengaluru -> Indore
SHIP-10775,2025-04-22,WH-West-Mumbai,Mumbai,Coimbatore,Electronics,93,8192.71,180,Road Freight (Truck),232.85,3,6,Delayed,3,E-Commerce Retailer,11026,12000,1.32,Stormy,6,1.2936,232.85,1,0,91.88,Mumbai -> Coimbatore
SHIP-10776,2025-09-12,WH-West-Mumbai,Mumbai,Coimbatore,Consumer Goods,418,38380.73,1581,Road Freight (Truck),1464.61,9,9,On-Time,0,Enterprise,9157,12000,1.26,Clear,9,0.9264,1464.61,0,1,76.31,Mumbai -> Coimbatore
SHIP-10777,2025-10-30,WH-West-Mumbai,Mumbai,Kanpur,Electronics,205,3595.21,1407,Air Cargo,2647.07,5,8,Delayed,3,Enterprise,6879,12000,1.38,Foggy,8,1.8814,2647.07,1,0,57.32,Mumbai -> Kanpur
SHIP-10778,2025-07-26,WH-South-Bengaluru,Bengaluru,Jaipur,Industrial Equipment,339,60931.06,916,Express Courier,1565.1,4,4,On-Time,0,E-Commerce Retailer,4637,8500,1.69,Clear,4,1.7086,1565.1,0,1,54.55,Bengaluru -> Jaipur
SHIP-10779,2025-08-17,WH-South-Bengaluru,Bengaluru,Jaipur,Consumer Goods,211,8781.48,1238,Road Freight (Truck),1078.99,6,6,On-Time,0,E-Commerce Retailer,5926,8500,1.16,Severe Heat,6,0.8716,1078.99,0,1,69.72,Bengaluru -> Jaipur
SHIP-10780,2025-12-07,WH-Central-Nagpur,Nagpur,Kanpur,Consumer Goods,353,69409.31,672,Road Freight (Truck),725.84,5,9,Delayed,4,Enterprise,2883,6000,1.56,Foggy,9,1.0801,725.84,1,0,48.05,Nagpur -> Kanpur
SHIP-10781,2025-03-07,WH-West-Mumbai,Mumbai,Patna,Automotive Parts,350,45706.13,1045,Road Freight (Truck),1039.16,7,8,Delayed,1,SMB,7652,12000,1.44,Rainy,8,0.9944,1039.16,1,0,63.77,Mumbai -> Patna
SHIP-10782,2025-03-16,WH-Central-Nagpur,Nagpur,Coimbatore,Apparel,20,3986.12,1613,Road Freight (Truck),1301.71,8,12,Delayed,4,Enterprise,4578,6000,1.25,Stormy,12,0.807,1301.71,1,0,76.3,Nagpur -> Coimbatore
SHIP-10783,2025-04-13,WH-Central-Nagpur,Nagpur,Patna,Electronics,356,54191.29,780,Road Freight (Truck),810.81,5,5,On-Time,0,E-Commerce Retailer,5428,6000,1.34,Rainy,5,1.0395,810.81,0,1,90.47,Nagpur -> Patna
SHIP-10784,2025-07-11,WH-North-Delhi,Delhi,Kochi,Perishables,409,14058.07,835,Road Freight (Truck),881.09,6,6,On-Time,0,Enterprise,6500,10000,1.28,Foggy,6,1.0552,881.09,0,1,65.0,Delhi -> Kochi
SHIP-10785,2025-09-09,WH-Central-Nagpur,Nagpur,Kochi,Electronics,227,44248.72,898,Road Freight (Truck),844.92,5,6,Delayed,1,Enterprise,3264,6000,1.68,Clear,6,0.9409,844.92,1,0,54.4,Nagpur -> Kochi
SHIP-10786,2025-08-14,WH-North-Delhi,Delhi,Surat,Electronics,262,8227.55,1657,Rail Freight,1042.0,11,12,Delayed,1,E-Commerce Retailer,8341,10000,1.44,Clear,12,0.6288,1042.0,1,0,83.41,Delhi -> Surat
SHIP-10787,2025-10-21,WH-East-Kolkata,Kolkata,Chandigarh,Industrial Equipment,231,29451.32,1833,Rail Freight,1131.65,12,13,Delayed,1,SMB,5998,7500,1.49,Rainy,13,0.6174,1131.65,1,0,79.97,Kolkata -> Chandigarh
SHIP-10788,2025-11-02,WH-West-Mumbai,Mumbai,Jaipur,Apparel,392,21756.81,2080,Rail Freight,1336.17,13,13,On-Time,0,E-Commerce Retailer,10248,12000,1.51,Clear,13,0.6424,1336.17,0,1,85.4,Mumbai -> Jaipur
SHIP-10789,2025-04-08,WH-Central-Nagpur,Nagpur,Surat,Consumer Goods,378,72499.93,313,Road Freight (Truck),480.22,4,4,On-Time,0,SMB,3305,6000,1.53,Clear,4,1.5342,480.22,0,1,55.08,Nagpur -> Surat
SHIP-10790,2025-12-04,WH-Central-Nagpur,Nagpur,Indore,Electronics,89,20400.93,601,Road Freight (Truck),564.71,4,4,On-Time,0,Enterprise,3841,6000,1.45,Clear,4,0.9396,564.71,0,1,64.02,Nagpur -> Indore
SHIP-10791,2025-10-13,WH-East-Kolkata,Kolkata,Kanpur,Apparel,16,2323.51,2042,Rail Freight,1140.64,12,12,On-Time,0,SMB,6834,7500,1.16,Clear,12,0.5586,1140.64,0,1,91.12,Kolkata -> Kanpur
SHIP-10792,2025-12-01,WH-East-Kolkata,Kolkata,Kanpur,Consumer Goods,281,39025.17,1479,Road Freight (Truck),1316.22,7,8,Delayed,1,Enterprise,3932,7500,1.35,Rainy,8,0.8899,1316.22,1,0,52.43,Kolkata -> Kanpur
SHIP-10793,2025-12-13,WH-West-Mumbai,Mumbai,Kochi,Automotive Parts,236,45909.4,1578,Rail Freight,984.15,10,14,Delayed,4,SMB,9186,12000,1.26,Clear,14,0.6237,984.15,1,0,76.55,Mumbai -> Kochi
SHIP-10794,2025-11-04,WH-North-Delhi,Delhi,Coimbatore,Electronics,25,404.84,1339,Air Cargo,2431.06,4,5,Delayed,1,Enterprise,5614,10000,1.56,Severe Heat,5,1.8156,2431.06,1,0,56.14,Delhi -> Coimbatore
SHIP-10795,2025-09-06,WH-West-Mumbai,Mumbai,Patna,Automotive Parts,433,99881.53,974,Road Freight (Truck),969.88,6,6,On-Time,0,E-Commerce Retailer,8220,12000,1.18,Stormy,6,0.9958,969.88,0,1,68.5,Mumbai -> Patna
SHIP-10796,2025-06-15,WH-North-Delhi,Delhi,Jaipur,Apparel,21,1289.41,1392,Road Freight (Truck),1149.27,8,8,On-Time,0,Individual,8262,10000,1.49,Stormy,8,0.8256,1149.27,0,1,82.62,Delhi -> Jaipur
SHIP-10797,2025-12-01,WH-South-Bengaluru,Bengaluru,Surat,Automotive Parts,300,73880.38,617,Road Freight (Truck),690.67,4,4,On-Time,0,Individual,5776,8500,1.28,Clear,4,1.1194,690.67,0,1,67.95,Bengaluru -> Surat
SHIP-10798,2025-01-30,WH-West-Mumbai,Mumbai,Patna,Industrial Equipment,250,47004.92,331,Road Freight (Truck),431.86,4,4,On-Time,0,SMB,9942,12000,1.72,Clear,4,1.3047,431.86,0,1,82.85,Mumbai -> Patna
SHIP-10799,2025-09-04,WH-Central-Nagpur,Nagpur,Surat,Apparel,30,5908.47,784,Road Freight (Truck),657.54,6,6,On-Time,0,Enterprise,3902,6000,1.35,Severe Heat,6,0.8387,657.54,0,1,65.03,Nagpur -> Surat
SHIP-10800,2025-04-16,WH-South-Bengaluru,Bengaluru,Chandigarh,Consumer Goods,187,31641.84,789,Road Freight (Truck),741.7,6,9,Delayed,3,SMB,7817,8500,1.35,Stormy,9,0.9401,741.7,1,0,91.96,Bengaluru -> Chandigarh
SHIP-10801,2025-02-20,WH-East-Kolkata,Kolkata,Indore,Electronics,436,54866.61,1609,Rail Freight,1116.74,10,12,Delayed,2,E-Commerce Retailer,4911,7500,1.7,Foggy,12,0.6941,1116.74,1,0,65.48,Kolkata -> Indore
SHIP-10802,2025-03-22,WH-North-Delhi,Delhi,Indore,Electronics,237,35391.8,2017,Road Freight (Truck),1700.99,11,11,On-Time,0,Enterprise,5202,10000,1.4,Clear,11,0.8433,1700.99,0,1,52.02,Delhi -> Indore
SHIP-10803,2025-05-13,WH-Central-Nagpur,Nagpur,Patna,Automotive Parts,282,7305.12,1794,Express Courier,2782.97,5,5,On-Time,0,Individual,3833,6000,1.73,Rainy,5,1.5513,2782.97,0,1,63.88,Nagpur -> Patna
SHIP-10804,2025-10-12,WH-Central-Nagpur,Nagpur,Patna,Automotive Parts,297,48004.25,340,Road Freight (Truck),451.41,4,4,On-Time,0,Enterprise,4794,6000,1.16,Foggy,4,1.3277,451.41,0,1,79.9,Nagpur -> Patna
SHIP-10805,2025-05-18,WH-West-Mumbai,Mumbai,Patna,Consumer Goods,306,49612.71,392,Road Freight (Truck),503.68,3,3,On-Time,0,Individual,10182,12000,1.33,Clear,3,1.2849,503.68,0,1,84.85,Mumbai -> Patna
SHIP-10806,2025-07-03,WH-South-Bengaluru,Bengaluru,Surat,Electronics,143,32093.8,1297,Road Freight (Truck),1129.84,8,10,Delayed,2,E-Commerce Retailer,5663,8500,1.55,Rainy,10,0.8711,1129.84,1,0,66.62,Bengaluru -> Surat
SHIP-10807,2025-11-26,WH-East-Kolkata,Kolkata,Chandigarh,Consumer Goods,292,39078.14,1392,Road Freight (Truck),1263.69,7,9,Delayed,2,E-Commerce Retailer,5470,7500,1.68,Foggy,9,0.9078,1263.69,1,0,72.93,Kolkata -> Chandigarh
SHIP-10808,2025-09-30,WH-North-Delhi,Delhi,Lucknow,Apparel,413,13682.25,398,Express Courier,819.78,2,2,On-Time,0,Enterprise,8470,10000,1.3,Rainy,2,2.0597,819.78,0,1,84.7,Delhi -> Lucknow
SHIP-10809,2025-12-06,WH-South-Bengaluru,Bengaluru,Patna,Consumer Goods,162,14086.88,1583,Road Freight (Truck),1327.0,9,8,Early,0,Enterprise,7075,8500,1.71,Clear,8,0.8383,1327.0,0,1,83.24,Bengaluru -> Patna
SHIP-10810,2025-03-10,WH-West-Mumbai,Mumbai,Coimbatore,Industrial Equipment,75,12680.47,2091,Rail Freight,1207.96,13,15,Delayed,2,SMB,9109,12000,1.51,Rainy,15,0.5777,1207.96,1,0,75.91,Mumbai -> Coimbatore
SHIP-10811,2025-02-03,WH-North-Delhi,Delhi,Jaipur,Perishables,146,10398.97,935,Road Freight (Truck),857.14,6,7,Delayed,1,Enterprise,8330,10000,1.63,Severe Heat,7,0.9167,857.14,1,0,83.3,Delhi -> Jaipur
SHIP-10812,2025-09-19,WH-West-Mumbai,Mumbai,Jaipur,Electronics,101,8173.33,395,Express Courier,705.57,3,4,Delayed,1,Enterprise,8648,12000,1.39,Rainy,4,1.7863,705.57,1,0,72.07,Mumbai -> Jaipur
SHIP-10813,2025-02-22,WH-North-Delhi,Delhi,Surat,Consumer Goods,446,92683.36,1124,Road Freight (Truck),1127.41,6,6,On-Time,0,SMB,4521,10000,1.28,Foggy,6,1.003,1127.41,0,1,45.21,Delhi -> Surat
SHIP-10814,2025-07-24,WH-North-Delhi,Delhi,Patna,Consumer Goods,326,49654.73,633,Road Freight (Truck),706.18,5,5,On-Time,0,SMB,4693,10000,1.7,Rainy,5,1.1156,706.18,0,1,46.93,Delhi -> Patna
SHIP-10815,2025-05-06,WH-North-Delhi,Delhi,Kochi,Consumer Goods,431,57971.2,1231,Rail Freight,891.63,8,9,Delayed,1,SMB,9105,10000,1.71,Rainy,9,0.7243,891.63,1,0,91.05,Delhi -> Kochi
SHIP-10816,2025-08-23,WH-Central-Nagpur,Nagpur,Kanpur,Electronics,268,24076.1,1942,Road Freight (Truck),1642.76,10,11,Delayed,1,SMB,3108,6000,1.45,Rainy,11,0.8459,1642.76,1,0,51.8,Nagpur -> Kanpur
SHIP-10817,2025-02-12,WH-South-Bengaluru,Bengaluru,Lucknow,Electronics,112,20918.03,1042,Air Cargo,1960.3,3,3,On-Time,0,Enterprise,5441,8500,1.15,Clear,3,1.8813,1960.3,0,1,64.01,Bengaluru -> Lucknow
SHIP-10818,2025-08-28,WH-Central-Nagpur,Nagpur,Coimbatore,Automotive Parts,64,5287.29,761,Road Freight (Truck),678.28,5,4,Early,0,Individual,5333,6000,1.22,Clear,4,0.8913,678.28,0,1,88.88,Nagpur -> Coimbatore
SHIP-10819,2025-04-21,WH-West-Mumbai,Mumbai,Chandigarh,Consumer Goods,266,50063.84,624,Road Freight (Truck),688.07,4,4,On-Time,0,Enterprise,6500,12000,1.49,Clear,4,1.1027,688.07,0,1,54.17,Mumbai -> Chandigarh
SHIP-10820,2025-09-06,WH-West-Mumbai,Mumbai,Kochi,Consumer Goods,110,3462.12,709,Road Freight (Truck),662.91,5,5,On-Time,0,SMB,10158,12000,1.16,Clear,5,0.935,662.91,0,1,84.65,Mumbai -> Kochi
SHIP-10821,2025-05-31,WH-South-Bengaluru,Bengaluru,Indore,Automotive Parts,207,45160.61,891,Road Freight (Truck),833.39,6,6,On-Time,0,SMB,7093,8500,1.39,Clear,6,0.9353,833.39,0,1,83.45,Bengaluru -> Indore
SHIP-10822,2025-07-02,WH-West-Mumbai,Mumbai,Kochi,Industrial Equipment,310,41043.42,1384,Rail Freight,891.23,8,7,Early,0,E-Commerce Retailer,10962,12000,1.33,Clear,7,0.644,891.23,0,1,91.35,Mumbai -> Kochi
SHIP-10823,2025-12-02,WH-North-Delhi,Delhi,Surat,Electronics,235,27741.61,1796,Air Cargo,3351.08,4,4,On-Time,0,Enterprise,5823,10000,1.58,Stormy,4,1.8659,3351.08,0,1,58.23,Delhi -> Surat
SHIP-10824,2025-04-05,WH-South-Bengaluru,Bengaluru,Lucknow,Apparel,440,69779.82,859,Road Freight (Truck),896.9,5,5,On-Time,0,SMB,5084,8500,1.18,Clear,5,1.0441,896.9,0,1,59.81,Bengaluru -> Lucknow
SHIP-10825,2025-01-08,WH-North-Delhi,Delhi,Bhopal,Consumer Goods,246,39774.54,794,Road Freight (Truck),781.78,5,6,Delayed,1,SMB,8743,10000,1.44,Clear,6,0.9846,781.78,1,0,87.43,Delhi -> Bhopal
SHIP-10826,2025-12-26,WH-South-Bengaluru,Bengaluru,Bhopal,Industrial Equipment,35,1610.99,1379,Rail Freight,811.51,8,9,Delayed,1,Enterprise,4760,8500,1.5,Clear,9,0.5885,811.51,1,0,56.0,Bengaluru -> Bhopal
SHIP-10827,2025-07-03,WH-South-Bengaluru,Bengaluru,Patna,Industrial Equipment,130,25052.94,1133,Road Freight (Truck),983.32,7,9,Delayed,2,SMB,6013,8500,1.52,Rainy,9,0.8679,983.32,1,0,70.74,Bengaluru -> Patna
SHIP-10828,2025-10-08,WH-North-Delhi,Delhi,Patna,Apparel,407,32496.16,247,Road Freight (Truck),427.14,2,1,Early,0,Individual,7824,10000,1.39,Clear,1,1.7293,427.14,0,1,78.24,Delhi -> Patna
SHIP-10829,2025-07-14,WH-North-Delhi,Delhi,Surat,Consumer Goods,191,43484.21,622,Road Freight (Truck),620.61,5,5,On-Time,0,Individual,5777,10000,1.33,Clear,5,0.9978,620.61,0,1,57.77,Delhi -> Surat
SHIP-10830,2025-12-18,WH-East-Kolkata,Kolkata,Chandigarh,Industrial Equipment,208,43096.54,1343,Rail Freight,835.87,9,9,On-Time,0,Enterprise,6682,7500,1.56,Clear,9,0.6224,835.87,0,1,89.09,Kolkata -> Chandigarh
SHIP-10831,2025-07-14,WH-West-Mumbai,Mumbai,Patna,Electronics,311,29971.85,1021,Air Cargo,1999.5,4,6,Delayed,2,Enterprise,9154,12000,1.66,Foggy,6,1.9584,1999.5,1,0,76.28,Mumbai -> Patna
SHIP-10832,2025-06-04,WH-North-Delhi,Delhi,Kanpur,Electronics,264,54072.15,662,Road Freight (Truck),681.15,4,6,Delayed,2,Enterprise,4721,10000,1.57,Severe Heat,6,1.0289,681.15,1,0,47.21,Delhi -> Kanpur
SHIP-10833,2025-04-03,WH-Central-Nagpur,Nagpur,Lucknow,Consumer Goods,131,12936.48,1645,Express Courier,2504.06,5,4,Early,0,SMB,3082,6000,1.71,Severe Heat,4,1.5222,2504.06,0,1,51.37,Nagpur -> Lucknow
SHIP-10834,2025-06-09,WH-North-Delhi,Delhi,Surat,Electronics,40,1548.91,1793,Air Cargo,3234.77,4,4,On-Time,0,Enterprise,5396,10000,1.58,Clear,4,1.8041,3234.77,0,1,53.96,Delhi -> Surat
SHIP-10835,2025-03-02,WH-South-Bengaluru,Bengaluru,Jaipur,Electronics,324,78098.17,611,Road Freight (Truck),678.77,4,4,On-Time,0,Enterprise,4803,8500,1.61,Rainy,4,1.1109,678.77,0,1,56.51,Bengaluru -> Jaipur
SHIP-10836,2025-05-02,WH-Central-Nagpur,Nagpur,Indore,Automotive Parts,294,49498.27,1164,Express Courier,1865.54,5,6,Delayed,1,Individual,4760,6000,1.25,Rainy,6,1.6027,1865.54,1,0,79.33,Nagpur -> Indore
SHIP-10837,2025-02-20,WH-North-Delhi,Delhi,Surat,Perishables,115,14051.09,1377,Rail Freight,868.71,9,8,Early,0,Individual,4917,10000,1.4,Clear,8,0.6309,868.71,0,1,49.17,Delhi -> Surat
SHIP-10838,2025-10-04,WH-North-Delhi,Delhi,Surat,Consumer Goods,233,25275.08,833,Express Courier,1386.31,4,4,On-Time,0,Enterprise,6147,10000,1.44,Clear,4,1.6642,1386.31,0,1,61.47,Delhi -> Surat
SHIP-10839,2025-01-05,WH-North-Delhi,Delhi,Bhopal,Consumer Goods,282,25748.22,910,Express Courier,1500.99,4,4,On-Time,0,Enterprise,8783,10000,1.3,Clear,4,1.6494,1500.99,0,1,87.83,Delhi -> Bhopal
SHIP-10840,2025-04-02,WH-West-Mumbai,Mumbai,Coimbatore,Consumer Goods,407,99975.56,1786,Rail Freight,1190.06,10,12,Delayed,2,SMB,8539,12000,1.47,Foggy,12,0.6663,1190.06,1,0,71.16,Mumbai -> Coimbatore
SHIP-10841,2025-06-19,WH-North-Delhi,Delhi,Chandigarh,Consumer Goods,241,11246.41,535,Road Freight (Truck),595.06,4,3,Early,0,Enterprise,5747,10000,1.32,Clear,3,1.1123,595.06,0,1,57.47,Delhi -> Chandigarh
SHIP-10842,2025-11-13,WH-South-Bengaluru,Bengaluru,Coimbatore,Electronics,429,38172.07,267,Road Freight (Truck),474.89,3,3,On-Time,0,SMB,7648,8500,1.56,Clear,3,1.7786,474.89,0,1,89.98,Bengaluru -> Coimbatore
SHIP-10843,2025-01-22,WH-North-Delhi,Delhi,Kanpur,Perishables,265,34209.37,1089,Road Freight (Truck),1001.43,6,8,Delayed,2,SMB,5648,10000,1.43,Clear,8,0.9196,1001.43,1,0,56.48,Delhi -> Kanpur
SHIP-10844,2025-11-22,WH-South-Bengaluru,Bengaluru,Jaipur,Electronics,33,4201.89,148,Road Freight (Truck),195.32,2,3,Delayed,1,E-Commerce Retailer,7440,8500,1.43,Rainy,3,1.3197,195.32,1,0,87.53,Bengaluru -> Jaipur
SHIP-10845,2025-01-01,WH-Central-Nagpur,Nagpur,Bhopal,Consumer Goods,118,14840.99,1504,Rail Freight,901.44,10,10,On-Time,0,E-Commerce Retailer,4746,6000,1.74,Foggy,10,0.5994,901.44,0,1,79.1,Nagpur -> Bhopal
SHIP-10846,2025-05-13,WH-East-Kolkata,Kolkata,Jaipur,Electronics,200,11261.84,427,Road Freight (Truck),478.23,4,4,On-Time,0,SMB,5985,7500,1.39,Rainy,4,1.12,478.23,0,1,79.8,Kolkata -> Jaipur
SHIP-10847,2025-08-21,WH-South-Bengaluru,Bengaluru,Kanpur,Automotive Parts,356,17465.06,2026,Rail Freight,1279.29,12,12,On-Time,0,E-Commerce Retailer,6880,8500,1.37,Rainy,12,0.6314,1279.29,0,1,80.94,Bengaluru -> Kanpur
SHIP-10848,2025-01-12,WH-West-Mumbai,Mumbai,Coimbatore,Industrial Equipment,34,2545.59,2085,Road Freight (Truck),1682.59,11,10,Early,0,Enterprise,8257,12000,1.34,Clear,10,0.807,1682.59,0,1,68.81,Mumbai -> Coimbatore
SHIP-10849,2025-12-12,WH-South-Bengaluru,Bengaluru,Surat,Perishables,196,45063.07,281,Road Freight (Truck),369.0,4,5,Delayed,1,SMB,7079,8500,1.69,Clear,5,1.3132,369.0,1,0,83.28,Bengaluru -> Surat
SHIP-10850,2025-02-15,WH-South-Bengaluru,Bengaluru,Patna,Industrial Equipment,297,12345.53,988,Road Freight (Truck),942.17,6,6,On-Time,0,SMB,7165,8500,1.45,Clear,6,0.9536,942.17,0,1,84.29,Bengaluru -> Patna
SHIP-10851,2025-02-03,WH-West-Mumbai,Mumbai,Patna,Consumer Goods,125,24124.36,971,Road Freight (Truck),856.31,6,7,Delayed,1,Enterprise,7433,12000,1.51,Severe Heat,7,0.8819,856.31,1,0,61.94,Mumbai -> Patna
SHIP-10852,2025-03-19,WH-North-Delhi,Delhi,Kochi,Electronics,347,66979.28,180,Road Freight (Truck),347.91,2,3,Delayed,1,Enterprise,6381,10000,1.26,Severe Heat,3,1.9328,347.91,1,0,63.81,Delhi -> Kochi
SHIP-10853,2025-08-06,WH-Central-Nagpur,Nagpur,Indore,Apparel,375,76986.02,244,Road Freight (Truck),420.87,3,4,Delayed,1,Enterprise,5206,6000,1.47,Rainy,4,1.7249,420.87,1,0,86.77,Nagpur -> Indore
SHIP-10854,2025-10-28,WH-West-Mumbai,Mumbai,Chandigarh,Consumer Goods,411,91798.76,1599,Rail Freight,1087.22,9,9,On-Time,0,Individual,8359,12000,1.31,Clear,9,0.6799,1087.22,0,1,69.66,Mumbai -> Chandigarh
SHIP-10855,2025-03-14,WH-North-Delhi,Delhi,Kanpur,Apparel,46,3533.42,1214,Road Freight (Truck),1007.21,6,6,On-Time,0,Enterprise,8574,10000,1.59,Clear,6,0.8297,1007.21,0,1,85.74,Delhi -> Kanpur
SHIP-10856,2025-10-09,WH-West-Mumbai,Mumbai,Indore,Electronics,291,19721.5,957,Road Freight (Truck),937.74,6,6,On-Time,0,Enterprise,8934,12000,1.65,Clear,6,0.9799,937.74,0,1,74.45,Mumbai -> Indore
SHIP-10857,2025-09-06,WH-West-Mumbai,Mumbai,Chandigarh,Electronics,146,18161.5,2050,Rail Freight,1208.91,12,11,Early,0,SMB,8747,12000,1.58,Foggy,11,0.5897,1208.91,0,1,72.89,Mumbai -> Chandigarh
SHIP-10858,2025-02-16,WH-East-Kolkata,Kolkata,Indore,Apparel,236,18241.85,2019,Express Courier,3097.52,7,8,Delayed,1,E-Commerce Retailer,3484,7500,1.59,Rainy,8,1.5342,3097.52,1,0,46.45,Kolkata -> Indore
SHIP-10859,2025-05-01,WH-East-Kolkata,Kolkata,Coimbatore,Apparel,329,61708.18,585,Road Freight (Truck),660.59,4,8,Delayed,4,Enterprise,4354,7500,1.46,Stormy,8,1.1292,660.59,1,0,58.05,Kolkata -> Coimbatore
SHIP-10860,2025-08-02,WH-East-Kolkata,Kolkata,Chandigarh,Industrial Equipment,337,55418.23,362,Road Freight (Truck),514.55,3,4,Delayed,1,Individual,5144,7500,1.58,Rainy,4,1.4214,514.55,1,0,68.59,Kolkata -> Chandigarh
SHIP-10861,2025-08-27,WH-North-Delhi,Delhi,Coimbatore,Electronics,413,91116.93,1633,Rail Freight,1109.55,11,11,On-Time,0,E-Commerce Retailer,7260,10000,1.4,Clear,11,0.6795,1109.55,0,1,72.6,Delhi -> Coimbatore
SHIP-10862,2025-02-25,WH-West-Mumbai,Mumbai,Surat,Apparel,191,6578.71,1904,Rail Freight,1154.79,12,13,Delayed,1,SMB,8955,12000,1.54,Clear,13,0.6065,1154.79,1,0,74.62,Mumbai -> Surat
SHIP-10863,2025-12-16,WH-West-Mumbai,Mumbai,Bhopal,Electronics,371,85346.54,1364,Air Cargo,2625.18,4,4,On-Time,0,E-Commerce Retailer,9439,12000,1.31,Clear,4,1.9246,2625.18,0,1,78.66,Mumbai -> Bhopal
SHIP-10864,2025-04-17,WH-North-Delhi,Delhi,Coimbatore,Electronics,95,7974.01,592,Road Freight (Truck),558.44,5,6,Delayed,1,Enterprise,7584,10000,1.19,Rainy,6,0.9433,558.44,1,0,75.84,Delhi -> Coimbatore
SHIP-10865,2025-11-15,WH-West-Mumbai,Mumbai,Patna,Consumer Goods,423,55122.47,1078,Road Freight (Truck),1083.91,6,6,On-Time,0,Enterprise,10185,12000,1.4,Clear,6,1.0055,1083.91,0,1,84.88,Mumbai -> Patna
SHIP-10866,2025-02-17,WH-East-Kolkata,Kolkata,Indore,Electronics,62,7320.57,652,Road Freight (Truck),584.51,5,6,Delayed,1,E-Commerce Retailer,4416,7500,1.43,Rainy,6,0.8965,584.51,1,0,58.88,Kolkata -> Indore
SHIP-10867,2025-03-02,WH-North-Delhi,Delhi,Kochi,Electronics,357,69141.35,613,Express Courier,1126.78,3,4,Delayed,1,Enterprise,7515,10000,1.3,Rainy,4,1.8381,1126.78,1,0,75.15,Delhi -> Kochi
SHIP-10868,2025-12-03,WH-South-Bengaluru,Bengaluru,Lucknow,Consumer Goods,364,41415.31,1018,Road Freight (Truck),1052.48,6,5,Early,0,Enterprise,4029,8500,1.59,Clear,5,1.0339,1052.48,0,1,47.4,Bengaluru -> Lucknow
SHIP-10869,2025-01-26,WH-North-Delhi,Delhi,Chandigarh,Consumer Goods,244,57763.34,201,Road Freight (Truck),314.35,2,2,On-Time,0,SMB,6756,10000,1.19,Clear,2,1.5639,314.35,0,1,67.56,Delhi -> Chandigarh
SHIP-10870,2025-10-19,WH-North-Delhi,Delhi,Kanpur,Electronics,276,62678.35,975,Road Freight (Truck),922.95,5,5,On-Time,0,Enterprise,5759,10000,1.28,Clear,5,0.9466,922.95,0,1,57.59,Delhi -> Kanpur
SHIP-10871,2025-09-14,WH-North-Delhi,Delhi,Kochi,Electronics,296,65107.53,998,Road Freight (Truck),961.0,5,6,Delayed,1,Individual,6290,10000,1.6,Rainy,6,0.9629,961.0,1,0,62.9,Delhi -> Kochi
SHIP-10872,2025-01-08,WH-Central-Nagpur,Nagpur,Patna,Electronics,442,14031.6,1665,Air Cargo,3179.01,5,4,Early,0,Enterprise,3700,6000,1.41,Clear,4,1.9093,3179.01,0,1,61.67,Nagpur -> Patna
SHIP-10873,2025-04-23,WH-East-Kolkata,Kolkata,Coimbatore,Electronics,109,23516.82,1042,Air Cargo,1944.78,3,3,On-Time,0,E-Commerce Retailer,3588,7500,1.57,Clear,3,1.8664,1944.78,0,1,47.84,Kolkata -> Coimbatore
SHIP-10874,2025-12-21,WH-Central-Nagpur,Nagpur,Bhopal,Apparel,96,19073.7,131,Road Freight (Truck),227.77,3,5,Delayed,2,SMB,4015,6000,1.49,Foggy,5,1.7387,227.77,1,0,66.92,Nagpur -> Bhopal
SHIP-10875,2025-09-10,WH-West-Mumbai,Mumbai,Surat,Consumer Goods,412,16202.12,1406,Rail Freight,995.49,10,10,On-Time,0,E-Commerce Retailer,11009,12000,1.72,Rainy,10,0.708,995.49,0,1,91.74,Mumbai -> Surat
SHIP-10876,2025-06-29,WH-North-Delhi,Delhi,Lucknow,Consumer Goods,405,16298.16,1800,Rail Freight,1219.89,10,12,Delayed,2,Enterprise,5904,10000,1.51,Clear,12,0.6777,1219.89,1,0,59.04,Delhi -> Lucknow
SHIP-10877,2025-07-26,WH-South-Bengaluru,Bengaluru,Jaipur,Consumer Goods,24,930.56,568,Road Freight (Truck),498.75,4,6,Delayed,2,SMB,6765,8500,1.16,Rainy,6,0.8781,498.75,1,0,79.59,Bengaluru -> Jaipur
SHIP-10878,2025-10-30,WH-West-Mumbai,Mumbai,Kochi,Apparel,424,7489.18,1335,Rail Freight,958.85,9,11,Delayed,2,E-Commerce Retailer,8489,12000,1.36,Foggy,11,0.7182,958.85,1,0,70.74,Mumbai -> Kochi
SHIP-10879,2025-05-07,WH-East-Kolkata,Kolkata,Bhopal,Automotive Parts,436,62753.07,881,Road Freight (Truck),915.6,5,6,Delayed,1,SMB,4521,7500,1.24,Rainy,6,1.0393,915.6,1,0,60.28,Kolkata -> Bhopal
SHIP-10880,2025-02-25,WH-North-Delhi,Delhi,Jaipur,Industrial Equipment,110,26812.24,1257,Express Courier,1937.43,4,4,On-Time,0,SMB,4921,10000,1.7,Clear,4,1.5413,1937.43,0,1,49.21,Delhi -> Jaipur
SHIP-10881,2025-08-02,WH-West-Mumbai,Mumbai,Lucknow,Industrial Equipment,174,20547.82,145,Road Freight (Truck),252.17,3,3,On-Time,0,SMB,6617,12000,1.21,Clear,3,1.7391,252.17,0,1,55.14,Mumbai -> Lucknow
SHIP-10882,2025-01-14,WH-North-Delhi,Delhi,Kanpur,Consumer Goods,38,5398.96,1926,Road Freight (Truck),1517.6,10,14,Delayed,4,E-Commerce Retailer,8174,10000,1.38,Foggy,14,0.788,1517.6,1,0,81.74,Delhi -> Kanpur
SHIP-10883,2025-01-28,WH-West-Mumbai,Mumbai,Kanpur,Apparel,123,29824.17,1642,Rail Freight,961.97,11,12,Delayed,1,SMB,6973,12000,1.29,Clear,12,0.5859,961.97,1,0,58.11,Mumbai -> Kanpur
SHIP-10884,2025-03-19,WH-East-Kolkata,Kolkata,Indore,Apparel,116,8696.27,627,Road Freight (Truck),616.36,5,6,Delayed,1,Individual,3883,7500,1.66,Rainy,6,0.983,616.36,1,0,51.77,Kolkata -> Indore
SHIP-10885,2025-08-04,WH-West-Mumbai,Mumbai,Lucknow,Electronics,419,90814.27,1688,Air Cargo,3235.07,5,8,Delayed,3,Enterprise,7268,12000,1.34,Stormy,8,1.9165,3235.07,1,0,60.57,Mumbai -> Lucknow
SHIP-10886,2025-06-03,WH-West-Mumbai,Mumbai,Lucknow,Electronics,373,53488.86,181,Road Freight (Truck),367.93,3,6,Delayed,3,SMB,8694,12000,1.75,Stormy,6,2.0328,367.93,1,0,72.45,Mumbai -> Lucknow
SHIP-10887,2025-01-14,WH-West-Mumbai,Mumbai,Jaipur,Consumer Goods,139,20686.95,348,Road Freight (Truck),382.57,3,5,Delayed,2,E-Commerce Retailer,9367,12000,1.17,Clear,5,1.0993,382.57,1,0,78.06,Mumbai -> Jaipur
SHIP-10888,2025-07-06,WH-West-Mumbai,Mumbai,Bhopal,Automotive Parts,93,8895.06,1958,Rail Freight,1087.52,12,14,Delayed,2,E-Commerce Retailer,7584,12000,1.23,Clear,14,0.5554,1087.52,1,0,63.2,Mumbai -> Bhopal
SHIP-10889,2025-11-08,WH-East-Kolkata,Kolkata,Chandigarh,Apparel,280,41152.25,726,Express Courier,1236.19,4,8,Delayed,4,E-Commerce Retailer,5130,7500,1.28,Clear,8,1.7027,1236.19,1,0,68.4,Kolkata -> Chandigarh
SHIP-10890,2025-01-07,WH-Central-Nagpur,Nagpur,Jaipur,Industrial Equipment,253,8143.69,1178,Road Freight (Truck),1105.43,6,6,On-Time,0,Individual,3982,6000,1.64,Foggy,6,0.9384,1105.43,0,1,66.37,Nagpur -> Jaipur
SHIP-10891,2025-01-03,WH-Central-Nagpur,Nagpur,Surat,Consumer Goods,397,77292.42,1848,Road Freight (Truck),1681.48,9,9,On-Time,0,SMB,2725,6000,1.68,Clear,9,0.9099,1681.48,0,1,45.42,Nagpur -> Surat
SHIP-10892,2025-04-21,WH-East-Kolkata,Kolkata,Kanpur,Consumer Goods,223,18264.06,1599,Rail Freight,1012.5,9,9,On-Time,0,Enterprise,4769,7500,1.19,Clear,9,0.6332,1012.5,0,1,63.59,Kolkata -> Kanpur
SHIP-10893,2025-08-26,WH-West-Mumbai,Mumbai,Kanpur,Electronics,315,70430.21,1731,Air Cargo,3257.16,4,4,On-Time,0,Enterprise,8712,12000,1.17,Clear,4,1.8817,3257.16,0,1,72.6,Mumbai -> Kanpur
SHIP-10894,2025-12-29,WH-South-Bengaluru,Bengaluru,Indore,Electronics,175,17752.86,1010,Road Freight (Truck),939.72,6,6,On-Time,0,E-Commerce Retailer,6101,8500,1.6,Clear,6,0.9304,939.72,0,1,71.78,Bengaluru -> Indore
SHIP-10895,2025-08-27,WH-West-Mumbai,Mumbai,Surat,Automotive Parts,288,13986.34,1645,Road Freight (Truck),1440.01,8,8,On-Time,0,E-Commerce Retailer,9628,12000,1.23,Clear,8,0.8754,1440.01,0,1,80.23,Mumbai -> Surat
SHIP-10896,2025-10-01,WH-West-Mumbai,Mumbai,Kanpur,Apparel,68,12140.19,880,Road Freight (Truck),754.62,6,5,Early,0,Enterprise,9180,12000,1.23,Clear,5,0.8575,754.62,0,1,76.5,Mumbai -> Kanpur
SHIP-10897,2025-10-21,WH-East-Kolkata,Kolkata,Jaipur,Consumer Goods,99,5313.91,714,Express Courier,1150.42,3,4,Delayed,1,Enterprise,4350,7500,1.16,Rainy,4,1.6112,1150.42,1,0,58.0,Kolkata -> Jaipur
SHIP-10898,2025-08-15,WH-North-Delhi,Delhi,Surat,Industrial Equipment,380,73003.67,1168,Road Freight (Truck),1124.31,6,8,Delayed,2,Enterprise,5701,10000,1.18,Clear,8,0.9626,1124.31,1,0,57.01,Delhi -> Surat
SHIP-10899,2025-01-15,WH-Central-Nagpur,Nagpur,Jaipur,Electronics,340,82452.17,1712,Air Cargo,3205.04,4,3,Early,0,E-Commerce Retailer,4008,6000,1.31,Clear,3,1.8721,3205.04,0,1,66.8,Nagpur -> Jaipur
SHIP-10900,2025-07-11,WH-West-Mumbai,Mumbai,Chandigarh,Perishables,421,83440.06,1175,Road Freight (Truck),1162.35,6,6,On-Time,0,Enterprise,9533,12000,1.19,Foggy,6,0.9892,1162.35,0,1,79.44,Mumbai -> Chandigarh
SHIP-10901,2025-04-29,WH-South-Bengaluru,Bengaluru,Chandigarh,Consumer Goods,203,4115.94,1974,Rail Freight,1182.48,12,16,Delayed,4,SMB,4199,8500,1.37,Foggy,16,0.599,1182.48,1,0,49.4,Bengaluru -> Chandigarh
SHIP-10902,2025-01-28,WH-South-Bengaluru,Bengaluru,Kanpur,Consumer Goods,132,20588.46,1155,Road Freight (Truck),1004.94,6,6,On-Time,0,SMB,7613,8500,1.65,Clear,6,0.8701,1004.94,0,1,89.56,Bengaluru -> Kanpur
SHIP-10903,2025-07-21,WH-Central-Nagpur,Nagpur,Kanpur,Consumer Goods,145,25871.12,1462,Rail Freight,907.42,9,9,On-Time,0,E-Commerce Retailer,4231,6000,1.35,Clear,9,0.6207,907.42,0,1,70.52,Nagpur -> Kanpur
SHIP-10904,2025-02-08,WH-South-Bengaluru,Bengaluru,Bhopal,Electronics,422,88190.7,1988,Road Freight (Truck),1789.09,10,11,Delayed,1,E-Commerce Retailer,5049,8500,1.59,Rainy,11,0.8999,1789.09,1,0,59.4,Bengaluru -> Bhopal
SHIP-10905,2025-09-30,WH-South-Bengaluru,Bengaluru,Chandigarh,Electronics,148,4167.76,1747,Air Cargo,3189.32,5,5,On-Time,0,SMB,6595,8500,1.21,Clear,5,1.8256,3189.32,0,1,77.59,Bengaluru -> Chandigarh
SHIP-10906,2025-08-19,WH-North-Delhi,Delhi,Kochi,Apparel,238,30422.43,120,Road Freight (Truck),270.19,3,3,On-Time,0,Enterprise,4710,10000,1.55,Clear,3,2.2516,270.19,0,1,47.1,Delhi -> Kochi
SHIP-10907,2025-03-27,WH-South-Bengaluru,Bengaluru,Kochi,Automotive Parts,283,39849.84,1578,Express Courier,2452.94,5,5,On-Time,0,SMB,5760,8500,1.34,Clear,5,1.5545,2452.94,0,1,67.76,Bengaluru -> Kochi
SHIP-10908,2025-05-06,WH-North-Delhi,Delhi,Indore,Industrial Equipment,448,24525.47,1981,Rail Freight,1294.49,12,12,On-Time,0,E-Commerce Retailer,6784,10000,1.6,Clear,12,0.6535,1294.49,0,1,67.84,Delhi -> Indore
SHIP-10909,2025-10-27,WH-East-Kolkata,Kolkata,Chandigarh,Electronics,59,5355.77,1279,Rail Freight,709.79,9,9,On-Time,0,Individual,3945,7500,1.23,Rainy,9,0.555,709.79,0,1,52.6,Kolkata -> Chandigarh
SHIP-10910,2025-01-25,WH-South-Bengaluru,Bengaluru,Jaipur,Apparel,407,48210.01,1339,Road Freight (Truck),1264.73,8,8,On-Time,0,Enterprise,7170,8500,1.69,Stormy,8,0.9445,1264.73,0,1,84.35,Bengaluru -> Jaipur
SHIP-10911,2025-05-25,WH-South-Bengaluru,Bengaluru,Jaipur,Electronics,127,26772.14,252,Express Courier,482.96,2,4,Delayed,2,Enterprise,7008,8500,1.3,Foggy,4,1.9165,482.96,1,0,82.45,Bengaluru -> Jaipur
SHIP-10912,2025-01-13,WH-North-Delhi,Delhi,Patna,Electronics,211,49249.67,205,Road Freight (Truck),275.85,2,2,On-Time,0,Enterprise,5217,10000,1.36,Clear,2,1.3456,275.85,0,1,52.17,Delhi -> Patna
SHIP-10913,2025-07-31,WH-North-Delhi,Delhi,Surat,Apparel,402,65397.1,1619,Rail Freight,1082.4,11,11,On-Time,0,SMB,6209,10000,1.72,Clear,11,0.6686,1082.4,0,1,62.09,Delhi -> Surat
SHIP-10914,2025-01-25,WH-East-Kolkata,Kolkata,Coimbatore,Apparel,404,43556.1,1950,Road Freight (Truck),1745.41,9,10,Delayed,1,E-Commerce Retailer,3729,7500,1.5,Rainy,10,0.8951,1745.41,1,0,49.72,Kolkata -> Coimbatore
SHIP-10915,2025-03-09,WH-North-Delhi,Delhi,Kochi,Electronics,200,14939.46,1934,Air Cargo,3540.61,5,5,On-Time,0,Enterprise,8488,10000,1.37,Clear,5,1.8307,3540.61,0,1,84.88,Delhi -> Kochi
SHIP-10916,2025-03-08,WH-North-Delhi,Delhi,Kanpur,Electronics,373,91684.06,1467,Air Cargo,2827.61,4,4,On-Time,0,SMB,6019,10000,1.72,Clear,4,1.9275,2827.61,0,1,60.19,Delhi -> Kanpur
SHIP-10917,2025-08-21,WH-North-Delhi,Delhi,Indore,Perishables,332,81675.22,1323,Road Freight (Truck),1197.33,7,8,Delayed,1,Enterprise,6564,10000,1.35,Rainy,8,0.905,1197.33,1,0,65.64,Delhi -> Indore
SHIP-10918,2025-04-19,WH-Central-Nagpur,Nagpur,Coimbatore,Electronics,190,44150.22,635,Road Freight (Truck),636.59,4,7,Delayed,3,Enterprise,3613,6000,1.21,Stormy,7,1.0025,636.59,1,0,60.22,Nagpur -> Coimbatore
SHIP-10919,2025-05-26,WH-East-Kolkata,Kolkata,Lucknow,Consumer Goods,432,86241.13,1781,Rail Freight,1196.88,11,11,On-Time,0,SMB,4467,7500,1.75,Clear,11,0.672,1196.88,0,1,59.56,Kolkata -> Lucknow
SHIP-10920,2025-04-21,WH-West-Mumbai,Mumbai,Indore,Apparel,87,7965.56,294,Road Freight (Truck),314.67,4,6,Delayed,2,Enterprise,9614,12000,1.31,Foggy,6,1.0703,314.67,1,0,80.12,Mumbai -> Indore
SHIP-10921,2025-08-16,WH-West-Mumbai,Mumbai,Lucknow,Electronics,449,92940.81,882,Road Freight (Truck),910.8,6,10,Delayed,4,SMB,9616,12000,1.66,Clear,10,1.0327,910.8,1,0,80.13,Mumbai -> Lucknow
SHIP-10922,2025-04-21,WH-West-Mumbai,Mumbai,Chandigarh,Electronics,421,46758.94,1164,Express Courier,1915.95,5,5,On-Time,0,E-Commerce Retailer,8320,12000,1.25,Clear,5,1.646,1915.95,0,1,69.33,Mumbai -> Chandigarh
SHIP-10923,2025-02-03,WH-East-Kolkata,Kolkata,Lucknow,Consumer Goods,84,7710.5,1116,Express Courier,1730.46,4,4,On-Time,0,SMB,5693,7500,1.59,Clear,4,1.5506,1730.46,0,1,75.91,Kolkata -> Lucknow
SHIP-10924,2025-04-21,WH-South-Bengaluru,Bengaluru,Lucknow,Industrial Equipment,304,57773.18,2095,Rail Freight,1320.55,13,15,Delayed,2,Enterprise,5869,8500,1.46,Rainy,15,0.6303,1320.55,1,0,69.05,Bengaluru -> Lucknow
SHIP-10925,2025-09-21,WH-North-Delhi,Delhi,Bhopal,Apparel,290,9778.42,1248,Road Freight (Truck),1156.59,7,9,Delayed,2,Individual,4634,10000,1.74,Foggy,9,0.9268,1156.59,1,0,46.34,Delhi -> Bhopal
SHIP-10926,2025-08-24,WH-North-Delhi,Delhi,Bhopal,Apparel,30,792.37,697,Road Freight (Truck),613.52,4,4,On-Time,0,SMB,4810,10000,1.48,Rainy,4,0.8802,613.52,0,1,48.1,Delhi -> Bhopal
SHIP-10927,2025-03-24,WH-North-Delhi,Delhi,Bhopal,Perishables,403,48468.45,1586,Rail Freight,1056.86,9,9,On-Time,0,E-Commerce Retailer,6303,10000,1.17,Clear,9,0.6664,1056.86,0,1,63.03,Delhi -> Bhopal
SHIP-10928,2025-02-11,WH-South-Bengaluru,Bengaluru,Chandigarh,Industrial Equipment,180,21550.52,1918,Road Freight (Truck),1629.97,9,8,Early,0,Enterprise,6820,8500,1.51,Clear,8,0.8498,1629.97,0,1,80.24,Bengaluru -> Chandigarh
SHIP-10929,2025-04-11,WH-East-Kolkata,Kolkata,Coimbatore,Consumer Goods,24,5411.43,168,Road Freight (Truck),198.27,2,2,On-Time,0,Enterprise,6594,7500,1.24,Rainy,2,1.1802,198.27,0,1,87.92,Kolkata -> Coimbatore
SHIP-10930,2025-01-06,WH-West-Mumbai,Mumbai,Indore,Consumer Goods,220,9822.12,647,Road Freight (Truck),681.18,5,5,On-Time,0,Enterprise,5567,12000,1.63,Clear,5,1.0528,681.18,0,1,46.39,Mumbai -> Indore
SHIP-10931,2025-06-29,WH-North-Delhi,Delhi,Indore,Apparel,57,2506.39,264,Road Freight (Truck),308.11,3,2,Early,0,Enterprise,6229,10000,1.45,Clear,2,1.1671,308.11,0,1,62.29,Delhi -> Indore
SHIP-10932,2025-10-09,WH-North-Delhi,Delhi,Kanpur,Apparel,95,4716.88,1483,Road Freight (Truck),1242.07,7,9,Delayed,2,SMB,5551,10000,1.44,Severe Heat,9,0.8375,1242.07,1,0,55.51,Delhi -> Kanpur
SHIP-10933,2025-11-16,WH-Central-Nagpur,Nagpur,Bhopal,Apparel,158,3474.11,881,Road Freight (Truck),802.06,5,6,Delayed,1,Individual,4998,6000,1.62,Rainy,6,0.9104,802.06,1,0,83.3,Nagpur -> Bhopal
SHIP-10934,2025-08-14,WH-West-Mumbai,Mumbai,Chandigarh,Apparel,197,6275.82,1998,Express Courier,3055.91,6,6,On-Time,0,SMB,10171,12000,1.24,Clear,6,1.5295,3055.91,0,1,84.76,Mumbai -> Chandigarh
SHIP-10935,2025-11-11,WH-East-Kolkata,Kolkata,Kanpur,Electronics,381,64796.45,1497,Road Freight (Truck),1401.91,7,7,On-Time,0,Enterprise,4102,7500,1.45,Clear,7,0.9365,1401.91,0,1,54.69,Kolkata -> Kanpur
SHIP-10936,2025-08-17,WH-South-Bengaluru,Bengaluru,Surat,Consumer Goods,315,36673.03,1218,Road Freight (Truck),1170.19,6,6,On-Time,0,SMB,6664,8500,1.39,Clear,6,0.9607,1170.19,0,1,78.4,Bengaluru -> Surat
SHIP-10937,2025-10-16,WH-West-Mumbai,Mumbai,Kanpur,Consumer Goods,160,31111.48,1945,Road Freight (Truck),1606.91,10,10,On-Time,0,Enterprise,9527,12000,1.52,Rainy,10,0.8262,1606.91,0,1,79.39,Mumbai -> Kanpur
SHIP-10938,2025-05-30,WH-North-Delhi,Delhi,Coimbatore,Electronics,150,37239.07,1048,Road Freight (Truck),929.24,7,9,Delayed,2,SMB,5332,10000,1.18,Foggy,9,0.8867,929.24,1,0,53.32,Delhi -> Coimbatore
SHIP-10939,2025-10-04,WH-North-Delhi,Delhi,Kochi,Electronics,78,13250.11,913,Road Freight (Truck),793.08,6,6,On-Time,0,SMB,6538,10000,1.6,Rainy,6,0.8687,793.08,0,1,65.38,Delhi -> Kochi
SHIP-10940,2025-07-17,WH-South-Bengaluru,Bengaluru,Lucknow,Apparel,269,7224.55,1721,Road Freight (Truck),1497.66,8,8,On-Time,0,E-Commerce Retailer,6303,8500,1.2,Clear,8,0.8702,1497.66,0,1,74.15,Bengaluru -> Lucknow
SHIP-10941,2025-03-11,WH-East-Kolkata,Kolkata,Bhopal,Apparel,343,13573.29,1780,Rail Freight,1158.23,10,10,On-Time,0,Individual,3466,7500,1.54,Clear,10,0.6507,1158.23,0,1,46.21,Kolkata -> Bhopal
SHIP-10942,2025-04-22,WH-South-Bengaluru,Bengaluru,Kochi,Consumer Goods,18,3996.65,438,Road Freight (Truck),395.37,4,5,Delayed,1,Enterprise,5441,8500,1.16,Severe Heat,5,0.9027,395.37,1,0,64.01,Bengaluru -> Kochi
SHIP-10943,2025-01-04,WH-South-Bengaluru,Bengaluru,Kanpur,Consumer Goods,130,18065.0,1230,Rail Freight,772.42,9,9,On-Time,0,SMB,4444,8500,1.65,Severe Heat,9,0.628,772.42,0,1,52.28,Bengaluru -> Kanpur
SHIP-10944,2025-12-16,WH-North-Delhi,Delhi,Chandigarh,Consumer Goods,380,79357.96,1696,Express Courier,2708.35,6,5,Early,0,Individual,7046,10000,1.25,Clear,5,1.5969,2708.35,0,1,70.46,Delhi -> Chandigarh
SHIP-10945,2025-11-27,WH-Central-Nagpur,Nagpur,Lucknow,Electronics,428,92578.07,817,Road Freight (Truck),882.59,6,6,On-Time,0,E-Commerce Retailer,5077,6000,1.46,Clear,6,1.0803,882.59,0,1,84.62,Nagpur -> Lucknow
SHIP-10946,2025-11-14,WH-East-Kolkata,Kolkata,Indore,Apparel,110,25630.39,2009,Road Freight (Truck),1609.15,10,10,On-Time,0,SMB,5224,7500,1.31,Clear,10,0.801,1609.15,0,1,69.65,Kolkata -> Indore
SHIP-10947,2025-12-16,WH-West-Mumbai,Mumbai,Jaipur,Industrial Equipment,158,37637.16,2035,Express Courier,3068.76,7,10,Delayed,3,Individual,5602,12000,1.58,Stormy,10,1.508,3068.76,1,0,46.68,Mumbai -> Jaipur
SHIP-10948,2025-04-05,WH-Central-Nagpur,Nagpur,Lucknow,Industrial Equipment,155,22534.53,966,Road Freight (Truck),854.38,5,6,Delayed,1,Enterprise,2783,6000,1.34,Rainy,6,0.8845,854.38,1,0,46.38,Nagpur -> Lucknow
SHIP-10949,2025-06-01,WH-South-Bengaluru,Bengaluru,Coimbatore,Apparel,362,34440.59,1921,Rail Freight,1223.32,11,12,Delayed,1,Individual,6243,8500,1.58,Rainy,12,0.6368,1223.32,1,0,73.45,Bengaluru -> Coimbatore
SHIP-10950,2025-11-07,WH-South-Bengaluru,Bengaluru,Coimbatore,Apparel,252,60741.64,902,Road Freight (Truck),875.76,5,5,On-Time,0,Enterprise,5135,8500,1.32,Clear,5,0.9709,875.76,0,1,60.41,Bengaluru -> Coimbatore
SHIP-10951,2025-05-17,WH-East-Kolkata,Kolkata,Kanpur,Electronics,250,35910.13,161,Road Freight (Truck),324.22,3,3,On-Time,0,SMB,5393,7500,1.6,Clear,3,2.0138,324.22,0,1,71.91,Kolkata -> Kanpur
SHIP-10952,2025-09-04,WH-East-Kolkata,Kolkata,Surat,Consumer Goods,346,10414.39,1236,Road Freight (Truck),1143.36,7,7,On-Time,0,E-Commerce Retailer,3951,7500,1.17,Clear,7,0.925,1143.36,0,1,52.68,Kolkata -> Surat
SHIP-10953,2025-08-31,WH-South-Bengaluru,Bengaluru,Coimbatore,Electronics,52,8634.73,1840,Air Cargo,3319.74,6,9,Delayed,3,Enterprise,6928,8500,1.32,Stormy,9,1.8042,3319.74,1,0,81.51,Bengaluru -> Coimbatore
SHIP-10954,2025-01-31,WH-North-Delhi,Delhi,Coimbatore,Perishables,104,15923.02,1870,Road Freight (Truck),1528.28,9,8,Early,0,SMB,8545,10000,1.45,Clear,8,0.8173,1528.28,0,1,85.45,Delhi -> Coimbatore
SHIP-10955,2025-02-09,WH-West-Mumbai,Mumbai,Chandigarh,Electronics,235,52995.16,1650,Air Cargo,3093.82,4,6,Delayed,2,Enterprise,10415,12000,1.18,Foggy,6,1.875,3093.82,1,0,86.79,Mumbai -> Chandigarh
SHIP-10956,2025-08-17,WH-Central-Nagpur,Nagpur,Kanpur,Electronics,15,2527.48,648,Road Freight (Truck),577.14,5,4,Early,0,Individual,3557,6000,1.26,Clear,4,0.8906,577.14,0,1,59.28,Nagpur -> Kanpur
SHIP-10957,2025-02-05,WH-North-Delhi,Delhi,Lucknow,Automotive Parts,223,21637.09,2099,Rail Freight,1281.83,12,15,Delayed,3,E-Commerce Retailer,7605,10000,1.71,Stormy,15,0.6107,1281.83,1,0,76.05,Delhi -> Lucknow
SHIP-10958,2025-08-11,WH-West-Mumbai,Mumbai,Surat,Perishables,215,52043.55,1408,Rail Freight,894.33,10,12,Delayed,2,E-Commerce Retailer,6973,12000,1.74,Foggy,12,0.6352,894.33,1,0,58.11,Mumbai -> Surat
SHIP-10959,2025-01-06,WH-West-Mumbai,Mumbai,Kochi,Industrial Equipment,76,15456.92,1769,Road Freight (Truck),1428.65,9,9,On-Time,0,SMB,9701,12000,1.59,Clear,9,0.8076,1428.65,0,1,80.84,Mumbai -> Kochi
SHIP-10960,2025-11-18,WH-West-Mumbai,Mumbai,Jaipur,Electronics,405,66075.0,411,Road Freight (Truck),578.57,3,6,Delayed,3,E-Commerce Retailer,6079,12000,1.3,Stormy,6,1.4077,578.57,1,0,50.66,Mumbai -> Jaipur
SHIP-10961,2025-08-08,WH-South-Bengaluru,Bengaluru,Bhopal,Electronics,109,9138.28,1088,Road Freight (Truck),970.56,6,5,Early,0,SMB,6872,8500,1.31,Clear,5,0.8921,970.56,0,1,80.85,Bengaluru -> Bhopal
SHIP-10962,2025-03-16,WH-Central-Nagpur,Nagpur,Indore,Consumer Goods,21,2158.42,1607,Express Courier,2371.08,5,5,On-Time,0,SMB,3940,6000,1.54,Clear,5,1.4755,2371.08,0,1,65.67,Nagpur -> Indore
SHIP-10963,2025-01-04,WH-North-Delhi,Delhi,Coimbatore,Electronics,246,42420.96,1947,Rail Freight,1219.46,11,11,On-Time,0,E-Commerce Retailer,8521,10000,1.22,Clear,11,0.6263,1219.46,0,1,85.21,Delhi -> Coimbatore
SHIP-10964,2025-12-01,WH-North-Delhi,Delhi,Kanpur,Electronics,331,10564.03,1703,Air Cargo,3224.84,4,5,Delayed,1,SMB,7972,10000,1.72,Stormy,5,1.8936,3224.84,1,0,79.72,Delhi -> Kanpur
SHIP-10965,2025-05-14,WH-North-Delhi,Delhi,Bhopal,Consumer Goods,267,20110.42,1962,Road Freight (Truck),1678.59,9,12,Delayed,3,Enterprise,6269,10000,1.28,Stormy,12,0.8556,1678.59,1,0,62.69,Delhi -> Bhopal
SHIP-10966,2025-04-28,WH-Central-Nagpur,Nagpur,Indore,Perishables,408,74568.82,216,Road Freight (Truck),409.24,3,3,On-Time,0,Enterprise,5247,6000,1.75,Clear,3,1.8946,409.24,0,1,87.45,Nagpur -> Indore
SHIP-10967,2025-04-04,WH-South-Bengaluru,Bengaluru,Indore,Consumer Goods,416,53166.61,2030,Rail Freight,1286.93,12,13,Delayed,1,Enterprise,4956,8500,1.45,Rainy,13,0.634,1286.93,1,0,58.31,Bengaluru -> Indore
SHIP-10968,2025-03-03,WH-West-Mumbai,Mumbai,Kochi,Apparel,422,46235.37,1238,Road Freight (Truck),1173.17,6,8,Delayed,2,E-Commerce Retailer,10853,12000,1.61,Rainy,8,0.9476,1173.17,1,0,90.44,Mumbai -> Kochi
SHIP-10969,2025-07-13,WH-East-Kolkata,Kolkata,Kochi,Apparel,346,17505.02,1469,Road Freight (Truck),1347.85,8,10,Delayed,2,SMB,6079,7500,1.15,Foggy,10,0.9175,1347.85,1,0,81.05,Kolkata -> Kochi
SHIP-10970,2025-12-01,WH-Central-Nagpur,Nagpur,Kochi,Consumer Goods,144,17112.17,193,Road Freight (Truck),289.04,3,3,On-Time,0,E-Commerce Retailer,5493,6000,1.68,Clear,3,1.4976,289.04,0,1,91.55,Nagpur -> Kochi
SHIP-10971,2025-07-22,WH-East-Kolkata,Kolkata,Patna,Apparel,231,45302.01,1479,Rail Freight,945.79,10,11,Delayed,1,SMB,3565,7500,1.31,Clear,11,0.6395,945.79,1,0,47.53,Kolkata -> Patna
SHIP-10972,2025-01-26,WH-Central-Nagpur,Nagpur,Patna,Electronics,165,12712.1,1211,Rail Freight,795.22,9,10,Delayed,1,Enterprise,3472,6000,1.55,Rainy,10,0.6567,795.22,1,0,57.87,Nagpur -> Patna
SHIP-10973,2025-06-22,WH-West-Mumbai,Mumbai,Indore,Electronics,151,2456.57,877,Road Freight (Truck),810.08,5,6,Delayed,1,Enterprise,9580,12000,1.63,Clear,6,0.9237,810.08,1,0,79.83,Mumbai -> Indore
SHIP-10974,2025-10-27,WH-East-Kolkata,Kolkata,Kochi,Industrial Equipment,437,75207.11,2061,Rail Freight,1357.46,12,12,On-Time,0,E-Commerce Retailer,6625,7500,1.25,Clear,12,0.6586,1357.46,0,1,88.33,Kolkata -> Kochi
SHIP-10975,2025-05-13,WH-West-Mumbai,Mumbai,Chandigarh,Electronics,167,40675.73,1220,Air Cargo,2279.67,5,5,On-Time,0,SMB,5562,12000,1.42,Rainy,5,1.8686,2279.67,0,1,46.35,Mumbai -> Chandigarh
SHIP-10976,2025-11-22,WH-East-Kolkata,Kolkata,Coimbatore,Perishables,425,66981.8,327,Road Freight (Truck),504.26,3,3,On-Time,0,Individual,3375,7500,1.45,Clear,3,1.5421,504.26,0,1,45.0,Kolkata -> Coimbatore
SHIP-10977,2025-04-28,WH-East-Kolkata,Kolkata,Bhopal,Electronics,335,14465.85,2027,Air Cargo,3771.63,6,6,On-Time,0,E-Commerce Retailer,4278,7500,1.34,Severe Heat,6,1.8607,3771.63,0,1,57.04,Kolkata -> Bhopal
SHIP-10978,2025-11-20,WH-East-Kolkata,Kolkata,Bhopal,Apparel,380,34341.47,1909,Road Freight (Truck),1704.77,9,9,On-Time,0,SMB,6381,7500,1.44,Clear,9,0.893,1704.77,0,1,85.08,Kolkata -> Bhopal
SHIP-10979,2025-10-02,WH-South-Bengaluru,Bengaluru,Patna,Consumer Goods,353,77270.21,1364,Rail Freight,951.73,8,10,Delayed,2,SMB,6889,8500,1.34,Severe Heat,10,0.6977,951.73,1,0,81.05,Bengaluru -> Patna
SHIP-10980,2025-07-31,WH-North-Delhi,Delhi,Indore,Electronics,271,18876.1,1405,Rail Freight,913.71,9,9,On-Time,0,Individual,6099,10000,1.37,Clear,9,0.6503,913.71,0,1,60.99,Delhi -> Indore
SHIP-10981,2025-08-13,WH-South-Bengaluru,Bengaluru,Kanpur,Electronics,292,46080.09,529,Road Freight (Truck),586.79,4,4,On-Time,0,E-Commerce Retailer,3833,8500,1.55,Clear,4,1.1092,586.79,0,1,45.09,Bengaluru -> Kanpur
SHIP-10982,2025-01-20,WH-Central-Nagpur,Nagpur,Lucknow,Apparel,347,38040.82,450,Road Freight (Truck),590.16,3,2,Early,0,Enterprise,4264,6000,1.53,Clear,2,1.3115,590.16,0,1,71.07,Nagpur -> Lucknow
SHIP-10983,2025-04-23,WH-Central-Nagpur,Nagpur,Lucknow,Industrial Equipment,353,22536.68,463,Road Freight (Truck),562.67,4,6,Delayed,2,SMB,3371,6000,1.29,Foggy,6,1.2153,562.67,1,0,56.18,Nagpur -> Lucknow
SHIP-10984,2025-05-20,WH-North-Delhi,Delhi,Patna,Automotive Parts,238,49063.85,1108,Road Freight (Truck),1022.29,6,9,Delayed,3,E-Commerce Retailer,8004,10000,1.69,Foggy,9,0.9226,1022.29,1,0,80.04,Delhi -> Patna
SHIP-10985,2025-02-16,WH-North-Delhi,Delhi,Kanpur,Consumer Goods,385,72982.66,890,Road Freight (Truck),912.0,5,5,On-Time,0,E-Commerce Retailer,6597,10000,1.67,Clear,5,1.0247,912.0,0,1,65.97,Delhi -> Kanpur
SHIP-10986,2025-01-01,WH-North-Delhi,Delhi,Patna,Industrial Equipment,289,49266.96,1963,Rail Freight,1226.22,11,11,On-Time,0,Enterprise,7689,10000,1.46,Clear,11,0.6247,1226.22,0,1,76.89,Delhi -> Patna
SHIP-10987,2025-03-31,WH-East-Kolkata,Kolkata,Lucknow,Apparel,367,25887.85,193,Road Freight (Truck),369.63,2,3,Delayed,1,E-Commerce Retailer,6379,7500,1.41,Rainy,3,1.9152,369.63,1,0,85.05,Kolkata -> Lucknow
SHIP-10988,2025-05-22,WH-East-Kolkata,Kolkata,Kanpur,Industrial Equipment,299,11360.92,1780,Road Freight (Truck),1566.17,9,9,On-Time,0,Individual,5263,7500,1.38,Clear,9,0.8799,1566.17,0,1,70.17,Kolkata -> Kanpur
SHIP-10989,2025-11-16,WH-North-Delhi,Delhi,Kochi,Consumer Goods,177,26620.35,1843,Road Freight (Truck),1546.88,10,12,Delayed,2,Enterprise,6078,10000,1.57,Foggy,12,0.8393,1546.88,1,0,60.78,Delhi -> Kochi
SHIP-10990,2025-02-07,WH-South-Bengaluru,Bengaluru,Indore,Apparel,56,8126.4,373,Road Freight (Truck),391.0,3,4,Delayed,1,E-Commerce Retailer,6899,8500,1.55,Clear,4,1.0483,391.0,1,0,81.16,Bengaluru -> Indore
SHIP-10991,2025-10-20,WH-East-Kolkata,Kolkata,Bhopal,Industrial Equipment,212,12565.34,1078,Road Freight (Truck),965.26,7,8,Delayed,1,Enterprise,4309,7500,1.27,Clear,8,0.8954,965.26,1,0,57.45,Kolkata -> Bhopal
SHIP-10992,2025-05-19,WH-East-Kolkata,Kolkata,Chandigarh,Consumer Goods,223,6292.61,1976,Road Freight (Truck),1694.75,9,10,Delayed,1,Enterprise,6517,7500,1.55,Rainy,10,0.8577,1694.75,1,0,86.89,Kolkata -> Chandigarh
SHIP-10993,2025-12-22,WH-South-Bengaluru,Bengaluru,Surat,Industrial Equipment,255,8661.45,939,Road Freight (Truck),886.39,5,6,Delayed,1,Enterprise,4110,8500,1.3,Severe Heat,6,0.944,886.39,1,0,48.35,Bengaluru -> Surat
SHIP-10994,2025-11-29,WH-South-Bengaluru,Bengaluru,Indore,Apparel,33,8193.94,1890,Road Freight (Truck),1513.2,10,11,Delayed,1,Enterprise,7162,8500,1.16,Rainy,11,0.8006,1513.2,1,0,84.26,Bengaluru -> Indore
SHIP-10995,2025-09-16,WH-South-Bengaluru,Bengaluru,Kochi,Electronics,330,65716.93,1105,Air Cargo,2150.43,3,3,On-Time,0,E-Commerce Retailer,4190,8500,1.57,Clear,3,1.9461,2150.43,0,1,49.29,Bengaluru -> Kochi
SHIP-10996,2025-06-10,WH-West-Mumbai,Mumbai,Lucknow,Electronics,283,65561.78,1905,Air Cargo,3553.81,5,5,On-Time,0,Enterprise,5716,12000,1.54,Clear,5,1.8655,3553.81,0,1,47.63,Mumbai -> Lucknow
SHIP-10997,2025-06-27,WH-South-Bengaluru,Bengaluru,Kochi,Consumer Goods,53,3224.41,451,Road Freight (Truck),418.35,4,9,Delayed,5,Enterprise,5276,8500,1.4,Rainy,9,0.9276,418.35,1,0,62.07,Bengaluru -> Kochi
SHIP-10998,2025-01-10,WH-South-Bengaluru,Bengaluru,Patna,Apparel,341,82090.16,1541,Road Freight (Truck),1395.4,8,7,Early,0,Enterprise,7646,8500,1.47,Clear,7,0.9055,1395.4,0,1,89.95,Bengaluru -> Patna
SHIP-10999,2025-09-18,WH-Central-Nagpur,Nagpur,Kanpur,Automotive Parts,322,15624.65,1488,Express Courier,2353.4,6,6,On-Time,0,Enterprise,5473,6000,1.72,Stormy,6,1.5816,2353.4,0,1,91.22,Nagpur -> Kanpur
SHIP-11000,2025-05-18,WH-South-Bengaluru,Bengaluru,Bhopal,Electronics,372,50083.93,1727,Air Cargo,3277.44,5,6,Delayed,1,Enterprise,4632,8500,1.51,Rainy,6,1.8978,3277.44,1,0,54.49,Bengaluru -> Bhopal
SHIP-11001,2025-06-21,WH-East-Kolkata,Kolkata,Coimbatore,Industrial Equipment,165,34646.45,866,Road Freight (Truck),813.3,6,7,Delayed,1,E-Commerce Retailer,3898,7500,1.54,Clear,7,0.9391,813.3,1,0,51.97,Kolkata -> Coimbatore
SHIP-11002,2025-01-13,WH-North-Delhi,Delhi,Patna,Automotive Parts,389,37812.27,955,Road Freight (Truck),941.91,5,5,On-Time,0,Enterprise,6158,10000,1.19,Clear,5,0.9863,941.91,0,1,61.58,Delhi -> Patna
SHIP-11003,2025-06-17,WH-West-Mumbai,Mumbai,Indore,Electronics,208,23885.62,1811,Road Freight (Truck),1533.06,9,9,On-Time,0,E-Commerce Retailer,7301,12000,1.25,Clear,9,0.8465,1533.06,0,1,60.84,Mumbai -> Indore
SHIP-11004,2025-05-10,WH-North-Delhi,Delhi,Patna,Automotive Parts,416,18771.38,574,Road Freight (Truck),696.11,5,6,Delayed,1,E-Commerce Retailer,8070,10000,1.33,Clear,6,1.2127,696.11,1,0,80.7,Delhi -> Patna
SHIP-11005,2025-03-25,WH-North-Delhi,Delhi,Indore,Perishables,171,7504.62,2049,Rail Freight,1219.94,12,12,On-Time,0,Enterprise,6586,10000,1.47,Clear,12,0.5954,1219.94,0,1,65.86,Delhi -> Indore
SHIP-11006,2025-11-17,WH-East-Kolkata,Kolkata,Coimbatore,Industrial Equipment,404,64881.81,1258,Rail Freight,941.44,9,10,Delayed,1,E-Commerce Retailer,6124,7500,1.62,Rainy,10,0.7484,941.44,1,0,81.65,Kolkata -> Coimbatore
SHIP-11007,2025-11-15,WH-Central-Nagpur,Nagpur,Jaipur,Industrial Equipment,243,42221.28,432,Road Freight (Truck),493.4,3,3,On-Time,0,Enterprise,4811,6000,1.34,Clear,3,1.1421,493.4,0,1,80.18,Nagpur -> Jaipur
SHIP-11008,2025-04-11,WH-North-Delhi,Delhi,Bhopal,Perishables,172,33999.78,1137,Express Courier,1782.24,5,5,On-Time,0,Enterprise,7218,10000,1.36,Clear,5,1.5675,1782.24,0,1,72.18,Delhi -> Bhopal
SHIP-11009,2025-11-25,WH-West-Mumbai,Mumbai,Chandigarh,Apparel,125,18227.54,347,Road Freight (Truck),411.69,3,3,On-Time,0,Enterprise,10101,12000,1.3,Clear,3,1.1864,411.69,0,1,84.18,Mumbai -> Chandigarh
SHIP-11010,2025-09-30,WH-East-Kolkata,Kolkata,Chandigarh,Consumer Goods,102,17008.85,953,Road Freight (Truck),815.08,6,6,On-Time,0,Enterprise,4064,7500,1.3,Clear,6,0.8553,815.08,0,1,54.19,Kolkata -> Chandigarh
SHIP-11011,2025-09-22,WH-North-Delhi,Delhi,Surat,Automotive Parts,51,927.0,977,Road Freight (Truck),811.21,5,5,On-Time,0,SMB,5260,10000,1.72,Clear,5,0.8303,811.21,0,1,52.6,Delhi -> Surat
SHIP-11012,2025-02-07,WH-South-Bengaluru,Bengaluru,Kochi,Apparel,293,15561.27,1388,Rail Freight,935.19,9,9,On-Time,0,E-Commerce Retailer,6823,8500,1.53,Rainy,9,0.6738,935.19,0,1,80.27,Bengaluru -> Kochi
SHIP-11013,2025-04-04,WH-East-Kolkata,Kolkata,Jaipur,Apparel,388,95624.53,937,Road Freight (Truck),965.77,5,5,On-Time,0,Enterprise,4237,7500,1.24,Clear,5,1.0307,965.77,0,1,56.49,Kolkata -> Jaipur
SHIP-11014,2025-04-05,WH-South-Bengaluru,Bengaluru,Chandigarh,Consumer Goods,219,7196.01,1669,Rail Freight,1010.08,11,12,Delayed,1,E-Commerce Retailer,3836,8500,1.58,Rainy,12,0.6052,1010.08,1,0,45.13,Bengaluru -> Chandigarh
SHIP-11015,2025-11-01,WH-North-Delhi,Delhi,Patna,Industrial Equipment,215,37520.77,1137,Road Freight (Truck),1031.37,6,9,Delayed,3,Enterprise,8786,10000,1.58,Rainy,9,0.9071,1031.37,1,0,87.86,Delhi -> Patna
SHIP-11016,2025-03-10,WH-West-Mumbai,Mumbai,Kochi,Electronics,229,12910.89,647,Road Freight (Truck),653.75,4,3,Early,0,E-Commerce Retailer,8913,12000,1.55,Severe Heat,3,1.0104,653.75,0,1,74.28,Mumbai -> Kochi
SHIP-11017,2025-11-14,WH-East-Kolkata,Kolkata,Jaipur,Perishables,289,53010.94,1069,Express Courier,1737.11,5,5,On-Time,0,Enterprise,4943,7500,1.23,Clear,5,1.625,1737.11,0,1,65.91,Kolkata -> Jaipur
SHIP-11018,2025-08-24,WH-South-Bengaluru,Bengaluru,Kanpur,Consumer Goods,145,26231.62,546,Road Freight (Truck),548.35,4,4,On-Time,0,Enterprise,6724,8500,1.39,Clear,4,1.0043,548.35,0,1,79.11,Bengaluru -> Kanpur
SHIP-11019,2025-11-30,WH-North-Delhi,Delhi,Kanpur,Electronics,115,8054.23,161,Road Freight (Truck),256.09,2,2,On-Time,0,Enterprise,6066,10000,1.21,Clear,2,1.5906,256.09,0,1,60.66,Delhi -> Kanpur
SHIP-11020,2025-05-17,WH-East-Kolkata,Kolkata,Kochi,Consumer Goods,127,9952.24,584,Road Freight (Truck),558.22,4,4,On-Time,0,Enterprise,6736,7500,1.64,Clear,4,0.9559,558.22,0,1,89.81,Kolkata -> Kochi
SHIP-11021,2025-03-17,WH-North-Delhi,Delhi,Indore,Electronics,246,41542.29,1765,Road Freight (Truck),1531.79,9,13,Delayed,4,SMB,4822,10000,1.54,Stormy,13,0.8679,1531.79,1,0,48.22,Delhi -> Indore
SHIP-11022,2025-02-04,WH-East-Kolkata,Kolkata,Indore,Apparel,318,33921.13,397,Road Freight (Truck),524.89,4,5,Delayed,1,E-Commerce Retailer,5634,7500,1.45,Rainy,5,1.3221,524.89,1,0,75.12,Kolkata -> Indore
SHIP-11023,2025-01-01,WH-North-Delhi,Delhi,Patna,Automotive Parts,397,24105.35,955,Express Courier,1622.21,4,5,Delayed,1,Enterprise,8153,10000,1.36,Rainy,5,1.6986,1622.21,1,0,81.53,Delhi -> Patna
SHIP-11024,2025-10-23,WH-Central-Nagpur,Nagpur,Jaipur,Automotive Parts,109,20376.97,138,Express Courier,281.77,2,2,On-Time,0,E-Commerce Retailer,4022,6000,1.26,Clear,2,2.0418,281.77,0,1,67.03,Nagpur -> Jaipur
SHIP-11025,2025-11-16,WH-West-Mumbai,Mumbai,Jaipur,Electronics,270,13830.66,185,Road Freight (Truck),330.68,3,4,Delayed,1,E-Commerce Retailer,9658,12000,1.21,Rainy,4,1.7875,330.68,1,0,80.48,Mumbai -> Jaipur
SHIP-11026,2025-03-01,WH-West-Mumbai,Mumbai,Kochi,Electronics,314,67847.95,286,Road Freight (Truck),428.25,3,3,On-Time,0,E-Commerce Retailer,10627,12000,1.73,Clear,3,1.4974,428.25,0,1,88.56,Mumbai -> Kochi
SHIP-11027,2025-11-16,WH-North-Delhi,Delhi,Lucknow,Industrial Equipment,363,49348.88,1728,Express Courier,2689.97,6,7,Delayed,1,Enterprise,7996,10000,1.27,Rainy,7,1.5567,2689.97,1,0,79.96,Delhi -> Lucknow
SHIP-11028,2025-12-15,WH-West-Mumbai,Mumbai,Kanpur,Perishables,295,11752.69,1139,Road Freight (Truck),1065.58,6,7,Delayed,1,SMB,7144,12000,1.19,Rainy,7,0.9355,1065.58,1,0,59.53,Mumbai -> Kanpur
SHIP-11029,2025-11-24,WH-Central-Nagpur,Nagpur,Jaipur,Consumer Goods,337,60022.06,522,Road Freight (Truck),640.43,5,4,Early,0,Individual,4284,6000,1.73,Clear,4,1.2269,640.43,0,1,71.4,Nagpur -> Jaipur
SHIP-11030,2025-09-24,WH-Central-Nagpur,Nagpur,Kochi,Consumer Goods,112,15344.37,2055,Rail Freight,1181.57,12,11,Early,0,E-Commerce Retailer,5270,6000,1.48,Clear,11,0.575,1181.57,0,1,87.83,Nagpur -> Kochi
SHIP-11031,2025-12-27,WH-West-Mumbai,Mumbai,Coimbatore,Consumer Goods,72,6123.13,1965,Rail Freight,1143.76,12,14,Delayed,2,SMB,7932,12000,1.63,Foggy,14,0.5821,1143.76,1,0,66.1,Mumbai -> Coimbatore
SHIP-11032,2025-08-17,WH-West-Mumbai,Mumbai,Surat,Automotive Parts,184,21030.6,528,Road Freight (Truck),558.04,5,5,On-Time,0,Enterprise,9244,12000,1.18,Clear,5,1.0569,558.04,0,1,77.03,Mumbai -> Surat
SHIP-11033,2025-09-27,WH-East-Kolkata,Kolkata,Coimbatore,Apparel,291,24766.83,231,Road Freight (Truck),378.4,3,7,Delayed,4,Enterprise,5015,7500,1.49,Clear,7,1.6381,378.4,1,0,66.87,Kolkata -> Coimbatore
SHIP-11034,2025-11-12,WH-Central-Nagpur,Nagpur,Bhopal,Consumer Goods,302,23196.94,1417,Road Freight (Truck),1290.42,7,7,On-Time,0,SMB,3042,6000,1.39,Clear,7,0.9107,1290.42,0,1,50.7,Nagpur -> Bhopal
SHIP-11035,2025-10-13,WH-South-Bengaluru,Bengaluru,Patna,Consumer Goods,235,12560.28,1550,Rail Freight,1002.75,10,10,On-Time,0,E-Commerce Retailer,4059,8500,1.61,Clear,10,0.6469,1002.75,0,1,47.75,Bengaluru -> Patna
SHIP-11036,2025-10-18,WH-West-Mumbai,Mumbai,Jaipur,Automotive Parts,16,1604.0,1516,Rail Freight,864.35,9,11,Delayed,2,Enterprise,10770,12000,1.17,Rainy,11,0.5702,864.35,1,0,89.75,Mumbai -> Jaipur
SHIP-11037,2025-08-01,WH-West-Mumbai,Mumbai,Bhopal,Electronics,136,10061.55,716,Road Freight (Truck),639.71,5,6,Delayed,1,SMB,8854,12000,1.39,Rainy,6,0.8934,639.71,1,0,73.78,Mumbai -> Bhopal
SHIP-11038,2025-06-14,WH-South-Bengaluru,Bengaluru,Chandigarh,Consumer Goods,433,76037.88,770,Road Freight (Truck),819.29,6,8,Delayed,2,SMB,4239,8500,1.63,Foggy,8,1.064,819.29,1,0,49.87,Bengaluru -> Chandigarh
SHIP-11039,2025-01-05,WH-North-Delhi,Delhi,Bhopal,Apparel,101,17746.81,1182,Road Freight (Truck),1030.86,7,7,On-Time,0,SMB,8529,10000,1.46,Clear,7,0.8721,1030.86,0,1,85.29,Delhi -> Bhopal
SHIP-11040,2025-12-05,WH-South-Bengaluru,Bengaluru,Kochi,Electronics,432,57426.82,224,Road Freight (Truck),426.11,2,4,Delayed,2,E-Commerce Retailer,5913,8500,1.48,Rainy,4,1.9023,426.11,1,0,69.56,Bengaluru -> Kochi
SHIP-11041,2025-03-19,WH-West-Mumbai,Mumbai,Jaipur,Electronics,199,39365.58,443,Road Freight (Truck),481.14,3,5,Delayed,2,E-Commerce Retailer,9753,12000,1.21,Foggy,5,1.0861,481.14,1,0,81.27,Mumbai -> Jaipur
SHIP-11042,2025-03-03,WH-East-Kolkata,Kolkata,Surat,Industrial Equipment,368,78279.06,1936,Rail Freight,1263.72,12,13,Delayed,1,Enterprise,3821,7500,1.23,Clear,13,0.6527,1263.72,1,0,50.95,Kolkata -> Surat
SHIP-11043,2025-05-12,WH-North-Delhi,Delhi,Kochi,Automotive Parts,62,9377.2,1111,Road Freight (Truck),935.85,7,7,On-Time,0,E-Commerce Retailer,8762,10000,1.56,Clear,7,0.8423,935.85,0,1,87.62,Delhi -> Kochi
SHIP-11044,2025-03-30,WH-South-Bengaluru,Bengaluru,Kochi,Automotive Parts,251,40272.89,1557,Road Freight (Truck),1368.79,9,13,Delayed,4,Enterprise,6184,8500,1.56,Stormy,13,0.8791,1368.79,1,0,72.75,Bengaluru -> Kochi
SHIP-11045,2025-08-25,WH-West-Mumbai,Mumbai,Patna,Automotive Parts,141,11488.42,548,Road Freight (Truck),561.02,5,5,On-Time,0,Enterprise,9563,12000,1.74,Clear,5,1.0238,561.02,0,1,79.69,Mumbai -> Patna
SHIP-11046,2025-02-11,WH-South-Bengaluru,Bengaluru,Patna,Apparel,373,84034.76,754,Road Freight (Truck),813.0,6,6,On-Time,0,Enterprise,3950,8500,1.58,Clear,6,1.0782,813.0,0,1,46.47,Bengaluru -> Patna
SHIP-11047,2025-03-30,WH-North-Delhi,Delhi,Kanpur,Industrial Equipment,121,2503.3,849,Express Courier,1367.92,4,4,On-Time,0,Enterprise,5981,10000,1.45,Clear,4,1.6112,1367.92,0,1,59.81,Delhi -> Kanpur
SHIP-11048,2025-10-23,WH-South-Bengaluru,Bengaluru,Kanpur,Consumer Goods,418,40513.22,1008,Road Freight (Truck),1026.66,7,7,On-Time,0,Enterprise,4893,8500,1.66,Clear,7,1.0185,1026.66,0,1,57.56,Bengaluru -> Kanpur
SHIP-11049,2025-11-24,WH-South-Bengaluru,Bengaluru,Indore,Apparel,16,2953.97,1204,Rail Freight,706.42,9,9,On-Time,0,Enterprise,7618,8500,1.21,Clear,9,0.5867,706.42,0,1,89.62,Bengaluru -> Indore
SHIP-11050,2025-10-22,WH-South-Bengaluru,Bengaluru,Lucknow,Perishables,239,8083.23,1755,Road Freight (Truck),1512.1,9,11,Delayed,2,E-Commerce Retailer,4565,8500,1.42,Clear,11,0.8616,1512.1,1,0,53.71,Bengaluru -> Lucknow
SHIP-11051,2025-04-14,WH-South-Bengaluru,Bengaluru,Jaipur,Electronics,165,9577.4,1450,Air Cargo,2706.95,5,5,On-Time,0,Enterprise,6649,8500,1.32,Rainy,5,1.8669,2706.95,0,1,78.22,Bengaluru -> Jaipur
SHIP-11052,2025-01-14,WH-South-Bengaluru,Bengaluru,Jaipur,Consumer Goods,206,31617.32,1497,Road Freight (Truck),1272.19,7,7,On-Time,0,E-Commerce Retailer,3995,8500,1.21,Clear,7,0.8498,1272.19,0,1,47.0,Bengaluru -> Jaipur
SHIP-11053,2025-10-15,WH-East-Kolkata,Kolkata,Bhopal,Consumer Goods,332,48670.71,512,Road Freight (Truck),581.07,5,8,Delayed,3,Enterprise,4071,7500,1.61,Foggy,8,1.1349,581.07,1,0,54.28,Kolkata -> Bhopal
SHIP-11054,2025-06-28,WH-West-Mumbai,Mumbai,Jaipur,Electronics,373,70365.76,323,Road Freight (Truck),484.88,3,3,On-Time,0,Individual,7309,12000,1.46,Clear,3,1.5012,484.88,0,1,60.91,Mumbai -> Jaipur
SHIP-11055,2025-05-05,WH-East-Kolkata,Kolkata,Jaipur,Electronics,232,47783.64,377,Road Freight (Truck),450.01,3,6,Delayed,3,E-Commerce Retailer,6175,7500,1.48,Severe Heat,6,1.1937,450.01,1,0,82.33,Kolkata -> Jaipur
SHIP-11056,2025-12-19,WH-West-Mumbai,Mumbai,Lucknow,Automotive Parts,376,17001.29,605,Express Courier,1131.37,4,5,Delayed,1,Enterprise,9855,12000,1.4,Severe Heat,5,1.87,1131.37,1,0,82.12,Mumbai -> Lucknow
SHIP-11057,2025-01-23,WH-North-Delhi,Delhi,Chandigarh,Perishables,259,5003.76,1660,Rail Freight,1048.55,10,10,On-Time,0,E-Commerce Retailer,8977,10000,1.43,Foggy,10,0.6317,1048.55,0,1,89.77,Delhi -> Chandigarh
SHIP-11058,2025-03-04,WH-North-Delhi,Delhi,Kanpur,Consumer Goods,413,73127.87,565,Road Freight (Truck),681.25,4,4,On-Time,0,SMB,8808,10000,1.22,Stormy,4,1.2058,681.25,0,1,88.08,Delhi -> Kanpur
SHIP-11059,2025-05-23,WH-West-Mumbai,Mumbai,Kanpur,Electronics,92,7896.09,1852,Rail Freight,1074.08,12,12,On-Time,0,E-Commerce Retailer,5859,12000,1.55,Rainy,12,0.58,1074.08,0,1,48.82,Mumbai -> Kanpur
SHIP-11060,2025-06-02,WH-East-Kolkata,Kolkata,Surat,Electronics,249,40364.45,1323,Air Cargo,2500.11,5,8,Delayed,3,SMB,6300,7500,1.41,Stormy,8,1.8897,2500.11,1,0,84.0,Kolkata -> Surat
SHIP-11061,2025-05-25,WH-East-Kolkata,Kolkata,Jaipur,Automotive Parts,389,19597.03,1143,Road Freight (Truck),1121.99,7,7,On-Time,0,SMB,4965,7500,1.64,Clear,7,0.9816,1121.99,0,1,66.2,Kolkata -> Jaipur
SHIP-11062,2025-08-13,WH-East-Kolkata,Kolkata,Lucknow,Consumer Goods,404,50590.66,461,Road Freight (Truck),611.83,3,3,On-Time,0,E-Commerce Retailer,6427,7500,1.27,Clear,3,1.3272,611.83,0,1,85.69,Kolkata -> Lucknow
SHIP-11063,2025-11-05,WH-South-Bengaluru,Bengaluru,Kanpur,Consumer Goods,369,49276.19,252,Express Courier,588.69,3,5,Delayed,2,SMB,4181,8500,1.27,Foggy,5,2.3361,588.69,1,0,49.19,Bengaluru -> Kanpur
SHIP-11064,2025-04-14,WH-West-Mumbai,Mumbai,Lucknow,Consumer Goods,332,50627.77,562,Road Freight (Truck),644.68,4,4,On-Time,0,Enterprise,10040,12000,1.54,Clear,4,1.1471,644.68,0,1,83.67,Mumbai -> Lucknow
SHIP-11065,2025-04-14,WH-North-Delhi,Delhi,Coimbatore,Consumer Goods,272,36881.83,1979,Express Courier,3062.33,7,9,Delayed,2,E-Commerce Retailer,5250,10000,1.66,Foggy,9,1.5474,3062.33,1,0,52.5,Delhi -> Coimbatore
SHIP-11066,2025-02-08,WH-West-Mumbai,Mumbai,Chandigarh,Consumer Goods,416,54698.73,372,Road Freight (Truck),514.7,4,7,Delayed,3,SMB,7282,12000,1.43,Stormy,7,1.3836,514.7,1,0,60.68,Mumbai -> Chandigarh
SHIP-11067,2025-07-17,WH-West-Mumbai,Mumbai,Jaipur,Automotive Parts,198,18452.12,384,Road Freight (Truck),474.42,3,3,On-Time,0,SMB,5562,12000,1.59,Clear,3,1.2355,474.42,0,1,46.35,Mumbai -> Jaipur
SHIP-11068,2025-05-14,WH-North-Delhi,Delhi,Surat,Apparel,375,11897.76,212,Road Freight (Truck),399.02,2,6,Delayed,4,Enterprise,5081,10000,1.75,Foggy,6,1.8822,399.02,1,0,50.81,Delhi -> Surat
SHIP-11069,2025-03-08,WH-North-Delhi,Delhi,Bhopal,Apparel,299,10775.14,1805,Road Freight (Truck),1601.42,9,11,Delayed,2,SMB,6594,10000,1.74,Clear,11,0.8872,1601.42,1,0,65.94,Delhi -> Bhopal
SHIP-11070,2025-06-28,WH-South-Bengaluru,Bengaluru,Kanpur,Consumer Goods,371,43383.96,1554,Road Freight (Truck),1428.4,9,11,Delayed,2,Individual,7094,8500,1.6,Clear,11,0.9192,1428.4,1,0,83.46,Bengaluru -> Kanpur
SHIP-11071,2025-02-11,WH-East-Kolkata,Kolkata,Coimbatore,Industrial Equipment,412,40627.89,257,Road Freight (Truck),425.11,4,4,On-Time,0,Enterprise,6102,7500,1.59,Clear,4,1.6541,425.11,0,1,81.36,Kolkata -> Coimbatore
SHIP-11072,2025-01-15,WH-Central-Nagpur,Nagpur,Lucknow,Apparel,67,9131.54,1351,Rail Freight,798.35,9,9,On-Time,0,SMB,3363,6000,1.3,Clear,9,0.5909,798.35,0,1,56.05,Nagpur -> Lucknow
SHIP-11073,2025-04-21,WH-Central-Nagpur,Nagpur,Patna,Electronics,18,1559.47,1121,Air Cargo,2078.52,3,4,Delayed,1,E-Commerce Retailer,3127,6000,1.65,Rainy,4,1.8542,2078.52,1,0,52.12,Nagpur -> Patna
SHIP-11074,2025-06-06,WH-South-Bengaluru,Bengaluru,Kochi,Apparel,313,55294.23,1780,Road Freight (Truck),1557.75,9,10,Delayed,1,E-Commerce Retailer,5380,8500,1.39,Rainy,10,0.8751,1557.75,1,0,63.29,Bengaluru -> Kochi
SHIP-11075,2025-10-16,WH-West-Mumbai,Mumbai,Jaipur,Consumer Goods,124,27035.64,1889,Road Freight (Truck),1568.81,9,11,Delayed,2,SMB,10381,12000,1.73,Clear,11,0.8305,1568.81,1,0,86.51,Mumbai -> Jaipur
SHIP-11076,2025-08-19,WH-South-Bengaluru,Bengaluru,Jaipur,Industrial Equipment,219,18665.99,1716,Road Freight (Truck),1453.2,8,8,On-Time,0,Enterprise,4190,8500,1.2,Foggy,8,0.8469,1453.2,0,1,49.29,Bengaluru -> Jaipur
SHIP-11077,2025-06-06,WH-East-Kolkata,Kolkata,Coimbatore,Consumer Goods,50,3017.56,426,Road Freight (Truck),433.54,4,4,On-Time,0,Individual,5288,7500,1.41,Rainy,4,1.0177,433.54,0,1,70.51,Kolkata -> Coimbatore
SHIP-11078,2025-02-07,WH-North-Delhi,Delhi,Lucknow,Perishables,313,13240.66,385,Road Freight (Truck),498.31,3,3,On-Time,0,E-Commerce Retailer,4917,10000,1.48,Clear,3,1.2943,498.31,0,1,49.17,Delhi -> Lucknow
SHIP-11079,2025-04-07,WH-West-Mumbai,Mumbai,Indore,Electronics,182,29087.19,765,Road Freight (Truck),758.82,5,5,On-Time,0,Enterprise,8051,12000,1.39,Clear,5,0.9919,758.82,0,1,67.09,Mumbai -> Indore
SHIP-11080,2025-10-16,WH-East-Kolkata,Kolkata,Jaipur,Industrial Equipment,243,28991.4,437,Road Freight (Truck),523.6,4,7,Delayed,3,Enterprise,3821,7500,1.28,Stormy,7,1.1982,523.6,1,0,50.95,Kolkata -> Jaipur
SHIP-11081,2025-09-11,WH-West-Mumbai,Mumbai,Indore,Apparel,290,17163.27,1256,Road Freight (Truck),1177.89,8,10,Delayed,2,SMB,5853,12000,1.51,Foggy,10,0.9378,1177.89,1,0,48.78,Mumbai -> Indore
SHIP-11082,2025-07-15,WH-South-Bengaluru,Bengaluru,Patna,Industrial Equipment,381,64193.6,1020,Road Freight (Truck),1023.85,6,6,On-Time,0,Enterprise,4587,8500,1.6,Clear,6,1.0038,1023.85,0,1,53.96,Bengaluru -> Patna
SHIP-11083,2025-03-27,WH-South-Bengaluru,Bengaluru,Coimbatore,Consumer Goods,87,4340.74,1521,Express Courier,2296.0,5,5,On-Time,0,Enterprise,4844,8500,1.54,Clear,5,1.5095,2296.0,0,1,56.99,Bengaluru -> Coimbatore
SHIP-11084,2025-11-18,WH-North-Delhi,Delhi,Lucknow,Consumer Goods,117,16995.5,573,Road Freight (Truck),560.46,4,6,Delayed,2,E-Commerce Retailer,5798,10000,1.29,Foggy,6,0.9781,560.46,1,0,57.98,Delhi -> Lucknow
SHIP-11085,2025-01-10,WH-West-Mumbai,Mumbai,Lucknow,Industrial Equipment,290,40275.16,310,Road Freight (Truck),465.03,3,2,Early,0,Enterprise,9039,12000,1.59,Rainy,2,1.5001,465.03,0,1,75.32,Mumbai -> Lucknow
SHIP-11086,2025-01-05,WH-West-Mumbai,Mumbai,Chandigarh,Electronics,412,77267.94,2034,Rail Freight,1335.18,12,12,On-Time,0,E-Commerce Retailer,5710,12000,1.3,Clear,12,0.6564,1335.18,0,1,47.58,Mumbai -> Chandigarh
SHIP-11087,2025-05-03,WH-North-Delhi,Delhi,Kochi,Electronics,48,1341.64,1583,Air Cargo,2843.92,4,5,Delayed,1,Enterprise,4879,10000,1.26,Rainy,5,1.7965,2843.92,1,0,48.79,Delhi -> Kochi
SHIP-11088,2025-11-26,WH-North-Delhi,Delhi,Kanpur,Apparel,128,28627.22,1330,Rail Freight,864.37,9,9,On-Time,0,E-Commerce Retailer,5386,10000,1.56,Clear,9,0.6499,864.37,0,1,53.86,Delhi -> Kanpur
SHIP-11089,2025-12-19,WH-East-Kolkata,Kolkata,Kanpur,Apparel,344,61989.85,950,Road Freight (Truck),958.68,6,12,Delayed,6,E-Commerce Retailer,6449,7500,1.66,Foggy,12,1.0091,958.68,1,0,85.99,Kolkata -> Kanpur
SHIP-11090,2025-04-28,WH-West-Mumbai,Mumbai,Bhopal,Consumer Goods,345,22697.42,1510,Road Freight (Truck),1384.94,9,9,On-Time,0,Enterprise,8945,12000,1.44,Clear,9,0.9172,1384.94,0,1,74.54,Mumbai -> Bhopal
SHIP-11091,2025-10-21,WH-South-Bengaluru,Bengaluru,Surat,Consumer Goods,36,2091.61,1232,Rail Freight,714.86,9,9,On-Time,0,SMB,6742,8500,1.47,Clear,9,0.5802,714.86,0,1,79.32,Bengaluru -> Surat
SHIP-11092,2025-06-08,WH-West-Mumbai,Mumbai,Coimbatore,Consumer Goods,113,13157.74,306,Road Freight (Truck),335.5,3,3,On-Time,0,Enterprise,7488,12000,1.33,Clear,3,1.0964,335.5,0,1,62.4,Mumbai -> Coimbatore
SHIP-11093,2025-10-30,WH-Central-Nagpur,Nagpur,Patna,Industrial Equipment,83,17191.61,938,Road Freight (Truck),799.4,5,6,Delayed,1,E-Commerce Retailer,3301,6000,1.45,Severe Heat,6,0.8522,799.4,1,0,55.02,Nagpur -> Patna
SHIP-11094,2025-08-16,WH-West-Mumbai,Mumbai,Lucknow,Apparel,200,42618.65,2089,Express Courier,3186.76,6,5,Early,0,E-Commerce Retailer,5614,12000,1.23,Foggy,5,1.5255,3186.76,0,1,46.78,Mumbai -> Lucknow
SHIP-11095,2025-08-04,WH-West-Mumbai,Mumbai,Kochi,Automotive Parts,333,45723.29,1140,Road Freight (Truck),1086.13,6,6,On-Time,0,SMB,8155,12000,1.72,Rainy,6,0.9527,1086.13,0,1,67.96,Mumbai -> Kochi
SHIP-11096,2025-07-03,WH-Central-Nagpur,Nagpur,Indore,Perishables,156,33897.33,251,Road Freight (Truck),336.63,4,3,Early,0,SMB,4319,6000,1.63,Rainy,3,1.3412,336.63,0,1,71.98,Nagpur -> Indore
SHIP-11097,2025-01-15,WH-East-Kolkata,Kolkata,Coimbatore,Consumer Goods,264,4297.73,991,Road Freight (Truck),941.69,5,5,On-Time,0,Enterprise,6536,7500,1.55,Clear,5,0.9502,941.69,0,1,87.15,Kolkata -> Coimbatore
SHIP-11098,2025-06-06,WH-North-Delhi,Delhi,Bhopal,Electronics,293,6816.95,754,Express Courier,1273.75,3,6,Delayed,3,E-Commerce Retailer,8645,10000,1.47,Stormy,6,1.6893,1273.75,1,0,86.45,Delhi -> Bhopal
SHIP-11099,2025-05-16,WH-East-Kolkata,Kolkata,Coimbatore,Electronics,222,50899.73,1703,Air Cargo,3171.25,4,4,On-Time,0,SMB,4872,7500,1.63,Clear,4,1.8622,3171.25,0,1,64.96,Kolkata -> Coimbatore
SHIP-11100,2025-09-18,WH-West-Mumbai,Mumbai,Bhopal,Consumer Goods,132,26030.8,1943,Rail Freight,1141.83,11,11,On-Time,0,Enterprise,7788,12000,1.45,Foggy,11,0.5877,1141.83,0,1,64.9,Mumbai -> Bhopal
SHIP-11101,2025-06-06,WH-West-Mumbai,Mumbai,Lucknow,Perishables,215,25996.92,1519,Road Freight (Truck),1336.47,9,9,On-Time,0,SMB,6308,12000,1.33,Clear,9,0.8798,1336.47,0,1,52.57,Mumbai -> Lucknow
SHIP-11102,2025-02-16,WH-North-Delhi,Delhi,Surat,Apparel,426,81833.91,810,Express Courier,1405.96,3,3,On-Time,0,Enterprise,5710,10000,1.25,Clear,3,1.7358,1405.96,0,1,57.1,Delhi -> Surat
SHIP-11103,2025-11-20,WH-North-Delhi,Delhi,Bhopal,Consumer Goods,249,59654.24,811,Road Freight (Truck),793.56,6,6,On-Time,0,E-Commerce Retailer,8850,10000,1.54,Clear,6,0.9785,793.56,0,1,88.5,Delhi -> Bhopal
SHIP-11104,2025-11-28,WH-East-Kolkata,Kolkata,Lucknow,Consumer Goods,403,79165.74,1242,Road Freight (Truck),1213.37,6,6,On-Time,0,Enterprise,3872,7500,1.71,Foggy,6,0.9769,1213.37,0,1,51.63,Kolkata -> Lucknow
SHIP-11105,2025-06-22,WH-West-Mumbai,Mumbai,Lucknow,Apparel,348,74109.13,1985,Rail Freight,1252.88,11,13,Delayed,2,SMB,10863,12000,1.24,Foggy,13,0.6312,1252.88,1,0,90.52,Mumbai -> Lucknow
SHIP-11106,2025-05-10,WH-West-Mumbai,Mumbai,Surat,Apparel,295,57154.05,1177,Road Freight (Truck),1092.33,6,6,On-Time,0,Enterprise,8246,12000,1.26,Rainy,6,0.9281,1092.33,0,1,68.72,Mumbai -> Surat
SHIP-11107,2025-04-05,WH-East-Kolkata,Kolkata,Kanpur,Electronics,31,1690.42,2075,Air Cargo,3720.73,6,6,On-Time,0,Enterprise,4984,7500,1.41,Clear,6,1.7931,3720.73,0,1,66.45,Kolkata -> Kanpur
SHIP-11108,2025-04-25,WH-East-Kolkata,Kolkata,Coimbatore,Perishables,268,56518.5,701,Express Courier,1218.77,3,6,Delayed,3,SMB,3990,7500,1.63,Stormy,6,1.7386,1218.77,1,0,53.2,Kolkata -> Coimbatore
SHIP-11109,2025-08-31,WH-North-Delhi,Delhi,Jaipur,Apparel,366,22271.31,290,Road Freight (Truck),472.85,3,3,On-Time,0,Individual,7609,10000,1.33,Clear,3,1.6305,472.85,0,1,76.09,Delhi -> Jaipur
SHIP-11110,2025-10-19,WH-South-Bengaluru,Bengaluru,Jaipur,Electronics,114,25623.06,1509,Rail Freight,921.3,9,10,Delayed,1,E-Commerce Retailer,5662,8500,1.3,Foggy,10,0.6105,921.3,1,0,66.61,Bengaluru -> Jaipur
SHIP-11111,2025-10-09,WH-North-Delhi,Delhi,Indore,Automotive Parts,441,54147.18,903,Express Courier,1569.07,5,5,On-Time,0,Enterprise,6242,10000,1.52,Rainy,5,1.7376,1569.07,0,1,62.42,Delhi -> Indore
SHIP-11112,2025-10-26,WH-East-Kolkata,Kolkata,Indore,Electronics,267,46481.91,1202,Air Cargo,2268.38,5,5,On-Time,0,Enterprise,4307,7500,1.47,Clear,5,1.8872,2268.38,0,1,57.43,Kolkata -> Indore
SHIP-11113,2025-10-10,WH-South-Bengaluru,Bengaluru,Jaipur,Automotive Parts,213,28084.39,300,Road Freight (Truck),389.01,3,3,On-Time,0,E-Commerce Retailer,4090,8500,1.19,Clear,3,1.2967,389.01,0,1,48.12,Bengaluru -> Jaipur
SHIP-11114,2025-03-10,WH-Central-Nagpur,Nagpur,Patna,Perishables,319,11831.03,138,Road Freight (Truck),311.93,3,3,On-Time,0,SMB,4164,6000,1.2,Clear,3,2.2604,311.93,0,1,69.4,Nagpur -> Patna
SHIP-11115,2025-05-28,WH-North-Delhi,Delhi,Jaipur,Industrial Equipment,271,22579.65,1369,Rail Freight,892.46,8,8,On-Time,0,Enterprise,5970,10000,1.54,Clear,8,0.6519,892.46,0,1,59.7,Delhi -> Jaipur
SHIP-11116,2025-01-11,WH-North-Delhi,Delhi,Indore,Industrial Equipment,116,28556.53,1616,Express Courier,2436.97,5,6,Delayed,1,E-Commerce Retailer,7826,10000,1.43,Clear,6,1.508,2436.97,1,0,78.26,Delhi -> Indore
SHIP-11117,2025-09-11,WH-West-Mumbai,Mumbai,Kochi,Consumer Goods,260,62599.67,1238,Rail Freight,826.38,9,9,On-Time,0,E-Commerce Retailer,9480,12000,1.73,Clear,9,0.6675,826.38,0,1,79.0,Mumbai -> Kochi
SHIP-11118,2025-11-26,WH-West-Mumbai,Mumbai,Indore,Perishables,433,39106.14,1000,Road Freight (Truck),1033.57,5,5,On-Time,0,Individual,7273,12000,1.56,Clear,5,1.0336,1033.57,0,1,60.61,Mumbai -> Indore
SHIP-11119,2025-12-26,WH-North-Delhi,Delhi,Patna,Apparel,230,57299.84,1440,Rail Freight,900.56,9,10,Delayed,1,Individual,7644,10000,1.16,Rainy,10,0.6254,900.56,1,0,76.44,Delhi -> Patna
SHIP-11120,2025-02-07,WH-Central-Nagpur,Nagpur,Coimbatore,Industrial Equipment,388,82917.36,1736,Rail Freight,1150.2,11,13,Delayed,2,E-Commerce Retailer,3429,6000,1.44,Foggy,13,0.6626,1150.2,1,0,57.15,Nagpur -> Coimbatore
SHIP-11121,2025-05-14,WH-North-Delhi,Delhi,Jaipur,Perishables,231,36630.94,294,Road Freight (Truck),432.04,4,4,On-Time,0,Enterprise,7917,10000,1.4,Clear,4,1.4695,432.04,0,1,79.17,Delhi -> Jaipur
SHIP-11122,2025-07-19,WH-West-Mumbai,Mumbai,Surat,Perishables,267,6522.62,1365,Rail Freight,889.51,9,8,Early,0,Enterprise,5490,12000,1.21,Clear,8,0.6517,889.51,0,1,45.75,Mumbai -> Surat
SHIP-11123,2025-01-23,WH-East-Kolkata,Kolkata,Kochi,Automotive Parts,210,47636.4,1758,Road Freight (Truck),1492.68,10,10,On-Time,0,SMB,3909,7500,1.7,Clear,10,0.8491,1492.68,0,1,52.12,Kolkata -> Kochi
SHIP-11124,2025-10-30,WH-West-Mumbai,Mumbai,Lucknow,Consumer Goods,376,54894.45,173,Road Freight (Truck),355.93,2,2,On-Time,0,SMB,6781,12000,1.63,Clear,2,2.0574,355.93,0,1,56.51,Mumbai -> Lucknow
SHIP-11125,2025-12-12,WH-East-Kolkata,Kolkata,Patna,Perishables,267,58497.54,814,Road Freight (Truck),808.89,5,7,Delayed,2,SMB,6099,7500,1.29,Foggy,7,0.9937,808.89,1,0,81.32,Kolkata -> Patna
SHIP-11126,2025-10-29,WH-North-Delhi,Delhi,Indore,Apparel,358,75570.52,982,Express Courier,1670.72,4,5,Delayed,1,SMB,4811,10000,1.3,Rainy,5,1.7013,1670.72,1,0,48.11,Delhi -> Indore
SHIP-11127,2025-12-29,WH-West-Mumbai,Mumbai,Surat,Perishables,234,49317.01,1546,Rail Freight,956.65,9,9,On-Time,0,SMB,6460,12000,1.17,Foggy,9,0.6188,956.65,0,1,53.83,Mumbai -> Surat
SHIP-11128,2025-08-06,WH-North-Delhi,Delhi,Bhopal,Apparel,211,37783.95,1461,Road Freight (Truck),1239.54,7,7,On-Time,0,SMB,6185,10000,1.33,Clear,7,0.8484,1239.54,0,1,61.85,Delhi -> Bhopal
SHIP-11129,2025-05-21,WH-North-Delhi,Delhi,Kanpur,Consumer Goods,235,19618.4,2010,Rail Freight,1249.06,12,13,Delayed,1,Enterprise,4543,10000,1.5,Rainy,13,0.6214,1249.06,1,0,45.43,Delhi -> Kanpur
SHIP-11130,2025-04-14,WH-Central-Nagpur,Nagpur,Jaipur,Consumer Goods,245,23029.43,468,Express Courier,890.91,3,2,Early,0,Enterprise,4849,6000,1.4,Clear,2,1.9037,890.91,0,1,80.82,Nagpur -> Jaipur
SHIP-11131,2025-07-29,WH-North-Delhi,Delhi,Kanpur,Apparel,192,16798.13,562,Road Freight (Truck),605.42,4,7,Delayed,3,SMB,7132,10000,1.73,Foggy,7,1.0773,605.42,1,0,71.32,Delhi -> Kanpur
SHIP-11132,2025-04-21,WH-South-Bengaluru,Bengaluru,Patna,Industrial Equipment,209,4119.56,952,Road Freight (Truck),885.33,6,6,On-Time,0,E-Commerce Retailer,7423,8500,1.18,Stormy,6,0.93,885.33,0,1,87.33,Bengaluru -> Patna
SHIP-11133,2025-04-14,WH-West-Mumbai,Mumbai,Bhopal,Consumer Goods,366,55596.75,699,Express Courier,1244.76,3,3,On-Time,0,Enterprise,5575,12000,1.5,Rainy,3,1.7808,1244.76,0,1,46.46,Mumbai -> Bhopal
SHIP-11134,2025-11-12,WH-West-Mumbai,Mumbai,Bhopal,Apparel,255,45702.61,1683,Express Courier,2626.59,5,5,On-Time,0,SMB,6930,12000,1.66,Foggy,5,1.5607,2626.59,0,1,57.75,Mumbai -> Bhopal
SHIP-11135,2025-06-20,WH-Central-Nagpur,Nagpur,Bhopal,Consumer Goods,362,78068.38,1929,Rail Freight,1245.9,11,11,On-Time,0,E-Commerce Retailer,4762,6000,1.44,Clear,11,0.6459,1245.9,0,1,79.37,Nagpur -> Bhopal
SHIP-11136,2025-12-22,WH-North-Delhi,Delhi,Lucknow,Industrial Equipment,120,5752.67,401,Express Courier,695.93,2,5,Delayed,3,SMB,7673,10000,1.15,Stormy,5,1.7355,695.93,1,0,76.73,Delhi -> Lucknow
SHIP-11137,2025-11-20,WH-South-Bengaluru,Bengaluru,Patna,Consumer Goods,15,2143.25,479,Road Freight (Truck),422.01,3,3,On-Time,0,Enterprise,4796,8500,1.3,Clear,3,0.881,422.01,0,1,56.42,Bengaluru -> Patna
SHIP-11138,2025-05-13,WH-Central-Nagpur,Nagpur,Coimbatore,Electronics,245,4136.07,1034,Air Cargo,2001.16,4,4,On-Time,0,SMB,4379,6000,1.34,Clear,4,1.9354,2001.16,0,1,72.98,Nagpur -> Coimbatore
SHIP-11139,2025-10-20,WH-South-Bengaluru,Bengaluru,Kanpur,Electronics,136,5079.19,942,Express Courier,1496.75,5,5,On-Time,0,Enterprise,6996,8500,1.73,Clear,5,1.5889,1496.75,0,1,82.31,Bengaluru -> Kanpur
SHIP-11140,2025-11-24,WH-Central-Nagpur,Nagpur,Coimbatore,Electronics,113,3134.59,1774,Rail Freight,1040.8,11,11,On-Time,0,Individual,2794,6000,1.7,Severe Heat,11,0.5867,1040.8,0,1,46.57,Nagpur -> Coimbatore
SHIP-11141,2025-05-07,WH-North-Delhi,Delhi,Surat,Consumer Goods,246,45629.89,1011,Road Freight (Truck),963.39,6,8,Delayed,2,Enterprise,7872,10000,1.72,Foggy,8,0.9529,963.39,1,0,78.72,Delhi -> Surat
SHIP-11142,2025-04-16,WH-West-Mumbai,Mumbai,Chandigarh,Electronics,412,14028.19,1072,Road Freight (Truck),1070.58,6,9,Delayed,3,E-Commerce Retailer,6821,12000,1.65,Stormy,9,0.9987,1070.58,1,0,56.84,Mumbai -> Chandigarh
SHIP-11143,2025-04-02,WH-West-Mumbai,Mumbai,Kochi,Electronics,164,30072.1,1789,Air Cargo,3291.06,4,4,On-Time,0,Enterprise,10745,12000,1.36,Foggy,4,1.8396,3291.06,0,1,89.54,Mumbai -> Kochi
SHIP-11144,2025-10-14,WH-East-Kolkata,Kolkata,Kochi,Perishables,266,19594.04,760,Road Freight (Truck),783.3,5,4,Early,0,SMB,5272,7500,1.69,Clear,4,1.0307,783.3,0,1,70.29,Kolkata -> Kochi
SHIP-11145,2025-02-20,WH-Central-Nagpur,Nagpur,Coimbatore,Automotive Parts,244,53988.06,1151,Road Freight (Truck),1074.43,7,10,Delayed,3,SMB,2794,6000,1.74,Stormy,10,0.9335,1074.43,1,0,46.57,Nagpur -> Coimbatore
SHIP-11146,2025-01-29,WH-West-Mumbai,Mumbai,Chandigarh,Consumer Goods,298,61414.89,682,Road Freight (Truck),713.1,5,8,Delayed,3,Enterprise,7675,12000,1.36,Severe Heat,8,1.0456,713.1,1,0,63.96,Mumbai -> Chandigarh
SHIP-11147,2025-10-23,WH-South-Bengaluru,Bengaluru,Chandigarh,Perishables,49,11764.41,610,Road Freight (Truck),558.26,4,4,On-Time,0,SMB,7685,8500,1.31,Clear,4,0.9152,558.26,0,1,90.41,Bengaluru -> Chandigarh
SHIP-11148,2025-10-24,WH-North-Delhi,Delhi,Jaipur,Electronics,297,66137.17,460,Road Freight (Truck),565.3,3,2,Early,0,Enterprise,7932,10000,1.45,Clear,2,1.2289,565.3,0,1,79.32,Delhi -> Jaipur
SHIP-11149,2025-08-02,WH-South-Bengaluru,Bengaluru,Surat,Apparel,206,48272.48,591,Road Freight (Truck),620.57,5,6,Delayed,1,Enterprise,5025,8500,1.26,Rainy,6,1.05,620.57,1,0,59.12,Bengaluru -> Surat
SHIP-11150,2025-09-24,WH-West-Mumbai,Mumbai,Patna,Apparel,282,61138.86,1936,Road Freight (Truck),1663.78,10,11,Delayed,1,SMB,8644,12000,1.17,Severe Heat,11,0.8594,1663.78,1,0,72.03,Mumbai -> Patna
SHIP-11151,2025-09-14,WH-Central-Nagpur,Nagpur,Chandigarh,Consumer Goods,391,69576.4,1830,Rail Freight,1216.83,12,15,Delayed,3,Enterprise,4389,6000,1.72,Stormy,15,0.6649,1216.83,1,0,73.15,Nagpur -> Chandigarh
SHIP-11152,2025-10-29,WH-South-Bengaluru,Bengaluru,Indore,Consumer Goods,273,15017.98,1838,Rail Freight,1152.14,12,14,Delayed,2,E-Commerce Retailer,3918,8500,1.71,Foggy,14,0.6268,1152.14,1,0,46.09,Bengaluru -> Indore
SHIP-11153,2025-04-11,WH-West-Mumbai,Mumbai,Kochi,Consumer Goods,66,5204.18,1847,Road Freight (Truck),1535.82,10,13,Delayed,3,SMB,6408,12000,1.25,Stormy,13,0.8315,1535.82,1,0,53.4,Mumbai -> Kochi
SHIP-11154,2025-12-12,WH-North-Delhi,Delhi,Indore,Consumer Goods,307,19952.19,368,Road Freight (Truck),485.52,4,4,On-Time,0,SMB,7093,10000,1.39,Stormy,4,1.3193,485.52,0,1,70.93,Delhi -> Indore
SHIP-11155,2025-04-20,WH-North-Delhi,Delhi,Surat,Industrial Equipment,107,16782.16,354,Road Freight (Truck),411.76,4,6,Delayed,2,Enterprise,6392,10000,1.65,Foggy,6,1.1632,411.76,1,0,63.92,Delhi -> Surat
SHIP-11156,2025-07-01,WH-North-Delhi,Delhi,Chandigarh,Electronics,146,19469.2,1226,Air Cargo,2290.41,4,5,Delayed,1,SMB,5393,10000,1.55,Rainy,5,1.8682,2290.41,1,0,53.93,Delhi -> Chandigarh
SHIP-11157,2025-11-09,WH-West-Mumbai,Mumbai,Kanpur,Electronics,385,84224.06,1236,Rail Freight,890.24,8,8,On-Time,0,E-Commerce Retailer,9757,12000,1.39,Clear,8,0.7203,890.24,0,1,81.31,Mumbai -> Kanpur
SHIP-11158,2025-01-01,WH-Central-Nagpur,Nagpur,Kochi,Electronics,96,22932.3,2028,Air Cargo,3693.54,6,7,Delayed,1,Enterprise,4078,6000,1.6,Rainy,7,1.8213,3693.54,1,0,67.97,Nagpur -> Kochi
SHIP-11159,2025-11-15,WH-South-Bengaluru,Bengaluru,Jaipur,Consumer Goods,428,47140.81,1537,Road Freight (Truck),1447.79,8,8,On-Time,0,E-Commerce Retailer,5063,8500,1.69,Clear,8,0.942,1447.79,0,1,59.56,Bengaluru -> Jaipur
SHIP-11160,2025-02-24,WH-South-Bengaluru,Bengaluru,Jaipur,Apparel,251,33632.09,943,Road Freight (Truck),896.76,6,8,Delayed,2,Enterprise,4470,8500,1.71,Foggy,8,0.951,896.76,1,0,52.59,Bengaluru -> Jaipur
SHIP-11161,2025-05-29,WH-North-Delhi,Delhi,Bhopal,Electronics,208,50607.72,1411,Road Freight (Truck),1240.1,7,6,Early,0,E-Commerce Retailer,7372,10000,1.38,Clear,6,0.8789,1240.1,0,1,73.72,Delhi -> Bhopal
SHIP-11162,2025-11-05,WH-Central-Nagpur,Nagpur,Lucknow,Automotive Parts,446,35642.6,1560,Road Freight (Truck),1442.81,9,11,Delayed,2,Enterprise,4578,6000,1.25,Clear,11,0.9249,1442.81,1,0,76.3,Nagpur -> Lucknow
SHIP-11163,2025-05-17,WH-East-Kolkata,Kolkata,Chandigarh,Consumer Goods,319,64186.57,751,Road Freight (Truck),806.1,5,5,On-Time,0,E-Commerce Retailer,5735,7500,1.7,Clear,5,1.0734,806.1,0,1,76.47,Kolkata -> Chandigarh
SHIP-11164,2025-07-21,WH-North-Delhi,Delhi,Surat,Electronics,93,6317.62,1726,Air Cargo,3128.79,5,6,Delayed,1,SMB,5535,10000,1.21,Rainy,6,1.8127,3128.79,1,0,55.35,Delhi -> Surat
SHIP-11165,2025-11-09,WH-East-Kolkata,Kolkata,Kochi,Apparel,251,43960.92,648,Road Freight (Truck),685.32,4,6,Delayed,2,Enterprise,5473,7500,1.58,Clear,6,1.0576,685.32,1,0,72.97,Kolkata -> Kochi
SHIP-11166,2025-04-27,WH-South-Bengaluru,Bengaluru,Lucknow,Electronics,290,21633.91,1396,Road Freight (Truck),1254.09,7,6,Early,0,Enterprise,7442,8500,1.23,Clear,6,0.8983,1254.09,0,1,87.55,Bengaluru -> Lucknow
SHIP-11167,2025-06-03,WH-North-Delhi,Delhi,Surat,Apparel,332,73928.88,241,Road Freight (Truck),428.68,3,4,Delayed,1,SMB,6159,10000,1.38,Clear,4,1.7788,428.68,1,0,61.59,Delhi -> Surat
SHIP-11168,2025-10-18,WH-West-Mumbai,Mumbai,Coimbatore,Apparel,261,38353.25,1011,Road Freight (Truck),971.58,7,7,On-Time,0,Individual,6588,12000,1.4,Clear,7,0.961,971.58,0,1,54.9,Mumbai -> Coimbatore
SHIP-11169,2025-03-04,WH-West-Mumbai,Mumbai,Chandigarh,Electronics,199,11680.19,129,Road Freight (Truck),271.93,3,3,On-Time,0,Enterprise,9754,12000,1.25,Clear,3,2.108,271.93,0,1,81.28,Mumbai -> Chandigarh
SHIP-11170,2025-09-01,WH-North-Delhi,Delhi,Patna,Electronics,448,30341.59,1942,Air Cargo,3687.45,5,5,On-Time,0,Enterprise,5331,10000,1.7,Clear,5,1.8988,3687.45,0,1,53.31,Delhi -> Patna
SHIP-11171,2025-01-25,WH-Central-Nagpur,Nagpur,Patna,Consumer Goods,439,57532.95,1459,Rail Freight,1010.73,9,9,On-Time,0,SMB,3415,6000,1.15,Clear,9,0.6928,1010.73,0,1,56.92,Nagpur -> Patna
SHIP-11172,2025-03-31,WH-East-Kolkata,Kolkata,Chandigarh,Electronics,161,38797.21,957,Express Courier,1529.62,4,4,On-Time,0,SMB,3729,7500,1.69,Clear,4,1.5983,1529.62,0,1,49.72,Kolkata -> Chandigarh
SHIP-11173,2025-03-16,WH-South-Bengaluru,Bengaluru,Bhopal,Electronics,311,60914.3,1416,Air Cargo,2728.08,4,3,Early,0,SMB,4895,8500,1.68,Clear,3,1.9266,2728.08,0,1,57.59,Bengaluru -> Bhopal
SHIP-11174,2025-10-21,WH-West-Mumbai,Mumbai,Bhopal,Consumer Goods,287,37239.04,1449,Rail Freight,955.17,10,10,On-Time,0,E-Commerce Retailer,7714,12000,1.34,Clear,10,0.6592,955.17,0,1,64.28,Mumbai -> Bhopal
SHIP-11175,2025-07-29,WH-West-Mumbai,Mumbai,Patna,Consumer Goods,148,13965.87,1948,Road Freight (Truck),1610.79,10,14,Delayed,4,Enterprise,5761,12000,1.57,Foggy,14,0.8269,1610.79,1,0,48.01,Mumbai -> Patna
SHIP-11176,2025-12-13,WH-South-Bengaluru,Bengaluru,Kanpur,Apparel,185,26654.45,1353,Road Freight (Truck),1166.43,7,7,On-Time,0,Individual,7307,8500,1.3,Clear,7,0.8621,1166.43,0,1,85.96,Bengaluru -> Kanpur
SHIP-11177,2025-01-17,WH-South-Bengaluru,Bengaluru,Kochi,Apparel,17,3244.7,1873,Road Freight (Truck),1525.37,10,10,On-Time,0,SMB,5877,8500,1.61,Clear,10,0.8144,1525.37,0,1,69.14,Bengaluru -> Kochi
SHIP-11178,2025-05-08,WH-North-Delhi,Delhi,Patna,Apparel,304,60563.86,872,Road Freight (Truck),877.8,6,6,On-Time,0,Enterprise,7264,10000,1.49,Clear,6,1.0067,877.8,0,1,72.64,Delhi -> Patna
SHIP-11179,2025-12-30,WH-South-Bengaluru,Bengaluru,Kanpur,Electronics,244,22273.07,1005,Road Freight (Truck),940.94,7,9,Delayed,2,E-Commerce Retailer,5308,8500,1.33,Clear,9,0.9363,940.94,1,0,62.45,Bengaluru -> Kanpur
SHIP-11180,2025-09-08,WH-East-Kolkata,Kolkata,Lucknow,Electronics,172,31729.26,583,Road Freight (Truck),588.67,5,5,On-Time,0,SMB,5736,7500,1.39,Clear,5,1.0097,588.67,0,1,76.48,Kolkata -> Lucknow
SHIP-11181,2025-06-28,WH-West-Mumbai,Mumbai,Kanpur,Automotive Parts,58,9835.66,831,Road Freight (Truck),745.69,5,5,On-Time,0,Enterprise,7835,12000,1.56,Clear,5,0.8973,745.69,0,1,65.29,Mumbai -> Kanpur
SHIP-11182,2025-07-01,WH-North-Delhi,Delhi,Lucknow,Apparel,311,74761.72,847,Road Freight (Truck),847.0,6,6,On-Time,0,SMB,8078,10000,1.69,Rainy,6,1.0,847.0,0,1,80.78,Delhi -> Lucknow
SHIP-11183,2025-06-01,WH-East-Kolkata,Kolkata,Surat,Automotive Parts,47,10988.89,836,Road Freight (Truck),720.34,6,7,Delayed,1,Enterprise,6270,7500,1.23,Rainy,7,0.8617,720.34,1,0,83.6,Kolkata -> Surat
SHIP-11184,2025-01-25,WH-North-Delhi,Delhi,Indore,Consumer Goods,145,29073.1,2068,Rail Freight,1214.43,13,13,On-Time,0,SMB,7657,10000,1.49,Clear,13,0.5872,1214.43,0,1,76.57,Delhi -> Indore
SHIP-11185,2025-06-29,WH-West-Mumbai,Mumbai,Surat,Apparel,319,59014.28,1559,Rail Freight,1001.04,9,12,Delayed,3,E-Commerce Retailer,8171,12000,1.3,Foggy,12,0.6421,1001.04,1,0,68.09,Mumbai -> Surat
SHIP-11186,2025-07-17,WH-North-Delhi,Delhi,Patna,Apparel,430,34141.9,1359,Road Freight (Truck),1300.28,8,8,On-Time,0,Enterprise,8176,10000,1.63,Clear,8,0.9568,1300.28,0,1,81.76,Delhi -> Patna
SHIP-11187,2025-12-10,WH-West-Mumbai,Mumbai,Lucknow,Consumer Goods,228,48746.82,199,Road Freight (Truck),349.79,2,5,Delayed,3,SMB,8187,12000,1.19,Stormy,5,1.7577,349.79,1,0,68.23,Mumbai -> Lucknow
SHIP-11188,2025-06-10,WH-East-Kolkata,Kolkata,Patna,Consumer Goods,357,41220.59,1922,Rail Freight,1222.16,11,11,On-Time,0,E-Commerce Retailer,3768,7500,1.56,Clear,11,0.6359,1222.16,0,1,50.24,Kolkata -> Patna
SHIP-11189,2025-06-26,WH-South-Bengaluru,Bengaluru,Chandigarh,Apparel,305,24087.84,599,Road Freight (Truck),658.13,5,6,Delayed,1,Individual,4289,8500,1.25,Rainy,6,1.0987,658.13,1,0,50.46,Bengaluru -> Chandigarh
SHIP-11190,2025-10-12,WH-North-Delhi,Delhi,Kochi,Electronics,43,4526.94,1021,Road Freight (Truck),837.0,7,7,On-Time,0,SMB,8958,10000,1.51,Clear,7,0.8198,837.0,0,1,89.58,Delhi -> Kochi
SHIP-11191,2025-03-04,WH-Central-Nagpur,Nagpur,Jaipur,Consumer Goods,361,76331.59,1010,Road Freight (Truck),1005.72,6,9,Delayed,3,SMB,3302,6000,1.65,Stormy,9,0.9958,1005.72,1,0,55.03,Nagpur -> Jaipur
SHIP-11192,2025-05-30,WH-Central-Nagpur,Nagpur,Patna,Industrial Equipment,88,4393.73,1690,Rail Freight,978.28,10,10,On-Time,0,SMB,5000,6000,1.6,Clear,10,0.5789,978.28,0,1,83.33,Nagpur -> Patna
SHIP-11193,2025-06-03,WH-Central-Nagpur,Nagpur,Kochi,Automotive Parts,245,29938.34,1944,Express Courier,2980.33,6,6,On-Time,0,Individual,3395,6000,1.6,Clear,6,1.5331,2980.33,0,1,56.58,Nagpur -> Kochi
SHIP-11194,2025-06-05,WH-North-Delhi,Delhi,Kanpur,Consumer Goods,392,51235.98,137,Road Freight (Truck),358.01,2,3,Delayed,1,E-Commerce Retailer,6524,10000,1.46,Rainy,3,2.6132,358.01,1,0,65.24,Delhi -> Kanpur
SHIP-11195,2025-02-18,WH-West-Mumbai,Mumbai,Surat,Consumer Goods,282,6657.45,1308,Rail Freight,868.97,9,9,On-Time,0,Enterprise,9093,12000,1.68,Clear,9,0.6644,868.97,0,1,75.78,Mumbai -> Surat
SHIP-11196,2025-12-03,WH-Central-Nagpur,Nagpur,Kanpur,Electronics,170,10370.05,1668,Air Cargo,3088.3,4,4,On-Time,0,SMB,3148,6000,1.5,Foggy,4,1.8515,3088.3,0,1,52.47,Nagpur -> Kanpur
SHIP-11197,2025-03-25,WH-East-Kolkata,Kolkata,Jaipur,Apparel,184,38508.34,321,Road Freight (Truck),394.56,4,5,Delayed,1,SMB,5973,7500,1.7,Rainy,5,1.2292,394.56,1,0,79.64,Kolkata -> Jaipur
SHIP-11198,2025-12-27,WH-North-Delhi,Delhi,Lucknow,Consumer Goods,375,78836.38,860,Road Freight (Truck),874.12,6,6,On-Time,0,E-Commerce Retailer,7742,10000,1.48,Clear,6,1.0164,874.12,0,1,77.42,Delhi -> Lucknow
SHIP-11199,2025-06-26,WH-North-Delhi,Delhi,Chandigarh,Perishables,317,26538.46,1489,Rail Freight,1002.42,9,9,On-Time,0,SMB,7052,10000,1.45,Clear,9,0.6732,1002.42,0,1,70.52,Delhi -> Chandigarh
SHIP-11200,2025-05-28,WH-West-Mumbai,Mumbai,Kochi,Consumer Goods,383,84490.13,1509,Road Freight (Truck),1369.57,9,9,On-Time,0,E-Commerce Retailer,8591,12000,1.28,Clear,9,0.9076,1369.57,0,1,71.59,Mumbai -> Kochi
SHIP-11201,2025-04-28,WH-Central-Nagpur,Nagpur,Chandigarh,Consumer Goods,230,45164.87,1591,Rail Freight,996.26,9,9,On-Time,0,Individual,2998,6000,1.48,Rainy,9,0.6262,996.26,0,1,49.97,Nagpur -> Chandigarh
SHIP-11202,2025-12-08,WH-South-Bengaluru,Bengaluru,Indore,Apparel,18,2037.75,1656,Rail Freight,923.71,10,9,Early,0,Enterprise,5566,8500,1.23,Clear,9,0.5578,923.71,0,1,65.48,Bengaluru -> Indore
SHIP-11203,2025-03-04,WH-West-Mumbai,Mumbai,Patna,Industrial Equipment,298,56880.9,438,Road Freight (Truck),548.68,3,8,Delayed,5,Enterprise,5888,12000,1.67,Rainy,8,1.2527,548.68,1,0,49.07,Mumbai -> Patna
SHIP-11204,2025-07-08,WH-North-Delhi,Delhi,Lucknow,Consumer Goods,122,29391.46,336,Road Freight (Truck),385.34,4,5,Delayed,1,SMB,5946,10000,1.56,Severe Heat,5,1.1468,385.34,1,0,59.46,Delhi -> Lucknow
SHIP-11205,2025-12-26,WH-South-Bengaluru,Bengaluru,Indore,Consumer Goods,214,26291.59,1177,Road Freight (Truck),1069.59,7,7,On-Time,0,Enterprise,7421,8500,1.75,Clear,7,0.9087,1069.59,0,1,87.31,Bengaluru -> Indore
SHIP-11206,2025-02-18,WH-East-Kolkata,Kolkata,Coimbatore,Perishables,414,29406.58,2014,Rail Freight,1285.3,12,13,Delayed,1,Enterprise,5400,7500,1.21,Severe Heat,13,0.6382,1285.3,1,0,72.0,Kolkata -> Coimbatore
SHIP-11207,2025-11-23,WH-West-Mumbai,Mumbai,Patna,Electronics,195,46083.74,385,Express Courier,703.32,3,6,Delayed,3,Enterprise,9588,12000,1.29,Rainy,6,1.8268,703.32,1,0,79.9,Mumbai -> Patna
SHIP-11208,2025-09-14,WH-East-Kolkata,Kolkata,Kanpur,Automotive Parts,350,54907.97,1783,Rail Freight,1167.87,11,11,On-Time,0,E-Commerce Retailer,5397,7500,1.68,Clear,11,0.655,1167.87,0,1,71.96,Kolkata -> Kanpur
SHIP-11209,2025-08-12,WH-Central-Nagpur,Nagpur,Surat,Electronics,206,8185.89,843,Road Freight (Truck),803.8,6,6,On-Time,0,E-Commerce Retailer,3247,6000,1.39,Clear,6,0.9535,803.8,0,1,54.12,Nagpur -> Surat
SHIP-11210,2025-05-21,WH-North-Delhi,Delhi,Kochi,Industrial Equipment,275,41134.63,894,Road Freight (Truck),890.07,6,6,On-Time,0,SMB,7295,10000,1.43,Rainy,6,0.9956,890.07,0,1,72.95,Delhi -> Kochi
SHIP-11211,2025-08-03,WH-South-Bengaluru,Bengaluru,Jaipur,Apparel,271,35944.49,1967,Rail Freight,1234.69,12,12,On-Time,0,SMB,6842,8500,1.67,Clear,12,0.6277,1234.69,0,1,80.49,Bengaluru -> Jaipur
SHIP-11212,2025-07-30,WH-West-Mumbai,Mumbai,Jaipur,Consumer Goods,257,55528.29,1223,Rail Freight,839.31,8,7,Early,0,Enterprise,6180,12000,1.46,Clear,7,0.6863,839.31,0,1,51.5,Mumbai -> Jaipur
SHIP-11213,2025-11-14,WH-East-Kolkata,Kolkata,Kanpur,Automotive Parts,124,17324.46,1820,Rail Freight,1086.95,12,16,Delayed,4,E-Commerce Retailer,6254,7500,1.45,Clear,16,0.5972,1086.95,1,0,83.39,Kolkata -> Kanpur
SHIP-11214,2025-02-01,WH-South-Bengaluru,Bengaluru,Bhopal,Electronics,130,9747.35,532,Road Freight (Truck),544.78,5,7,Delayed,2,E-Commerce Retailer,6043,8500,1.69,Foggy,7,1.024,544.78,1,0,71.09,Bengaluru -> Bhopal
SHIP-11215,2025-06-07,WH-South-Bengaluru,Bengaluru,Jaipur,Electronics,150,26066.45,1395,Road Freight (Truck),1201.45,7,8,Delayed,1,SMB,3842,8500,1.17,Rainy,8,0.8613,1201.45,1,0,45.2,Bengaluru -> Jaipur
SHIP-11216,2025-10-12,WH-East-Kolkata,Kolkata,Kochi,Apparel,74,10545.39,1155,Express Courier,1780.69,5,8,Delayed,3,Enterprise,5207,7500,1.69,Rainy,8,1.5417,1780.69,1,0,69.43,Kolkata -> Kochi
SHIP-11217,2025-11-01,WH-West-Mumbai,Mumbai,Kanpur,Consumer Goods,285,19883.16,520,Road Freight (Truck),604.65,5,6,Delayed,1,Enterprise,7631,12000,1.18,Clear,6,1.1628,604.65,1,0,63.59,Mumbai -> Kanpur
SHIP-11218,2025-10-13,WH-Central-Nagpur,Nagpur,Lucknow,Apparel,322,48236.42,1959,Rail Freight,1211.51,12,14,Delayed,2,Enterprise,3535,6000,1.55,Foggy,14,0.6184,1211.51,1,0,58.92,Nagpur -> Lucknow
SHIP-11219,2025-05-24,WH-South-Bengaluru,Bengaluru,Jaipur,Electronics,248,51599.09,843,Road Freight (Truck),809.2,5,5,On-Time,0,SMB,6906,8500,1.19,Severe Heat,5,0.9599,809.2,0,1,81.25,Bengaluru -> Jaipur
SHIP-11220,2025-01-19,WH-North-Delhi,Delhi,Chandigarh,Electronics,311,6753.11,401,Road Freight (Truck),525.81,4,4,On-Time,0,E-Commerce Retailer,8727,10000,1.57,Clear,4,1.3112,525.81,0,1,87.27,Delhi -> Chandigarh
SHIP-11221,2025-01-18,WH-South-Bengaluru,Bengaluru,Kanpur,Electronics,401,65463.25,1255,Rail Freight,902.55,9,9,On-Time,0,E-Commerce Retailer,6871,8500,1.17,Clear,9,0.7192,902.55,0,1,80.84,Bengaluru -> Kanpur
SHIP-11222,2025-09-14,WH-East-Kolkata,Kolkata,Kochi,Electronics,19,1845.9,842,Road Freight (Truck),726.31,5,8,Delayed,3,SMB,6359,7500,1.66,Stormy,8,0.8626,726.31,1,0,84.79,Kolkata -> Kochi
SHIP-11223,2025-03-19,WH-West-Mumbai,Mumbai,Chandigarh,Consumer Goods,378,31668.0,1521,Rail Freight,1006.13,9,11,Delayed,2,E-Commerce Retailer,10525,12000,1.43,Foggy,11,0.6615,1006.13,1,0,87.71,Mumbai -> Chandigarh
SHIP-11224,2025-06-24,WH-Central-Nagpur,Nagpur,Patna,Industrial Equipment,242,25956.47,870,Road Freight (Truck),829.79,6,6,On-Time,0,Individual,5273,6000,1.21,Rainy,6,0.9538,829.79,0,1,87.88,Nagpur -> Patna
SHIP-11225,2025-07-13,WH-Central-Nagpur,Nagpur,Patna,Automotive Parts,204,19456.57,387,Road Freight (Truck),473.11,3,6,Delayed,3,Enterprise,3023,6000,1.57,Stormy,6,1.2225,473.11,1,0,50.38,Nagpur -> Patna
SHIP-11226,2025-04-23,WH-West-Mumbai,Mumbai,Jaipur,Automotive Parts,404,85072.78,2060,Rail Freight,1318.67,12,12,On-Time,0,SMB,7974,12000,1.44,Rainy,12,0.6401,1318.67,0,1,66.45,Mumbai -> Jaipur
SHIP-11227,2025-04-24,WH-Central-Nagpur,Nagpur,Chandigarh,Electronics,21,1671.13,417,Road Freight (Truck),391.86,3,4,Delayed,1,Individual,2700,6000,1.26,Clear,4,0.9397,391.86,1,0,45.0,Nagpur -> Chandigarh
SHIP-11228,2025-08-10,WH-North-Delhi,Delhi,Surat,Consumer Goods,403,75478.26,1460,Road Freight (Truck),1380.3,8,9,Delayed,1,Enterprise,6880,10000,1.16,Rainy,9,0.9454,1380.3,1,0,68.8,Delhi -> Surat
SHIP-11229,2025-06-15,WH-North-Delhi,Delhi,Patna,Electronics,418,15509.5,689,Road Freight (Truck),777.94,5,4,Early,0,Individual,8843,10000,1.4,Rainy,4,1.1291,777.94,0,1,88.43,Delhi -> Patna
SHIP-11230,2025-11-15,WH-North-Delhi,Delhi,Surat,Consumer Goods,186,44375.54,628,Road Freight (Truck),620.62,4,4,On-Time,0,Individual,5435,10000,1.2,Severe Heat,4,0.9882,620.62,0,1,54.35,Delhi -> Surat
SHIP-11231,2025-05-12,WH-Central-Nagpur,Nagpur,Lucknow,Apparel,186,29991.46,2093,Road Freight (Truck),1739.64,10,10,On-Time,0,E-Commerce Retailer,4504,6000,1.21,Clear,10,0.8312,1739.64,0,1,75.07,Nagpur -> Lucknow
SHIP-11232,2025-09-21,WH-South-Bengaluru,Bengaluru,Kanpur,Electronics,226,40923.82,665,Road Freight (Truck),676.51,4,5,Delayed,1,E-Commerce Retailer,6399,8500,1.31,Rainy,5,1.0173,676.51,1,0,75.28,Bengaluru -> Kanpur
SHIP-11233,2025-02-24,WH-North-Delhi,Delhi,Indore,Electronics,20,1700.78,894,Road Freight (Truck),764.01,5,5,On-Time,0,E-Commerce Retailer,5253,10000,1.53,Foggy,5,0.8546,764.01,0,1,52.53,Delhi -> Indore
SHIP-11234,2025-12-25,WH-West-Mumbai,Mumbai,Kochi,Perishables,127,14204.02,484,Express Courier,831.46,4,4,On-Time,0,E-Commerce Retailer,6745,12000,1.47,Clear,4,1.7179,831.46,0,1,56.21,Mumbai -> Kochi
SHIP-11235,2025-05-11,WH-South-Bengaluru,Bengaluru,Kanpur,Consumer Goods,173,11692.71,666,Road Freight (Truck),627.81,4,4,On-Time,0,Enterprise,5670,8500,1.19,Clear,4,0.9427,627.81,0,1,66.71,Bengaluru -> Kanpur
SHIP-11236,2025-10-15,WH-North-Delhi,Delhi,Kochi,Consumer Goods,48,11239.01,390,Road Freight (Truck),396.73,4,4,On-Time,0,Enterprise,5384,10000,1.73,Stormy,4,1.0173,396.73,0,1,53.84,Delhi -> Kochi
SHIP-11237,2025-09-23,WH-Central-Nagpur,Nagpur,Chandigarh,Electronics,62,8041.68,1617,Road Freight (Truck),1317.19,8,7,Early,0,Enterprise,4349,6000,1.68,Clear,7,0.8146,1317.19,0,1,72.48,Nagpur -> Chandigarh
SHIP-11238,2025-06-11,WH-East-Kolkata,Kolkata,Lucknow,Electronics,227,37036.25,858,Road Freight (Truck),820.92,6,8,Delayed,2,E-Commerce Retailer,5083,7500,1.31,Rainy,8,0.9568,820.92,1,0,67.77,Kolkata -> Lucknow
SHIP-11239,2025-03-28,WH-South-Bengaluru,Bengaluru,Coimbatore,Automotive Parts,215,40324.09,656,Road Freight (Truck),667.08,5,8,Delayed,3,Enterprise,5899,8500,1.22,Stormy,8,1.0169,667.08,1,0,69.4,Bengaluru -> Coimbatore
SHIP-11240,2025-02-24,WH-Central-Nagpur,Nagpur,Jaipur,Electronics,321,32809.39,1377,Road Freight (Truck),1269.09,7,7,On-Time,0,Enterprise,3079,6000,1.72,Clear,7,0.9216,1269.09,0,1,51.32,Nagpur -> Jaipur
SHIP-11241,2025-10-15,WH-West-Mumbai,Mumbai,Kochi,Consumer Goods,369,67978.61,178,Road Freight (Truck),357.18,3,3,On-Time,0,Enterprise,8317,12000,1.43,Severe Heat,3,2.0066,357.18,0,1,69.31,Mumbai -> Kochi
SHIP-11242,2025-06-27,WH-Central-Nagpur,Nagpur,Kochi,Electronics,394,68500.14,1394,Road Freight (Truck),1297.18,8,9,Delayed,1,E-Commerce Retailer,2839,6000,1.34,Rainy,9,0.9305,1297.18,1,0,47.32,Nagpur -> Kochi
SHIP-11243,2025-12-15,WH-South-Bengaluru,Bengaluru,Chandigarh,Consumer Goods,65,11753.95,1990,Rail Freight,1161.47,12,12,On-Time,0,Individual,7346,8500,1.44,Clear,12,0.5837,1161.47,0,1,86.42,Bengaluru -> Chandigarh
SHIP-11244,2025-01-08,WH-South-Bengaluru,Bengaluru,Surat,Electronics,127,16506.07,205,Express Courier,450.45,2,2,On-Time,0,Individual,5196,8500,1.61,Clear,2,2.1973,450.45,0,1,61.13,Bengaluru -> Surat
SHIP-11245,2025-11-17,WH-North-Delhi,Delhi,Kanpur,Industrial Equipment,397,41681.14,882,Road Freight (Truck),904.59,6,7,Delayed,1,SMB,8524,10000,1.25,Severe Heat,7,1.0256,904.59,1,0,85.24,Delhi -> Kanpur
SHIP-11246,2025-11-09,WH-Central-Nagpur,Nagpur,Coimbatore,Automotive Parts,262,17603.6,509,Road Freight (Truck),572.88,5,5,On-Time,0,E-Commerce Retailer,4678,6000,1.61,Clear,5,1.1255,572.88,0,1,77.97,Nagpur -> Coimbatore
SHIP-11247,2025-09-04,WH-West-Mumbai,Mumbai,Bhopal,Industrial Equipment,295,61592.22,1323,Road Freight (Truck),1212.6,7,7,On-Time,0,E-Commerce Retailer,9721,12000,1.6,Clear,7,0.9166,1212.6,0,1,81.01,Mumbai -> Bhopal
SHIP-11248,2025-11-19,WH-North-Delhi,Delhi,Jaipur,Consumer Goods,277,43755.55,838,Express Courier,1421.42,3,3,On-Time,0,SMB,5978,10000,1.47,Clear,3,1.6962,1421.42,0,1,59.78,Delhi -> Jaipur
SHIP-11249,2025-09-12,WH-North-Delhi,Delhi,Indore,Automotive Parts,300,35826.83,975,Road Freight (Truck),928.19,6,6,On-Time,0,SMB,5570,10000,1.67,Clear,6,0.952,928.19,0,1,55.7,Delhi -> Indore
SHIP-11250,2025-11-24,WH-South-Bengaluru,Bengaluru,Bhopal,Apparel,342,80998.95,268,Road Freight (Truck),412.3,4,4,On-Time,0,Enterprise,5449,8500,1.23,Clear,4,1.5384,412.3,0,1,64.11,Bengaluru -> Bhopal
