shipment_id,order_date,origin_city,destination_city,product_category,quantity,order_value,distance_km,shipping_cost,estimated_delivery_days,actual_delivery_days,delivery_status,delay_days,inventory_level,warehouse_capacity,fuel_cost,shipping_cost_standardized,shipping_cost_normalized,distance_km_standardized,distance_km_normalized,transportation_mode_Express Courier,transportation_mode_Rail Freight,transportation_mode_Road Freight (Truck),weather_condition_Foggy,weather_condition_Rainy,weather_condition_Severe Heat,weather_condition_Stormy,warehouse_WH-East-Kolkata,warehouse_WH-North-Delhi,warehouse_WH-South-Bengaluru,warehouse_WH-West-Mumbai,customer_segment_Enterprise,customer_segment_Individual,customer_segment_SMB
SHIP-10001,2025-04-13,Delhi,Jaipur,Electronics,226,39080.97,636,646.53,5,7,Delayed,2,8136,10000,1.41,-0.8120443931961675,0.21917202704130384,-0.8559876242937411,0.2607377463365336,False,False,True,False,True,False,False,False,True,False,False,False,False,True
SHIP-10002,2025-12-15,Kolkata,Kanpur,Automotive Parts,404,66387.53,562,674.83,5,4,Early,0,6479,7500,1.33,-0.7591367842506328,0.23291854942615553,-0.9848261170131888,0.22334512379989893,False,False,True,False,False,False,False,True,False,False,False,False,False,True
SHIP-10003,2025-09-28,Delhi,Kochi,Electronics,273,55788.78,1735,1511.52,8,8,On-Time,0,5727,10000,1.3,0.8050776089875068,0.639334726605714,1.0574380986612992,0.8160687215765539,False,False,True,False,False,False,False,False,True,False,False,True,False,False
SHIP-10004,2025-04-17,Bengaluru,Kanpur,Consumer Goods,106,22146.94,1929,1127.1,12,12,On-Time,0,4204,8500,1.51,0.08639410966445313,0.4526054638783407,1.395203876871743,0.9140980293077313,False,True,False,False,False,False,False,False,False,True,False,True,False,False
SHIP-10005,2025-03-13,Delhi,Surat,Electronics,126,27597.49,808,714.51,6,6,On-Time,0,5143,10000,1.16,-0.6849539601178126,0.252192825335375,-0.5565251817566466,0.3476503284487115,False,False,True,False,False,False,False,False,True,False,False,False,False,False
SHIP-10006,2025-07-08,Delhi,Chandigarh,Electronics,208,23362.75,969,909.42,5,5,On-Time,0,8226,10000,1.31,-0.3205644880480547,0.3468689623682877,-0.27621440705622663,0.42900454775138963,False,False,True,False,False,False,False,False,True,False,False,True,False,False
SHIP-10007,2025-01-21,Delhi,Indore,Automotive Parts,329,58890.39,952,941.47,6,6,On-Time,0,6548,10000,1.55,-0.26064615353553217,0.3624370204048423,-0.3058124391674511,0.42041435068216276,False,False,True,False,False,False,False,False,True,False,False,False,False,True
SHIP-10008,2025-04-13,Kolkata,Lucknow,Consumer Goods,30,2341.17,458,408.62,4,3,Early,0,3839,7500,1.17,-1.2568235184340522,0.10360894786886397,-1.1658964311053854,0.1707933299646286,False,False,True,False,False,False,False,True,False,False,False,False,False,True
SHIP-10009,2025-05-02,Nagpur,Kochi,Consumer Goods,209,52217.4,1581,971.22,9,10,Delayed,1,3659,6000,1.2,-0.2050277307040956,0.3768878699083524,0.789314748947854,0.7382516422435574,False,True,False,False,True,False,False,False,False,False,False,False,False,False
SHIP-10010,2025-08-03,Kolkata,Kanpur,Electronics,380,21357.35,1588,2254.0225000000005,4,4,On-Time,0,5187,7500,1.33,2.193205945068137,1.0000000000000002,0.8015021739348288,0.7417887822132391,False,False,False,False,False,False,False,True,False,False,False,False,True,False
SHIP-10011,2025-11-27,Mumbai,Patna,Apparel,350,6081.91,1279,1211.19,8,9,Delayed,1,10205,12000,1.68,0.24360261977858785,0.49345157933212785,0.26351441379551355,0.5856493178372917,False,False,True,False,True,False,False,False,False,False,True,False,False,False
SHIP-10012,2025-03-29,Bengaluru,Surat,Apparel,257,12842.3,506,580.72,5,7,Delayed,2,6388,8500,1.61,-0.9350779530797587,0.1872052907110182,-1.082325516908987,0.19504800404244568,False,False,True,False,False,False,False,False,False,True,False,True,False,False
SHIP-10013,2025-04-10,Delhi,Patna,Consumer Goods,285,56239.05,1168,1058.98,7,7,On-Time,0,5327,10000,1.16,-0.04095805716840242,0.419516661586606,0.07025667471634207,0.5295603840323396,False,False,True,False,False,False,False,False,True,False,False,True,False,False
SHIP-10014,2025-12-26,Mumbai,Lucknow,Consumer Goods,273,32758.41,625,670.58,5,5,On-Time,0,6295,12000,1.45,-0.7670822732265523,0.23085414235422552,-0.8751392921304157,0.2551793835270339,False,False,True,False,False,False,False,False,False,False,True,False,False,True
SHIP-10015,2025-06-01,Nagpur,Kochi,Automotive Parts,67,8050.89,1468,1226.64,7,8,Delayed,1,3862,6000,1.31,0.2724868091145777,0.500956306217144,0.5925748884438325,0.6811520970186964,False,False,True,False,False,False,False,False,False,False,False,True,False,False
SHIP-10016,2025-05-11,Delhi,Surat,Consumer Goods,311,74462.85,1838,1142.57,12,12,On-Time,0,4853,10000,1.54,0.11531568953680019,0.46011990562016597,1.236767352041071,0.8681152097018697,False,True,False,False,True,False,False,False,True,False,False,True,False,False
SHIP-10017,2025-05-30,Delhi,Kochi,Consumer Goods,40,9244.57,799,694.71,6,6,On-Time,0,8051,10000,1.58,-0.7219705911115081,0.24257511709438345,-0.5721947281684713,0.34310257705912084,False,False,True,False,False,False,False,False,True,False,False,False,False,True
SHIP-10018,2025-11-05,Delhi,Indore,Consumer Goods,258,22737.74,1481,1329.46,8,9,Delayed,1,6386,10000,1.67,0.4647115565272938,0.5509003850726367,0.6152086777053571,0.6877210712481052,False,False,True,False,False,True,False,False,True,False,False,False,False,True
SHIP-10019,2025-09-15,Delhi,Coimbatore,Industrial Equipment,102,6541.12,809,1283.63,4,5,Delayed,1,6112,10000,1.44,0.37903114246461367,0.5286387906946244,-0.5547841210442216,0.348155634158666,True,False,False,False,False,True,False,False,True,False,False,False,True,False
SHIP-10020,2025-12-10,Delhi,Surat,Consumer Goods,274,58743.77,1004,952.31,6,5,Early,0,6892,10000,1.75,-0.2403804828298929,0.36770247279536494,-0.21527728212135275,0.4466902475997979,False,False,True,False,False,False,False,False,True,False,False,True,False,False
SHIP-10021,2025-10-21,Bengaluru,Patna,Apparel,280,63816.05,1238,1153.75,7,10,Delayed,3,6657,8500,1.74,0.13621699936051326,0.4655505105764431,0.19213092458608985,0.5649317837291562,False,False,True,True,False,False,False,False,False,True,False,True,False,False
SHIP-10022,2025-07-11,Mumbai,Lucknow,Consumer Goods,103,14654.35,1688,1390.52,8,8,On-Time,0,8611,12000,1.68,0.5788648640260338,0.5805598429107653,0.9756082451773256,0.7923193532086913,False,False,True,False,False,False,False,False,False,False,True,True,False,False
SHIP-10023,2025-10-04,Nagpur,Chandigarh,Perishables,163,26555.08,742,696.41,4,4,On-Time,0,4962,6000,1.49,-0.7187923955211405,0.2434008799231554,-0.6714351887766945,0.31430015159171304,False,False,True,False,False,False,False,False,False,False,False,False,True,False
SHIP-10024,2025-06-10,Kolkata,Indore,Consumer Goods,403,30376.07,1289,2094.72,4,5,Delayed,1,5593,7500,1.39,1.8953856491654493,0.9226199511585571,0.28092502091976324,0.5907023749368369,True,False,False,False,True,False,False,True,False,False,False,False,False,False
SHIP-10025,2025-11-10,Mumbai,Coimbatore,Industrial Equipment,294,59737.46,1012,992.52,6,7,Delayed,1,9844,12000,1.37,-0.16520680948360497,0.38723419241002516,-0.201348796421953,0.4507326932794341,False,False,True,False,False,False,False,False,False,False,True,False,False,False
SHIP-10026,2025-01-22,Mumbai,Chandigarh,Consumer Goods,89,14555.84,1072,890.32,6,5,Early,0,9329,12000,1.16,-0.35627245026924576,0.337591274115614,-0.0968851536764549,0.4810510358767055,False,False,True,False,False,False,False,False,False,False,True,False,True,False
SHIP-10027,2025-09-10,Mumbai,Jaipur,Electronics,301,40131.03,1374,2254.0225000000005,5,5,On-Time,0,6489,12000,1.3,2.193205945068137,1.0000000000000002,0.42891518147588553,0.6336533602829713,False,False,False,False,False,False,False,False,False,False,True,False,False,True
SHIP-10028,2025-08-24,Bengaluru,Indore,Industrial Equipment,93,2708.67,903,807.68,5,5,On-Time,0,4034,8500,1.58,-0.5107701464974784,0.2974494857804854,-0.3911244140762746,0.39565437089439115,False,False,True,False,False,False,False,False,False,True,False,False,False,True
SHIP-10029,2025-12-11,Mumbai,Lucknow,Consumer Goods,374,86111.52,1991,2254.0225000000005,6,6,On-Time,0,10495,12000,1.51,2.193205945068137,1.0000000000000002,1.503149641042091,0.9454269833249117,True,False,False,False,False,False,False,False,False,False,True,True,False,False
SHIP-10030,2025-02-18,Bengaluru,Kanpur,Automotive Parts,383,61138.71,614,711.44,4,4,On-Time,0,7602,8500,1.7,-0.6906934074486532,0.2507015948151809,-0.8942909599670904,0.24962102071753414,False,False,True,False,False,False,False,False,False,True,False,False,False,True
SHIP-10031,2025-02-28,Mumbai,Surat,Automotive Parts,46,2772.99,1181,1782.85,5,5,On-Time,0,9499,12000,1.18,1.3123363204783867,0.7711313315061306,0.09289046397786666,0.5361293582617485,True,False,False,False,False,False,False,False,False,False,True,False,False,True
SHIP-10032,2025-06-19,Bengaluru,Kochi,Automotive Parts,351,55282.76,1568,1397.06,8,8,On-Time,0,6718,8500,1.24,0.5910915694148604,0.5837366010873353,0.7666809596863294,0.7316826680141486,False,False,True,False,False,False,False,False,False,True,False,False,False,True
SHIP-10033,2025-07-07,Mumbai,Lucknow,Electronics,336,58532.51,1790,2254.0225000000005,5,7,Delayed,2,6923,12000,1.62,2.193205945068137,1.0000000000000002,1.1531964378446724,0.8438605356240526,False,False,False,True,False,False,False,False,False,False,True,False,True,False
SHIP-10034,2025-09-28,Mumbai,Surat,Industrial Equipment,416,57639.31,1989,1292.57,11,11,On-Time,0,8459,12000,1.37,0.39574471221631224,0.5329813316882842,1.499667519617241,0.9444163719050026,False,True,False,False,False,False,False,False,False,False,True,False,True,False
SHIP-10035,2025-07-09,Nagpur,Chandigarh,Consumer Goods,434,79749.2,866,934.38,5,5,On-Time,0,5498,6000,1.22,-0.27390109867418383,0.35899310366602255,-0.45554366043599837,0.3769580596260738,False,False,True,True,False,False,False,False,False,False,False,False,False,False
SHIP-10036,2025-06-24,Kolkata,Kochi,Automotive Parts,241,36545.64,556,640.87,5,6,Delayed,1,6392,7500,1.75,-0.8226259149852744,0.21642272256433354,-0.9952724812877386,0.2203132895401718,False,False,True,False,True,False,False,True,False,False,False,False,False,False
SHIP-10037,2025-02-20,Delhi,Bhopal,Apparel,102,24248.04,1974,1618.83,10,11,Delayed,1,5930,10000,1.62,1.0056965318124296,0.6914597908148457,1.4735516089308667,0.9368367862556848,False,False,True,False,True,False,False,False,True,False,False,False,False,False
SHIP-10038,2025-12-30,Nagpur,Patna,Automotive Parts,345,9528.49,1511,1353.51,9,9,On-Time,0,3548,6000,1.4,0.5096736764969088,0.5625825003855583,0.6674404990781062,0.7028802425467409,False,False,True,False,True,False,False,False,False,False,False,True,False,False
SHIP-10039,2025-02-24,Mumbai,Jaipur,Consumer Goods,111,4436.42,464,485.76,3,3,On-Time,0,8127,12000,1.64,-1.1126082197040685,0.1410791505814949,-1.1554500668308356,0.17382516422435573,False,False,True,False,False,False,False,False,False,False,True,True,False,False
SHIP-10040,2025-09-01,Nagpur,Indore,Apparel,421,23497.2,1303,939.6,9,9,On-Time,0,3840,6000,1.56,-0.26414216868493673,0.3615286812931931,0.3052998708937128,0.5977766548762001,False,True,False,False,False,False,False,False,False,False,False,False,False,False
SHIP-10041,2025-11-16,Kolkata,Lucknow,Electronics,441,78140.88,669,1235.84,4,4,On-Time,0,4683,7500,1.62,0.2896864558389208,0.5054251403493218,-0.7985326207837171,0.27741283476503287,True,False,False,False,False,False,False,True,False,False,False,False,False,False
SHIP-10042,2025-05-11,Mumbai,Jaipur,Industrial Equipment,175,29175.13,1805,1070.58,12,13,Delayed,1,8936,12000,1.64,-0.01927154608118699,0.4251512785358738,1.1793123485310468,0.8514401212733704,False,True,False,False,False,True,False,False,False,False,True,True,False,False
SHIP-10043,2025-11-03,Delhi,Kanpur,Consumer Goods,168,37738.48,2055,2254.0225000000005,7,7,On-Time,0,4554,10000,1.2,2.193205945068137,1.0000000000000002,1.614577526637289,0.9777665487620012,True,False,False,False,True,False,False,False,True,False,False,False,True,False
SHIP-10044,2025-05-15,Mumbai,Surat,Apparel,23,4306.2,939,803.53,6,6,On-Time,0,9705,12000,1.52,-0.5185286827916116,0.2954336529926008,-0.3284462284289757,0.413845376452754,False,False,True,False,False,False,False,False,False,False,True,True,False,False
SHIP-10045,2025-01-21,Bengaluru,Surat,Industrial Equipment,382,51365.07,660,1197.45,3,3,On-Time,0,6781,8500,1.15,0.21791532130114455,0.4867774727042882,-0.8142021671955418,0.2728650833754422,True,False,False,False,False,False,False,False,False,True,False,True,False,False
SHIP-10046,2025-11-25,Bengaluru,Lucknow,Apparel,234,58050.83,263,358.9,4,4,On-Time,0,7142,8500,1.18,-1.3497763918182213,0.07945781384148508,-1.5054032700282542,0.07225871652349672,False,False,True,False,False,True,False,False,False,True,False,False,False,False
SHIP-10047,2025-06-16,Mumbai,Coimbatore,Electronics,82,6357.9,707,640.99,4,4,On-Time,0,10145,12000,1.69,-0.8224015717671308,0.21648101170518808,-0.7323723137115683,0.29661445174330475,False,False,True,False,False,False,False,False,False,False,True,True,False,False
SHIP-10048,2025-10-01,Delhi,Coimbatore,Apparel,258,54386.41,776,769.61,6,6,On-Time,0,7162,10000,1.47,-0.5819430324535385,0.27895725584439707,-0.6122391245542456,0.3314805457301668,False,False,True,False,False,False,False,False,True,False,False,True,False,False
SHIP-10049,2025-03-30,Kolkata,Bhopal,Consumer Goods,100,11529.57,1884,1566.5,10,10,On-Time,0,6124,7500,1.59,0.9078641934336373,0.6660408679738815,1.3168561448126195,0.8913592723597777,False,False,True,False,False,False,False,True,False,False,False,True,False,False
SHIP-10050,2025-11-12,Nagpur,Patna,Consumer Goods,225,37676.87,1719,1093.67,10,12,Delayed,2,4088,6000,1.65,0.023895828143279507,0.43636708072195957,1.0295811272624997,0.8079838302172815,False,True,False,False,False,True,False,False,False,False,False,False,False,False
SHIP-10051,2025-01-14,Bengaluru,Kochi,Electronics,99,18404.9,2002,2254.0225000000005,5,4,Early,0,7626,8500,1.72,2.193205945068137,1.0000000000000002,1.5223013088787658,0.9509853461344114,False,False,False,False,False,False,False,False,False,True,False,False,False,True
SHIP-10052,2025-08-30,Delhi,Kanpur,Electronics,38,6229.42,464,773.43,3,3,On-Time,0,5396,10000,1.67,-0.5748014400093003,0.28081279349493177,-1.1554500668308356,0.17382516422435573,True,False,False,False,False,False,False,False,True,False,False,False,False,False
SHIP-10053,2025-09-22,Mumbai,Jaipur,Consumer Goods,444,21320.53,1412,1003.96,9,11,Delayed,2,10564,12000,1.44,-0.1438194226872474,0.3927910905048203,0.49507548854803435,0.6528549772612431,False,True,False,False,True,False,False,False,False,False,True,False,False,True
SHIP-10054,2025-12-12,Delhi,Coimbatore,Industrial Equipment,314,37395.36,1983,1717.49,10,10,On-Time,0,5715,10000,1.35,1.1901440476628342,0.7393831794540493,1.4892211553426913,0.9413845376452755,False,False,True,False,False,False,False,False,True,False,False,True,False,False
SHIP-10055,2025-02-22,Nagpur,Bhopal,Electronics,436,64064.98,815,883.04,5,5,On-Time,0,2989,6000,1.24,-0.36988260550329155,0.334055066237108,-0.5443377567696718,0.35118746841839316,False,False,True,False,False,False,True,False,False,False,False,False,True,False
SHIP-10056,2025-12-06,Delhi,Bhopal,Consumer Goods,229,49126.29,1916,1164.24,12,12,On-Time,0,6563,10000,1.39,0.1558283356799005,0.4706459529728068,1.3725700876102185,0.9075290550783225,False,True,False,False,False,False,False,False,True,False,False,True,False,False
SHIP-10057,2025-04-02,Bengaluru,Lucknow,Perishables,337,40189.53,387,527.06,4,5,Delayed,1,6281,8500,1.37,-1.0353967621263096,0.16114032989225002,-1.2895117416875583,0.1349166245578575,False,False,True,False,False,False,False,False,False,True,False,False,True,False
SHIP-10058,2025-09-21,Mumbai,Kanpur,Electronics,224,51722.86,288,367.04,4,6,Delayed,2,6702,12000,1.49,-1.334558443520813,0.08341176056278164,-1.4618767522176301,0.08489135927235977,False,False,True,True,False,False,False,False,False,False,True,False,False,True
SHIP-10059,2025-02-04,Bengaluru,Chandigarh,Apparel,230,27252.23,1914,1151.01,11,12,Delayed,1,6045,8500,1.55,0.1310944958795675,0.46421957519359874,1.3690879661853685,0.9065184436584134,False,True,False,False,False,True,False,False,False,True,False,False,True,False
SHIP-10060,2025-07-25,Bengaluru,Kochi,Industrial Equipment,398,57297.38,1882,1213.82,11,11,On-Time,0,7052,8500,1.74,0.24851947530956842,0.4947290830025221,1.3133740233877695,0.8903486609398688,False,True,False,False,False,False,False,False,False,True,False,True,False,False
SHIP-10061,2025-03-22,Kolkata,Patna,Perishables,51,10308.48,152,305.45,2,4,Delayed,2,4281,7500,1.59,-1.4497026002330207,0.05349485901921232,-1.698661009107426,0.016169782718544724,True,False,False,False,False,False,False,True,False,False,False,False,False,True
SHIP-10062,2025-02-19,Delhi,Indore,Industrial Equipment,144,21891.01,496,535.85,4,3,Early,0,7227,10000,1.54,-1.0189636213972901,0.1654100094598418,-1.0997361240332366,0.18999494694290045,False,False,True,True,False,False,False,False,True,False,False,True,False,False
SHIP-10063,2025-12-26,Delhi,Lucknow,Industrial Equipment,51,12273.21,1357,778.01,8,8,On-Time,0,6094,10000,1.35,-0.5662390071834859,0.28303749570421166,0.3993171493646611,0.6250631632137443,False,True,False,False,False,False,False,False,True,False,False,True,False,False
SHIP-10064,2025-01-02,Delhi,Kochi,Automotive Parts,173,29440.95,1705,1008.12,10,13,Delayed,3,6989,10000,1.17,-0.13604219112493568,0.39481178072110945,1.0052062772885502,0.8009095502779182,False,True,False,False,False,False,True,False,True,False,False,False,False,True
SHIP-10065,2025-02-23,Nagpur,Indore,Consumer Goods,370,50999.59,1583,1043.48,10,13,Delayed,3,4580,6000,1.32,-0.06993572284528533,0.4119876475595671,0.792796870372704,0.7392622536634664,False,True,False,False,False,False,True,False,False,False,False,True,False,False
SHIP-10066,2025-04-16,Nagpur,Indore,Industrial Equipment,292,5998.88,1635,1074.56,10,10,On-Time,0,3688,6000,1.61,-0.01183082934609057,0.42708453504088123,0.8833320274188023,0.7655381505811016,False,True,False,False,False,False,False,False,False,False,False,False,False,True
SHIP-10067,2025-09-17,Bengaluru,Kanpur,Electronics,67,7519.22,512,853.41,4,4,On-Time,0,7797,8500,1.27,-0.4252766851165845,0.3196625058744524,-1.0718791526344371,0.19807983830217282,True,False,False,False,False,True,False,False,False,True,False,True,False,False
SHIP-10068,2025-11-06,Bengaluru,Kanpur,Perishables,311,26535.57,608,1106.0,3,2,Early,0,6077,8500,1.58,0.04694709380753526,0.4423562899447588,-0.9047373242416402,0.246589186457807,True,False,False,False,False,False,False,False,False,True,False,True,False,False
SHIP-10069,2025-07-10,Bengaluru,Jaipur,Consumer Goods,331,63156.4,841,1448.65,3,4,Delayed,1,7118,8500,1.5,0.6875404579484342,0.6087960742263634,-0.4990701782466226,0.36432541687721076,True,False,False,False,True,False,False,False,False,True,False,False,False,False
SHIP-10070,2025-08-06,Delhi,Bhopal,Apparel,34,2174.14,1065,913.23,6,6,On-Time,0,7908,10000,1.25,-0.31344159087199497,0.34871964259041793,-0.10907257866342968,0.47751389590702376,False,False,True,False,False,False,False,False,True,False,False,False,False,True
SHIP-10071,2025-02-13,Nagpur,Kochi,Consumer Goods,82,5184.59,1172,966.52,6,9,Delayed,3,5104,6000,1.31,-0.21381450674805372,0.374604878558218,0.07722091756604195,0.5315816068721577,False,False,True,False,False,False,True,False,False,False,False,False,False,True
SHIP-10072,2025-06-11,Mumbai,Lucknow,Industrial Equipment,382,22743.12,158,344.36,2,4,Delayed,2,6380,12000,1.45,-1.3769593117499552,0.07239511294128219,-1.688214644832876,0.01920161697827185,False,False,True,False,True,False,False,False,False,False,True,False,False,True
SHIP-10073,2025-07-21,Mumbai,Surat,Electronics,420,18698.26,2002,1769.01,11,12,Delayed,1,6655,12000,1.4,1.2864620693191573,0.7644086505942456,1.5223013088787658,0.9509853461344114,False,False,True,False,True,False,False,False,False,False,True,False,False,False
SHIP-10074,2025-09-27,Bengaluru,Lucknow,Automotive Parts,138,12155.96,1755,1474.16,9,9,On-Time,0,5772,8500,1.62,0.7352320870721298,0.621187374086348,1.0922593129097986,0.8261748357756443,False,False,True,False,False,False,True,False,False,True,False,True,False,False
SHIP-10075,2025-12-17,Delhi,Jaipur,Automotive Parts,96,21426.4,1316,804.68,8,9,Delayed,1,8505,10000,1.59,-0.5163787269510687,0.2959922572591231,0.3279336601552374,0.604345629105609,False,True,False,False,False,False,False,False,True,False,False,False,False,False
SHIP-10076,2025-10-31,Delhi,Patna,Electronics,339,66819.68,1160,1108.04,6,7,Delayed,1,5428,10000,1.49,0.05076092851597656,0.44334720533928523,0.05632818901694232,0.5255179383527034,False,False,True,False,False,False,False,False,True,False,False,False,True,False
SHIP-10077,2025-09-28,Kolkata,Bhopal,Industrial Equipment,435,81686.06,1199,1196.9,6,6,On-Time,0,6798,7500,1.64,0.21688708155131975,0.48651031414203844,0.1242295568015161,0.5452248610409298,False,False,True,True,False,False,False,True,False,False,False,False,False,False
SHIP-10078,2025-08-03,Delhi,Surat,Industrial Equipment,445,90056.5,345,505.83,3,4,Delayed,1,5099,10000,1.49,-1.07508681646955,0.15082800938940905,-1.3626362916094068,0.11369378473976757,False,False,True,False,True,False,False,False,True,False,False,False,False,True
SHIP-10079,2025-09-09,Bengaluru,Coimbatore,Apparel,162,12686.74,1701,1035.87,10,10,On-Time,0,4524,8500,1.73,-0.08416282192922615,0.40829114454371124,0.9982420344388502,0.7988883274381001,False,True,False,False,False,False,True,False,False,True,False,False,False,True
SHIP-10080,2025-07-09,Delhi,Patna,Consumer Goods,191,42697.82,186,296.09,2,2,On-Time,0,5285,10000,1.28,-1.4672013712482224,0.04894830603256174,-1.639464944884977,0.03335017685699849,False,False,True,False,False,False,True,False,True,False,False,False,False,False
SHIP-10081,2025-10-23,Mumbai,Kanpur,Consumer Goods,134,6333.68,1340,1149.12,8,8,On-Time,0,8705,12000,1.58,0.12756109019380546,0.4633015212251404,0.36971911725343665,0.6164729661445175,False,False,True,False,False,False,False,False,False,False,True,False,False,True
SHIP-10082,2025-08-01,Mumbai,Indore,Electronics,76,7147.13,1797,1039.43,11,11,On-Time,0,10574,12000,1.37,-0.07750730645763207,0.41002038905572796,1.165383862831647,0.8473976755937342,False,True,False,False,False,False,False,False,False,False,True,True,False,False
SHIP-10083,2025-07-27,Mumbai,Coimbatore,Consumer Goods,15,2293.29,954,813.32,5,5,On-Time,0,6838,12000,1.32,-0.5002260152447285,0.3001890754006467,-0.30233031774260116,0.4214249621020718,False,False,True,False,False,False,False,False,False,False,True,True,False,False
SHIP-10084,2025-08-25,Kolkata,Lucknow,Automotive Parts,134,5250.48,1166,1011.49,7,7,On-Time,0,5324,7500,1.26,-0.12974188574873596,0.39644873409343984,0.06677455329149214,0.5285497726124306,False,False,True,False,True,False,False,True,False,False,False,False,False,False
SHIP-10085,2025-12-04,Mumbai,Lucknow,Electronics,323,60265.53,1118,1098.9,6,5,Early,0,6391,12000,1.48,0.0336734534007052,0.43890751577753456,-0.01679636090490635,0.5042950985346135,False,False,True,False,False,False,False,False,False,False,True,True,False,False
SHIP-10086,2025-02-22,Bengaluru,Kanpur,Automotive Parts,335,35510.95,1749,1139.29,11,13,Delayed,2,6346,8500,1.28,0.10918364157420823,0.45852666910347645,1.0818129486352488,0.8231430015159172,False,True,False,True,False,False,False,False,False,True,False,False,False,False
SHIP-10087,2025-10-07,Mumbai,Jaipur,Consumer Goods,62,12358.79,1897,1082.78,11,11,On-Time,0,6095,12000,1.27,0.003536681096746743,0.43107734118941415,1.339489934074144,0.8979282465891866,False,True,False,False,False,False,False,False,False,False,True,False,False,True
SHIP-10088,2025-08-05,Bengaluru,Kochi,Apparel,75,9812.3,356,392.77,3,3,On-Time,0,5787,8500,1.74,-1.2864555184971873,0.09590992384766615,-1.3434846237727323,0.1192521475492673,False,False,True,False,False,False,False,False,False,True,False,False,False,True
SHIP-10089,2025-09-09,Nagpur,Coimbatore,Industrial Equipment,323,18574.28,1076,1051.31,7,7,On-Time,0,4547,6000,1.63,-0.05529732786141494,0.41579101400032287,-0.08992091082675502,0.4830722587165236,False,False,True,False,False,False,False,False,False,False,False,True,False,False
SHIP-10090,2025-07-07,Kolkata,Coimbatore,Automotive Parts,91,17077.88,1038,931.11,6,6,On-Time,0,5416,7500,1.6,-0.28001445136859715,0.3574047245777376,-0.1560812178989038,0.46387064173825165,False,False,True,False,False,False,False,True,False,False,False,True,False,False
SHIP-10091,2025-02-10,Delhi,Chandigarh,Consumer Goods,96,7128.37,2066,2254.0225000000005,7,8,Delayed,1,5158,10000,1.63,2.193205945068137,1.0000000000000002,1.6337291944739636,0.9833249115715009,True,False,False,False,True,False,False,False,True,False,False,False,True,False
SHIP-10092,2025-06-06,Delhi,Patna,Consumer Goods,11,1433.74,1709,1392.05,8,8,On-Time,0,5258,10000,1.73,0.5817252400573647,0.5813030294566601,1.01217052013825,0.8029307731177363,False,False,True,False,False,False,False,False,True,False,False,False,False,False
SHIP-10093,2025-01-15,Mumbai,Bhopal,Consumer Goods,213,6975.82,1281,823.19,8,8,On-Time,0,9186,12000,1.49,-0.4817737855524167,0.3049833572359289,0.2669965352203635,0.5866599292572007,False,True,False,False,False,False,False,False,False,False,True,False,False,False
SHIP-10094,2025-10-28,Bengaluru,Patna,Electronics,159,25471.59,592,592.49,4,6,Delayed,2,7056,8500,1.28,-0.9130736224335063,0.1929224839431632,-0.9325942956404397,0.23850429509853463,False,False,True,False,False,False,False,False,False,True,False,False,False,True
SHIP-10095,2025-03-06,Delhi,Kochi,Consumer Goods,302,51785.93,1988,2254.0225000000005,6,8,Delayed,2,8767,10000,1.67,2.193205945068137,1.0000000000000002,1.4979264589048162,0.9439110661950482,True,False,False,True,False,False,False,False,True,False,False,False,False,False
SHIP-10096,2025-12-11,Mumbai,Lucknow,Consumer Goods,413,42947.23,1927,1275.56,12,15,Delayed,3,9988,12000,1.6,0.3639440610444556,0.5247188459721596,1.391721755446893,0.9130874178878222,False,True,False,True,False,False,False,False,False,False,True,False,False,True
SHIP-10097,2025-11-23,Bengaluru,Lucknow,Consumer Goods,112,26800.41,672,619.11,4,3,Early,0,7715,8500,1.4,-0.8633068185419822,0.20585295835605188,-0.7933094386464422,0.27892875189489647,False,False,True,False,False,False,False,False,False,True,False,False,False,True
SHIP-10098,2025-01-09,Mumbai,Lucknow,Industrial Equipment,33,7274.18,1753,1007.53,11,12,Delayed,1,7702,12000,1.43,-0.13714521194747514,0.39452519244524153,1.0887771914849487,0.8251642243557353,False,True,False,False,True,False,False,False,False,False,True,True,False,False
SHIP-10099,2025-12-10,Kolkata,Chandigarh,Consumer Goods,377,68375.03,814,1422.82,4,4,On-Time,0,4542,7500,1.4,0.639250580243022,0.5962493366574334,-0.5460788174820967,0.35068216270843866,True,False,False,False,False,False,False,True,False,False,False,False,False,True
SHIP-10100,2025-05-09,Delhi,Lucknow,Consumer Goods,221,40378.52,1783,2254.0225000000005,5,5,On-Time,0,4632,10000,1.71,2.193205945068137,1.0000000000000002,1.1410090128576975,0.840323395654371,True,False,False,False,False,False,False,False,True,False,False,False,False,False
SHIP-10101,2025-05-16,Delhi,Kochi,Consumer Goods,74,5499.27,1372,1125.6,7,8,Delayed,1,6614,10000,1.36,0.083589819437658,0.45187684961765956,0.4254330600510356,0.6326427488630623,False,False,True,False,True,False,False,False,True,False,False,False,True,False
SHIP-10102,2025-03-04,Kolkata,Kanpur,Industrial Equipment,218,36918.64,436,823.26,3,3,On-Time,0,5671,7500,1.73,-0.48164291867516634,0.30501735923476064,-1.2041997667787347,0.1596766043456291,True,False,False,False,False,False,False,True,False,False,False,True,False,False
SHIP-10103,2025-05-19,Mumbai,Bhopal,Automotive Parts,260,16010.4,717,1216.15,4,6,Delayed,2,9998,12000,1.7,0.25287547279519046,0.49586086382078026,-0.7149617065873186,0.30166750884285,True,False,False,True,False,False,False,False,False,False,True,False,False,False
SHIP-10104,2025-03-22,Bengaluru,Kochi,Apparel,394,19243.26,887,948.04,5,5,On-Time,0,4893,8500,1.53,-0.24836336234216966,0.3656283508666259,-0.418981385475074,0.3875694795351188,False,False,True,False,False,False,False,False,False,True,False,False,False,True
SHIP-10105,2025-06-12,Mumbai,Bhopal,Industrial Equipment,126,31484.24,1864,1541.66,10,11,Delayed,1,8296,12000,1.5,0.8614251472779103,0.6539750158170012,1.28203493056412,0.8812531581606873,False,False,True,False,False,True,False,False,False,False,True,False,False,True
SHIP-10106,2025-10-16,Delhi,Kochi,Consumer Goods,125,20157.29,1870,1102.37,12,12,On-Time,0,7611,10000,1.37,0.040160711458690865,0.4405930434339103,1.29248129483867,0.8842849924204145,False,True,False,False,False,False,False,False,True,False,False,True,False,False
SHIP-10107,2025-09-18,Kolkata,Lucknow,Apparel,246,28605.41,1005,940.14,7,8,Delayed,1,5319,7500,1.16,-0.2631326242032906,0.36179098242703833,-0.21353622140892778,0.44719555330975247,False,False,True,False,True,False,False,True,False,False,False,False,False,True
SHIP-10108,2025-08-19,Kolkata,Kanpur,Consumer Goods,114,9429.93,1755,1016.23,10,9,Early,0,4340,7500,1.23,-0.12088032863206336,0.3987511551571924,1.0922593129097986,0.8261748357756443,False,True,False,False,False,False,True,True,False,False,False,False,False,True
SHIP-10109,2025-02-10,Bengaluru,Coimbatore,Consumer Goods,268,42054.91,680,1196.66,4,4,On-Time,0,7006,8500,1.6,0.21643839511503252,0.48639373586032947,-0.7793809529470425,0.28297119757453265,True,False,False,False,False,False,False,False,False,True,False,True,False,False
SHIP-10110,2025-01-28,Mumbai,Patna,Industrial Equipment,55,1466.0,1344,1112.07,8,8,On-Time,0,6377,12000,1.43,0.058295121591966065,0.4453047489863153,0.3766833601031365,0.6184941889843356,False,False,True,False,False,False,False,False,False,False,True,False,False,False
SHIP-10111,2025-05-15,Bengaluru,Indore,Automotive Parts,320,11920.01,2091,1797.44,11,11,On-Time,0,7440,8500,1.24,1.3396127167510141,0.7782183195483563,1.677255712284588,0.9959575543203639,False,False,True,False,False,False,False,False,False,True,False,False,False,False
SHIP-10112,2025-07-20,Mumbai,Kanpur,Electronics,340,7725.25,377,475.64,4,5,Delayed,1,10772,12000,1.31,-1.1315278311008463,0.13616343303609918,-1.306922348811808,0.1298635674583123,False,False,True,False,True,False,False,False,False,False,True,False,False,True
SHIP-10113,2025-11-24,Delhi,Coimbatore,Apparel,225,29768.6,1623,1005.36,10,10,On-Time,0,6218,10000,1.72,-0.14120208514223867,0.3934711304814561,0.8624392988697027,0.7594744820616474,False,True,False,False,False,False,False,False,True,False,False,False,True,False
SHIP-10114,2025-09-25,Nagpur,Jaipur,Apparel,310,48404.19,2031,1767.92,10,11,Delayed,1,3760,6000,1.37,1.2844242850876864,0.7638791908981506,1.5727920695390898,0.9656392117230926,False,False,True,False,False,False,False,False,False,False,False,True,False,False
SHIP-10115,2025-02-02,Delhi,Kochi,Electronics,419,12437.07,1321,954.54,9,10,Delayed,1,7993,10000,1.69,-0.23621143802605746,0.3687856793295776,0.33663896371736224,0.6068721576553816,False,True,False,False,True,False,False,False,True,False,False,True,False,False
SHIP-10116,2025-02-17,Nagpur,Jaipur,Electronics,342,63094.81,876,877.43,6,6,On-Time,0,3986,6000,1.33,-0.3803706509515053,0.3313300489021604,-0.4381330533117487,0.38201111672561905,False,False,True,False,False,False,False,False,False,False,False,False,False,False
SHIP-10117,2025-03-03,Mumbai,Coimbatore,Consumer Goods,33,2281.71,242,262.03,3,4,Delayed,1,5561,12000,1.48,-1.5308774546646502,0.03240390488669438,-1.5419655449891787,0.06164729661445175,False,False,True,False,True,False,False,False,False,False,True,True,False,False
SHIP-10118,2025-08-04,Delhi,Kanpur,Electronics,44,7744.98,461,438.99,3,3,On-Time,0,8823,10000,1.16,-1.2000459889755404,0.11836095793345565,-1.1606732489681106,0.17230924709449216,False,False,True,False,False,False,False,False,True,False,False,True,False,False
SHIP-10119,2025-10-20,Bengaluru,Kochi,Electronics,33,8109.61,1314,2254.0225000000005,4,4,On-Time,0,5545,8500,1.46,2.193205945068137,1.0000000000000002,0.32445153873038746,0.6033350176857,False,False,False,False,False,False,False,False,False,True,False,True,False,False
SHIP-10120,2025-04-09,Nagpur,Indore,Consumer Goods,37,6564.17,1988,2254.0225000000005,7,8,Delayed,1,3273,6000,1.53,2.193205945068137,1.0000000000000002,1.4979264589048162,0.9439110661950482,True,False,False,False,True,False,False,False,False,False,False,True,False,False
SHIP-10121,2025-06-21,Kolkata,Lucknow,Consumer Goods,25,5563.76,1791,1024.16,11,12,Delayed,1,5333,7500,1.29,-0.10605498096640636,0.4026030958819936,1.1549374985570973,0.8443658413340072,False,True,False,False,True,False,False,True,False,False,False,False,False,False
SHIP-10122,2025-12-26,Kolkata,Kochi,Industrial Equipment,68,16172.21,1202,725.74,8,8,On-Time,0,4146,7500,1.5,-0.6639591739532065,0.2576477174336748,0.129452738938791,0.5467407781707934,False,True,False,False,False,False,False,True,False,False,False,True,False,False
SHIP-10123,2025-08-02,Bengaluru,Kochi,Apparel,252,32605.4,1848,1155.77,12,16,Delayed,4,4648,8500,1.54,0.13999344353259732,0.4665317111141604,1.2541779591653206,0.8731682668014149,False,True,False,False,False,False,False,False,False,True,False,False,False,True
SHIP-10124,2025-02-04,Bengaluru,Kanpur,Perishables,447,80480.73,1608,1471.2,9,10,Delayed,1,6005,8500,1.56,0.7296982876912541,0.6197495752786039,0.8363233881833282,0.7518948964123295,False,False,True,False,False,False,False,False,False,True,False,True,False,False
SHIP-10125,2025-08-15,Kolkata,Kanpur,Consumer Goods,216,46485.96,1923,1149.8,11,10,Early,0,4753,7500,1.62,0.1288323684299527,0.4636318263566493,1.3847575125971932,0.9110661950480041,False,True,False,False,False,False,False,True,False,False,False,False,False,False
SHIP-10126,2025-04-11,Delhi,Coimbatore,Industrial Equipment,409,40410.47,379,551.29,3,2,Early,0,7193,10000,1.34,-0.9900981273294791,0.17290987891645337,-1.303440227386958,0.13087417887822134,False,False,True,False,False,False,False,False,True,False,False,True,False,False
SHIP-10127,2025-05-11,Mumbai,Surat,Automotive Parts,280,21399.94,1516,990.59,9,9,On-Time,0,11022,12000,1.49,-0.16881499624208127,0.38629670872794875,0.676145802640231,0.7054067710965135,False,True,False,False,False,False,False,False,False,False,True,False,False,False
SHIP-10128,2025-09-14,Delhi,Kochi,Apparel,258,61262.27,214,365.7,2,3,Delayed,1,8537,10000,1.74,-1.3370636094567498,0.08276086515657312,-1.5907152449370778,0.04749873673572511,False,False,True,False,True,False,False,False,True,False,False,False,False,True
SHIP-10129,2025-01-05,Nagpur,Patna,Consumer Goods,276,51248.05,1268,1150.85,7,7,On-Time,0,2721,6000,1.69,0.1307953715887092,0.46414185633912614,0.24436274595883892,0.5800909550277918,False,False,True,False,True,False,False,False,False,False,False,True,False,False
SHIP-10130,2025-08-06,Nagpur,Kochi,Industrial Equipment,202,13458.31,160,286.37,3,3,On-Time,0,2842,6000,1.72,-1.4853731719178547,0.044226885623347714,-1.6847325234080262,0.020212228398180897,False,False,True,False,False,False,False,False,False,False,False,False,False,True
SHIP-10131,2025-09-12,Delhi,Coimbatore,Electronics,344,41463.9,2034,2254.0225000000005,6,6,On-Time,0,7367,10000,1.38,2.193205945068137,1.0000000000000002,1.5780152516763646,0.9671551288529562,True,False,False,False,False,False,False,False,True,False,False,True,False,False
SHIP-10132,2025-12-25,Kolkata,Bhopal,Consumer Goods,227,45891.72,373,449.62,3,5,Delayed,2,5582,7500,1.62,-1.1801729189016523,0.12352440432748295,-1.313886591661508,0.1278423446184942,False,False,True,False,False,False,False,True,False,False,False,False,False,True
SHIP-10133,2025-10-10,Nagpur,Jaipur,Apparel,124,17801.42,126,224.42,2,2,On-Time,0,5176,6000,1.52,-1.601190358284493,0.01413511665721491,-1.7439285876304749,0.0030318342597271328,False,False,True,False,False,False,False,False,False,False,False,True,False,False
SHIP-10134,2025-07-26,Delhi,Lucknow,Apparel,77,12915.88,1614,940.85,10,13,Delayed,3,7456,10000,1.2,-0.26180526016260747,0.36213585984376073,0.846769752457878,0.7549267306720566,False,True,False,False,False,False,True,False,True,False,False,False,True,False
SHIP-10135,2025-01-15,Bengaluru,Surat,Electronics,308,59177.74,847,1424.99,3,4,Delayed,1,4734,8500,1.64,0.6433074534377856,0.5973033986212188,-0.4886238139720728,0.3673572511369379,True,False,False,False,True,False,False,False,False,True,False,True,False,False
SHIP-10136,2025-12-12,Nagpur,Indore,Perishables,334,53831.5,1654,2254.0225000000005,5,5,On-Time,0,4021,6000,1.56,2.193205945068137,1.0000000000000002,0.9164121809548768,0.7751389590702376,True,False,False,False,True,False,False,False,False,False,False,False,False,False
SHIP-10137,2025-02-11,Delhi,Indore,Apparel,406,57618.97,1724,1143.06,11,13,Delayed,2,8302,10000,1.27,0.11623175767755327,0.4603579196119885,1.0382864308246245,0.8105103587670541,False,True,False,True,False,False,False,False,True,False,False,True,False,False
SHIP-10138,2025-06-28,Bengaluru,Indore,Consumer Goods,403,77037.22,188,382.84,2,2,On-Time,0,7511,8500,1.2,-1.3050199197985712,0.09108649744195672,-1.635982823460127,0.034360788276907535,False,False,True,False,False,False,False,False,False,True,False,True,False,False
SHIP-10139,2025-03-04,Mumbai,Kanpur,Perishables,84,15622.09,1224,1047.04,7,6,Early,0,6736,12000,1.65,-0.06328020737369168,0.41371689207158385,0.1677560746121403,0.5578575037897929,False,False,True,False,False,False,False,False,False,False,True,False,False,True
SHIP-10140,2025-12-18,Nagpur,Indore,Consumer Goods,112,18258.24,661,646.25,5,6,Delayed,1,4221,6000,1.2,-0.8125678607051692,0.21903601904597675,-0.8124611064831169,0.2733703890853967,False,False,True,False,True,False,False,False,False,False,False,False,True,False
SHIP-10141,2025-08-19,Nagpur,Lucknow,Perishables,306,30462.46,1728,2254.0225000000005,5,5,On-Time,0,3148,6000,1.2,2.193205945068137,1.0000000000000002,1.0452506736743243,0.8125315816068722,True,False,False,False,False,False,False,False,False,False,False,True,False,False
SHIP-10142,2025-08-29,Nagpur,Jaipur,Apparel,187,20638.41,1405,898.38,9,10,Delayed,1,4101,6000,1.41,-0.3412040641172667,0.3415063614096742,0.48288806356105957,0.6493178372915615,False,True,False,False,True,False,False,False,False,False,False,True,False,False
SHIP-10143,2025-02-21,Mumbai,Indore,Electronics,224,54443.89,208,330.12,3,4,Delayed,1,5908,12000,1.23,-1.4035813736363303,0.06547813489321551,-1.6011616092116276,0.04446690247599799,False,False,True,False,True,False,False,False,False,False,True,True,False,False
SHIP-10144,2025-04-06,Nagpur,Kochi,Industrial Equipment,324,13417.06,2058,1291.74,13,15,Delayed,2,5355,6000,1.7,0.39419300495748577,0.5325781651307073,1.6198007087745638,0.9792824658918647,False,True,False,True,False,False,False,False,False,False,False,True,False,False
SHIP-10145,2025-08-10,Kolkata,Kochi,Apparel,48,3748.74,1351,770.92,9,9,On-Time,0,5624,7500,1.43,-0.5794939523221375,0.27959357896539194,0.3888707850901113,0.6220313289540172,False,True,False,False,False,False,False,True,False,False,False,True,False,False
SHIP-10146,2025-08-19,Mumbai,Kanpur,Industrial Equipment,268,35031.46,332,435.66,3,3,On-Time,0,10217,12000,1.49,-1.2062715132790254,0.11674343427474342,-1.3852700808709315,0.10712481051035877,False,False,True,False,False,False,False,False,False,False,True,False,False,True
SHIP-10147,2025-08-25,Kolkata,Lucknow,Perishables,213,45077.5,953,901.13,6,6,On-Time,0,6893,7500,1.71,-0.33606286536814234,0.34284215422092307,-0.30407137845502613,0.42091965639211726,False,False,True,False,True,False,False,True,False,False,False,True,False,False
SHIP-10148,2025-05-23,Delhi,Jaipur,Industrial Equipment,16,855.42,385,369.68,3,5,Delayed,2,5358,10000,1.47,-1.3296228927216533,0.08469412166158051,-1.2929938631124083,0.13390601313794845,False,False,True,True,False,False,False,False,True,False,False,True,False,False
SHIP-10149,2025-06-20,Bengaluru,Surat,Apparel,58,4644.89,1031,896.71,6,8,Delayed,2,6598,8500,1.36,-0.34432617390309855,0.34069517086611584,-0.1682686428858786,0.46033350176857,False,False,True,True,False,False,False,False,False,True,False,False,False,False
SHIP-10150,2025-01-29,Delhi,Coimbatore,Automotive Parts,35,1066.19,412,394.92,4,4,On-Time,0,8668,10000,1.63,-1.282436035838781,0.09695427095464253,-1.245985223876934,0.14754926730672058,False,False,True,False,False,True,False,False,True,False,False,False,False,True
SHIP-10151,2025-02-05,Delhi,Jaipur,Apparel,170,30754.11,1350,846.0,8,9,Delayed,1,7206,10000,1.42,-0.4391298788369523,0.3160631514266874,0.38712972437768634,0.6215260232440627,False,True,False,False,False,False,False,False,True,False,False,True,False,False
SHIP-10152,2025-01-13,Delhi,Coimbatore,Consumer Goods,366,25978.39,452,890.53,3,3,On-Time,0,7506,10000,1.34,-0.3558798496374946,0.33769328011210936,-1.1763427953799352,0.16776149570490148,True,False,False,False,False,False,False,False,True,False,False,True,False,False
SHIP-10153,2025-06-09,Bengaluru,Bhopal,Automotive Parts,185,19672.63,1220,1081.58,7,7,On-Time,0,5453,8500,1.58,0.0012932489153105612,0.4304944497808691,0.1607918317624404,0.5558362809499748,False,False,True,False,False,False,False,False,False,True,False,False,False,True
SHIP-10154,2025-11-23,Mumbai,Coimbatore,Electronics,88,10495.75,1431,875.38,10,10,On-Time,0,9205,12000,1.63,-0.3842031809281252,0.33033427607922944,0.5281556420841087,0.662455785750379,False,True,False,False,False,False,False,False,False,False,True,True,False,False
SHIP-10155,2025-07-06,Kolkata,Patna,Industrial Equipment,11,2469.05,1124,919.93,6,9,Delayed,3,4769,7500,1.63,-0.3009157611923102,0.3519741196214605,-0.006349996630356539,0.5073269327943406,False,False,True,False,False,False,True,True,False,False,False,False,False,True
SHIP-10156,2025-08-31,Delhi,Kochi,Automotive Parts,392,43771.75,166,473.54,3,5,Delayed,2,6740,10000,1.74,-1.1354538374183596,0.13514337307114554,-1.6742861591334763,0.023244062657908036,True,False,False,False,False,True,False,False,True,False,False,True,False,False
SHIP-10157,2025-03-27,Mumbai,Lucknow,Industrial Equipment,425,20879.35,741,826.81,4,5,Delayed,1,5980,12000,1.62,-0.47500609847175135,0.30674174631837275,-0.6731762494891195,0.3137948458817585,False,False,True,False,False,False,False,False,False,False,True,False,False,True
SHIP-10158,2025-10-11,Bengaluru,Chandigarh,Apparel,141,19488.18,1343,837.09,9,9,On-Time,0,3856,8500,1.61,-0.4557873627841153,0.3117351827182412,0.37494229939071155,0.6179888832743811,False,True,False,False,False,False,False,False,False,True,False,True,False,False
SHIP-10159,2025-03-07,Kolkata,Kanpur,Industrial Equipment,285,68769.11,546,624.58,5,5,On-Time,0,3569,7500,1.66,-0.8530805068482693,0.20850997169333596,-1.0126830884119882,0.21526023244062661,False,False,True,False,False,False,False,True,False,False,False,False,False,True
SHIP-10160,2025-06-19,Mumbai,Patna,Consumer Goods,126,19883.57,329,369.07,4,4,On-Time,0,6485,12000,1.15,-1.3307633040805504,0.0843978185289035,-1.3904932630082063,0.1056088933804952,False,False,True,True,False,False,False,False,False,False,True,False,False,False
SHIP-10161,2025-02-14,Bengaluru,Coimbatore,Automotive Parts,173,42574.61,1007,904.99,7,7,On-Time,0,5649,8500,1.37,-0.3288464918511895,0.34471712158507595,-0.21005409998407784,0.44820616472966146,False,False,True,False,False,False,False,False,False,True,False,False,False,True
SHIP-10162,2025-03-03,Nagpur,Indore,Electronics,297,63160.08,1563,2254.0225000000005,4,6,Delayed,2,2759,6000,1.59,2.193205945068137,1.0000000000000002,0.7579756561242046,0.7291561394643761,False,False,False,False,False,False,False,False,False,False,False,True,False,False
SHIP-10163,2025-05-14,Bengaluru,Lucknow,Electronics,37,867.72,273,295.2,4,3,Early,0,4447,8500,1.51,-1.4688652501161206,0.04851599490455759,-1.4879926629040046,0.07731177362304195,False,False,True,False,False,False,False,False,False,True,False,True,False,False
SHIP-10164,2025-10-11,Delhi,Patna,Consumer Goods,342,58045.58,1665,1467.81,8,8,On-Time,0,8172,10000,1.26,0.7233605917786969,0.6181029070494644,0.9355638487915513,0.7806973218797373,False,False,True,False,False,False,False,False,True,False,False,True,False,False
SHIP-10165,2025-01-28,Delhi,Kanpur,Apparel,10,823.9,534,477.95,4,7,Delayed,3,8082,10000,1.45,-1.1272092241515816,0.13728549899754816,-1.0335758169610878,0.20919656392117233,False,False,True,False,False,False,True,False,True,False,False,True,False,False
SHIP-10166,2025-04-18,Nagpur,Kochi,Apparel,197,28862.46,1496,1276.24,8,8,On-Time,0,4927,6000,1.35,0.36521533928060285,0.5250491511036685,0.6413245883917317,0.695300656897423,False,False,True,False,False,False,False,False,False,False,False,True,False,False
SHIP-10167,2025-02-13,Delhi,Lucknow,Automotive Parts,65,5242.0,1300,1095.09,8,9,Delayed,1,8831,10000,1.49,0.026550556224645264,0.43705683555540426,0.3000766887564379,0.5962607377463366,False,False,True,False,False,False,False,False,True,False,False,False,False,False
SHIP-10168,2025-12-06,Nagpur,Kanpur,Consumer Goods,44,4267.32,1404,1189.61,8,7,Early,0,3035,6000,1.65,0.2032582310490951,0.48296924883512776,0.4811470028486346,0.6488125315816069,False,False,True,False,False,False,False,False,False,False,False,False,False,True
SHIP-10169,2025-10-13,Bengaluru,Bhopal,Consumer Goods,121,28065.3,1220,1880.21,5,5,On-Time,0,4476,8500,1.71,1.494353451465569,0.8184232544527438,0.1607918317624404,0.5558362809499748,True,False,False,False,False,False,False,False,False,True,False,False,False,True
SHIP-10170,2025-11-27,Nagpur,Bhopal,Electronics,295,18750.54,888,864.65,6,6,On-Time,0,3640,6000,1.6,-0.4042632036837997,0.3251222554011567,-0.41724032476264905,0.38807478524507333,False,False,True,False,True,False,False,False,False,False,False,False,False,True
SHIP-10171,2025-05-08,Kolkata,Kanpur,Consumer Goods,319,70312.59,1102,1076.34,6,6,On-Time,0,6600,7500,1.66,-0.008503071610293744,0.4279491572968896,-0.04465333230370584,0.49621020717534114,False,False,True,False,False,False,False,True,False,False,False,False,False,True
SHIP-10172,2025-12-14,Nagpur,Patna,Apparel,45,997.09,1631,2254.0225000000005,6,8,Delayed,2,4886,6000,1.43,2.193205945068137,1.0000000000000002,0.8763677845691025,0.7635169277412835,True,False,False,False,False,False,False,False,False,False,False,True,False,False
SHIP-10173,2025-08-19,Mumbai,Lucknow,Electronics,448,16287.48,1274,2254.0225000000005,4,6,Delayed,2,7228,12000,1.38,2.193205945068137,1.0000000000000002,0.2548091102333887,0.583122789287519,False,False,False,True,False,False,False,False,False,False,True,False,False,False
SHIP-10174,2025-07-09,Kolkata,Patna,Consumer Goods,226,48781.79,698,699.46,4,4,On-Time,0,3683,7500,1.39,-0.713090338726657,0.2448823955865405,-0.748041860123393,0.292066700353714,False,False,True,False,False,False,False,True,False,False,False,True,False,False
SHIP-10175,2025-08-13,Mumbai,Surat,Electronics,89,14523.08,1598,2254.0225000000005,4,6,Delayed,2,8876,12000,1.52,2.193205945068137,1.0000000000000002,0.8189127810590785,0.7468418393127844,False,False,False,False,True,False,False,False,False,False,True,False,False,False
SHIP-10176,2025-10-10,Mumbai,Coimbatore,Electronics,323,61563.96,859,1441.11,3,3,On-Time,0,6848,12000,1.22,0.6734442257417437,0.6051335732093392,-0.46773108542297315,0.3734209196563922,True,False,False,False,False,False,False,False,False,False,True,False,False,False
SHIP-10177,2025-05-01,Bengaluru,Surat,Consumer Goods,92,5907.61,282,301.95,4,4,On-Time,0,5946,8500,1.5,-1.4562459440955424,0.05179475907762289,-1.47232311649218,0.08185952501263263,False,False,True,False,False,False,False,False,False,True,False,False,False,False
SHIP-10178,2025-04-26,Nagpur,Bhopal,Electronics,74,10449.88,1158,1754.48,5,8,Delayed,3,5355,6000,1.55,1.2592978446556018,0.7573508071224472,0.052846067592092386,0.5245073269327944,True,False,False,False,True,False,False,False,False,False,False,False,False,True
SHIP-10179,2025-08-21,Nagpur,Kochi,Industrial Equipment,334,62874.34,1375,1245.63,7,7,On-Time,0,4314,6000,1.41,0.3079891233858039,0.5101805627573678,0.4306562421883105,0.6341586659929258,False,False,True,True,False,False,False,False,False,False,False,True,False,False
SHIP-10180,2025-09-16,Kolkata,Jaipur,Automotive Parts,137,22251.38,314,364.89,3,4,Delayed,1,6631,7500,1.72,-1.3385779261792194,0.08236741345580527,-1.416609173694581,0.09802930773117735,False,False,True,False,True,False,False,True,False,False,False,False,False,True
SHIP-10181,2025-12-25,Mumbai,Coimbatore,Apparel,316,39768.35,2004,1258.43,13,13,On-Time,0,7616,12000,1.51,0.33191906665445553,0.5163980711151805,1.5257834303036157,0.9519959575543205,False,True,False,False,False,False,False,False,False,False,True,False,False,True
SHIP-10182,2025-07-17,Mumbai,Bhopal,Perishables,31,7457.02,661,597.58,4,4,On-Time,0,8972,12000,1.28,-0.9035577309305814,0.1953949150010747,-0.8124611064831169,0.2733703890853967,False,False,True,False,False,False,False,False,False,False,True,False,False,True
SHIP-10183,2025-05-17,Kolkata,Patna,Consumer Goods,225,39126.82,478,514.57,4,4,On-Time,0,6525,7500,1.44,-1.0587471520814236,0.15507340181497814,-1.131075216856886,0.18089944416371906,False,False,True,False,False,False,False,True,False,False,False,False,False,False
SHIP-10184,2025-11-14,Delhi,Patna,Apparel,116,26485.29,969,1510.37,4,6,Delayed,2,7263,10000,1.56,0.8029276531469637,0.6387761223391917,-0.27621440705622663,0.42900454775138963,True,False,False,False,False,False,False,False,True,False,False,True,False,False
SHIP-10185,2025-06-14,Delhi,Patna,Perishables,118,22006.54,1474,1223.59,8,9,Delayed,1,7390,10000,1.34,0.2667847523200939,0.4994747905537588,0.6030212527183824,0.6841839312784235,False,False,True,False,True,False,False,False,True,False,False,True,False,False
SHIP-10186,2025-08-13,Mumbai,Kochi,Electronics,381,71564.73,546,652.74,4,3,Early,0,9439,12000,1.2,-0.8004346316572356,0.222188490080524,-1.0126830884119882,0.21526023244062661,False,False,True,False,False,False,False,False,False,False,True,True,False,False
SHIP-10187,2025-11-03,Mumbai,Surat,Perishables,366,12372.37,616,1111.91,3,3,On-Time,0,10375,12000,1.5,0.05799599730110819,0.44522703013184267,-0.8908088385422405,0.2506316321374432,True,False,False,False,False,False,False,False,False,False,True,True,False,False
SHIP-10188,2025-08-22,Mumbai,Jaipur,Electronics,190,18900.1,947,870.26,5,6,Delayed,1,5897,12000,1.72,-0.3937751582355859,0.32784727273610437,-0.31451774272957594,0.4178878221323902,False,False,True,False,True,False,False,False,False,False,True,False,False,True
SHIP-10189,2025-06-21,Delhi,Patna,Consumer Goods,365,79101.64,605,670.49,5,5,On-Time,0,6083,10000,1.44,-0.76725053064016,0.2308104254985846,-0.9099605063789151,0.2450732693279434,False,False,True,False,False,False,False,False,True,False,False,False,False,False
SHIP-10190,2025-06-01,Delhi,Chandigarh,Electronics,173,12051.51,1951,2254.0225000000005,7,7,On-Time,0,6369,10000,1.69,2.193205945068137,1.0000000000000002,1.4335072125450923,0.9252147549267308,True,False,False,False,True,False,False,False,True,False,False,False,False,False
SHIP-10191,2025-11-11,Delhi,Coimbatore,Industrial Equipment,77,3245.08,1592,973.08,10,10,On-Time,0,8775,10000,1.65,-0.20155041082286962,0.3777913515915971,0.8084664167845287,0.7438100050530572,False,True,False,False,False,False,False,False,True,False,False,False,False,False
SHIP-10192,2025-06-09,Nagpur,Lucknow,Apparel,301,27582.11,1556,1009.23,9,9,On-Time,0,5395,6000,1.24,-0.13396701635710725,0.39535095527401354,0.7457882311372298,0.7256189994946943,False,True,False,False,False,False,False,False,False,False,False,False,False,False
SHIP-10193,2025-04-06,Mumbai,Chandigarh,Industrial Equipment,189,12625.75,449,523.52,3,4,Delayed,1,6078,12000,1.57,-1.042014887061546,0.15942080023704247,-1.1815659775172103,0.1662455785750379,False,False,True,False,False,True,False,False,False,False,True,False,False,False
SHIP-10194,2025-08-21,Mumbai,Jaipur,Consumer Goods,190,44164.12,1875,1121.35,11,11,On-Time,0,6071,12000,1.41,0.07564433046173849,0.44981244254572955,1.3011865984007946,0.886811520970187,False,True,False,False,False,False,False,False,False,False,True,True,False,False
SHIP-10195,2025-06-29,Bengaluru,Kochi,Consumer Goods,443,97004.67,1008,1030.92,6,6,On-Time,0,7559,8500,1.3,-0.09341697967764971,0.40588671748346344,-0.20831303927165287,0.448711470439616,False,False,True,False,False,False,False,False,False,True,False,False,False,False
SHIP-10196,2025-04-23,Delhi,Jaipur,Electronics,178,23571.75,1110,1008.07,6,6,On-Time,0,5890,10000,1.56,-0.13613566746582875,0.39478749357908677,-0.030724846604306095,0.5002526528549773,False,False,True,False,True,False,False,False,True,False,False,True,False,False
SHIP-10197,2025-11-14,Nagpur,Lucknow,Consumer Goods,411,12089.9,1290,1230.07,7,8,Delayed,1,3381,6000,1.6,0.2788992860998489,0.5026224041599016,0.2826660816321882,0.5912076806467914,False,False,True,False,False,True,False,False,False,False,False,True,False,False
SHIP-10198,2025-02-21,Kolkata,Coimbatore,Perishables,31,5670.59,378,362.94,4,5,Delayed,1,3500,7500,1.26,-1.3422235034740528,0.08142021491691974,-1.305181288099383,0.1303688731682668,False,False,True,False,False,True,False,True,False,False,False,False,False,True
SHIP-10199,2025-09-25,Delhi,Lucknow,Consumer Goods,75,12112.63,411,421.37,4,5,Delayed,1,5795,10000,1.7,-1.2329870515062937,0.10980216908465402,-1.247726284589359,0.14704396159676605,False,False,True,False,True,False,False,False,True,False,False,True,False,False
SHIP-10200,2025-10-22,Mumbai,Kanpur,Automotive Parts,30,7292.41,1954,1581.11,10,10,On-Time,0,9311,12000,1.6,0.9351779802426216,0.6731375708729161,1.4387303946823673,0.9267306720565943,False,False,True,False,False,False,False,False,False,False,True,True,False,False
SHIP-10201,2025-04-23,Nagpur,Coimbatore,Automotive Parts,109,15952.59,262,328.95,3,6,Delayed,3,3901,6000,1.71,-1.4057687200132303,0.06490981576988418,-1.5071443307406793,0.0717534108135422,False,False,True,False,False,False,True,False,False,False,False,True,False,False
SHIP-10202,2025-04-11,Nagpur,Jaipur,Consumer Goods,393,36962.64,2080,1314.44,13,14,Delayed,1,4157,6000,1.34,0.43663126372298533,0.5436045276090159,1.6581040444479132,0.9903991915108642,False,True,False,False,True,False,False,False,False,False,False,True,False,False
SHIP-10203,2025-04-23,Mumbai,Patna,Apparel,309,42323.76,866,872.55,5,5,On-Time,0,10573,12000,1.71,-0.38949394182267877,0.3289596238407443,-0.45554366043599837,0.3769580596260738,False,False,True,False,False,False,False,False,False,False,True,False,True,False
SHIP-10204,2025-03-22,Bengaluru,Jaipur,Electronics,112,27454.21,746,702.03,4,6,Delayed,2,4283,8500,1.37,-0.708285654804748,0.24613075468650758,-0.6644709459269946,0.31632137443153113,False,False,True,True,False,False,False,False,False,True,False,True,False,False
SHIP-10205,2025-07-06,Delhi,Jaipur,Electronics,56,10004.13,1508,2254.0225000000005,5,5,On-Time,0,4834,10000,1.18,2.193205945068137,1.0000000000000002,0.6622173169408313,0.7013643254168773,False,False,False,False,False,False,False,False,True,False,False,True,False,False
SHIP-10206,2025-04-23,Nagpur,Coimbatore,Electronics,48,8299.89,209,405.84,2,2,On-Time,0,5102,6000,1.61,-1.2620208029877127,0.1022585827724015,-1.5994205484992026,0.04497220818595251,True,False,False,False,False,False,False,False,False,False,False,False,False,True
SHIP-10207,2025-01-02,Delhi,Kanpur,Apparel,294,21038.69,839,1449.25,3,5,Delayed,2,8141,10000,1.57,0.6886621740391521,0.6090875199306358,-0.5025522996714725,0.3633148054573017,True,False,False,True,False,False,False,False,True,False,False,False,False,True
SHIP-10208,2025-05-10,Nagpur,Jaipur,Consumer Goods,319,60529.16,1307,1192.76,7,7,On-Time,0,3443,6000,1.51,0.209147240525365,0.4844993387825583,0.3122641137434127,0.5997978777160182,False,False,True,False,False,False,False,False,False,False,False,False,True,False
SHIP-10209,2025-08-08,Bengaluru,Chandigarh,Apparel,99,18940.07,600,581.6,4,4,On-Time,0,5120,8500,1.44,-0.9334327694800388,0.18763274441061784,-0.91866580994104,0.24254674077817082,False,False,True,False,False,False,False,False,False,True,False,True,False,False
SHIP-10210,2025-02-23,Bengaluru,Bhopal,Apparel,94,8418.91,203,258.35,2,3,Delayed,1,5064,8500,1.17,-1.5377573133543874,0.030616371233823256,-1.6098669127737524,0.04194037392622537,False,False,True,False,False,False,False,False,False,True,False,False,False,True
SHIP-10211,2025-12-09,Bengaluru,Indore,Consumer Goods,282,36285.72,1220,1962.06,5,6,Delayed,1,6412,8500,1.52,1.6473742215076892,0.8581813059439136,0.1607918317624404,0.5558362809499748,True,False,False,False,True,False,False,False,False,True,False,False,False,False
SHIP-10212,2025-08-12,Delhi,Indore,Apparel,345,29059.97,792,828.9,6,6,On-Time,0,4787,10000,1.4,-0.47109878742241673,0.3077569488549219,-0.5843821531554461,0.33956543708943915,False,False,True,False,False,False,False,False,True,False,False,False,True,False
SHIP-10213,2025-08-13,Delhi,Jaipur,Industrial Equipment,197,14931.75,636,633.64,4,3,Early,0,6800,10000,1.49,-0.8361425938784269,0.21291080182785027,-0.8559876242937411,0.2607377463365336,False,False,True,False,False,False,False,False,True,False,False,False,False,True
SHIP-10214,2025-05-06,Delhi,Chandigarh,Electronics,168,3542.38,604,999.18,3,4,Delayed,1,5129,10000,1.41,-0.1527557608766347,0.39046923972744957,-0.9117015670913401,0.2445679636179889,True,False,False,False,True,False,False,False,True,False,False,False,False,False
SHIP-10215,2025-05-10,Delhi,Patna,Electronics,252,20670.24,1733,2254.0225000000005,5,8,Delayed,3,8352,10000,1.73,2.193205945068137,1.0000000000000002,1.0539559772364493,0.8150581101566449,False,False,False,False,False,False,True,False,True,False,False,True,False,False
SHIP-10216,2025-02-22,Kolkata,Kochi,Industrial Equipment,82,11905.0,1746,1005.94,11,11,On-Time,0,4716,7500,1.51,-0.1401177595878778,0.3937528613289195,1.0765897664979738,0.8216270843860537,False,True,False,False,False,False,False,True,False,False,False,False,False,True
SHIP-10217,2025-06-21,Mumbai,Kochi,Consumer Goods,58,891.82,1742,1002.4,11,12,Delayed,1,8375,12000,1.6,-0.14673588452311445,0.39203333167371185,1.069625523648274,0.8196058615462356,False,True,False,True,False,False,False,False,False,False,True,False,False,True
SHIP-10218,2025-08-06,Delhi,Coimbatore,Apparel,110,8971.21,901,826.08,5,7,Delayed,2,4637,10000,1.71,-0.47637085304879145,0.3063871540448413,-0.3946065355011245,0.3946437594744821,False,False,True,True,False,False,False,False,True,False,False,False,False,False
SHIP-10219,2025-06-09,Nagpur,Indore,Consumer Goods,11,2443.45,223,228.53,3,3,On-Time,0,2864,6000,1.5,-1.5935066030630745,0.01613151973148136,-1.575045698525253,0.05204648812531582,False,False,True,False,True,False,False,False,False,False,False,True,False,False
SHIP-10220,2025-07-17,Nagpur,Jaipur,Consumer Goods,253,39090.38,1595,1000.97,10,10,On-Time,0,4603,6000,1.16,-0.14940930787265905,0.3913387194118625,0.8136895989218036,0.7453259221829207,False,True,False,False,False,False,False,False,False,False,False,True,False,False
SHIP-10221,2025-09-04,Nagpur,Kochi,Electronics,185,29201.84,1630,2254.0225000000005,4,6,Delayed,2,4862,6000,1.17,2.193205945068137,1.0000000000000002,0.8746267238566775,0.763011622031329,False,False,False,True,False,False,False,False,False,False,False,True,False,False
SHIP-10222,2025-11-20,Nagpur,Jaipur,Consumer Goods,247,27118.28,458,838.01,3,3,On-Time,0,4702,6000,1.57,-0.454067398111681,0.31218206613145894,-1.1658964311053854,0.1707933299646286,True,False,False,False,False,False,False,False,False,False,False,True,False,False
SHIP-10223,2025-07-22,Delhi,Coimbatore,Apparel,407,70806.18,806,883.95,6,6,On-Time,0,7963,10000,1.32,-0.3681813360990357,0.33449709222192126,-0.5600073031814965,0.3466397170288025,False,False,True,False,False,False,False,False,True,False,False,True,False,False
SHIP-10224,2025-07-03,Mumbai,Indore,Consumer Goods,68,4055.13,1709,968.52,10,10,On-Time,0,5990,12000,1.5,-0.2100754531123269,0.37557636423912627,1.01217052013825,0.8029307731177363,False,True,False,False,False,False,False,False,False,False,True,False,True,False
SHIP-10225,2025-05-03,Kolkata,Lucknow,Industrial Equipment,362,75080.79,1019,1029.08,7,9,Delayed,2,5819,7500,1.27,-0.09685690902251866,0.4049929506570278,-0.18916137143497821,0.45426983324911574,False,False,True,True,False,False,False,True,False,False,False,False,False,True
SHIP-10226,2025-09-12,Bengaluru,Bhopal,Automotive Parts,108,4581.57,1621,1346.68,9,11,Delayed,2,4551,8500,1.31,0.49690480833090184,0.5592648767852567,0.8589571774448528,0.7584638706417384,False,False,True,False,False,False,False,False,False,True,False,False,False,True
SHIP-10227,2025-10-21,Delhi,Bhopal,Apparel,368,62251.0,1866,1634.58,9,11,Delayed,2,4960,10000,1.45,1.0351415791937784,0.6991102405519981,1.28551705198897,0.8822637695805964,False,False,True,False,False,False,False,False,True,False,False,False,False,False
SHIP-10228,2025-10-07,Kolkata,Kochi,Industrial Equipment,444,42255.52,726,844.96,4,7,Delayed,3,6043,7500,1.74,-0.4410741867275302,0.3155579788726151,-0.699292160175494,0.30621526023244067,False,False,True,False,True,False,False,True,False,False,False,False,False,True
SHIP-10229,2025-11-21,Delhi,Bhopal,Consumer Goods,11,2097.32,342,344.53,4,6,Delayed,2,8680,10000,1.52,-1.3766414921909185,0.07247768922415936,-1.3678594737466818,0.112177867609904,False,False,True,False,False,False,True,False,True,False,False,True,False,False
SHIP-10230,2025-04-08,Delhi,Lucknow,Consumer Goods,252,36337.06,1152,1089.5,6,5,Early,0,7868,10000,1.71,0.016099901312788933,0.4343415330772658,0.04239970331754257,0.5214754926730673,False,False,True,False,True,False,False,False,True,False,False,True,False,False
SHIP-10231,2025-07-17,Bengaluru,Jaipur,Industrial Equipment,306,37118.71,1196,1104.17,6,6,On-Time,0,7043,8500,1.73,0.04352585973084535,0.4414673805467278,0.11900637466424119,0.5437089439110663,False,False,True,False,False,False,False,False,False,True,False,True,False,False
SHIP-10232,2025-08-28,Bengaluru,Coimbatore,Consumer Goods,220,12059.14,1220,781.41,8,7,Early,0,7784,8500,1.27,-0.5598826160027502,0.28468902136175567,0.1607918317624404,0.5558362809499748,False,True,False,False,False,False,False,False,False,True,False,False,False,True
SHIP-10233,2025-05-24,Bengaluru,Lucknow,Apparel,132,21734.2,1861,1552.21,9,13,Delayed,4,4363,8500,1.34,0.8811486552063692,0.6590996027837922,1.276811748426845,0.8797372410308237,False,False,True,False,True,False,False,False,False,True,False,False,False,True
SHIP-10234,2025-04-07,Delhi,Coimbatore,Electronics,238,58088.88,622,694.41,4,5,Delayed,1,9036,10000,1.61,-0.7225314491568673,0.2424293942422472,-0.8803624742676907,0.2536634663971703,False,False,True,False,False,False,False,False,True,False,False,True,False,False
SHIP-10235,2025-07-20,Nagpur,Coimbatore,Apparel,91,19020.53,1459,886.71,9,10,Delayed,1,4395,6000,1.67,-0.3630214420817327,0.33583774246157466,0.5769053420320078,0.6766043456291057,False,True,False,False,True,False,False,False,False,False,False,False,False,True
SHIP-10236,2025-05-04,Mumbai,Indore,Automotive Parts,153,4452.59,1957,1638.22,9,9,On-Time,0,9986,12000,1.46,1.0419466568108013,0.7008783444912511,1.443953576819642,0.9282465891864579,False,False,True,False,False,False,False,False,False,False,True,False,True,False
SHIP-10237,2025-07-06,Delhi,Jaipur,Automotive Parts,397,41055.32,941,1603.52,5,9,Delayed,4,7555,10000,1.75,0.9770740762309409,0.6840230679274931,-0.32496410700412576,0.41485598787266303,True,False,False,False,False,False,True,False,True,False,False,False,False,False
SHIP-10238,2025-11-22,Nagpur,Chandigarh,Industrial Equipment,149,34644.29,1985,1633.52,9,10,Delayed,1,4307,6000,1.16,1.0331598807668432,0.6985953531411168,1.4927032767675412,0.9423951490651846,False,False,True,False,False,False,False,False,False,False,False,False,False,False
SHIP-10239,2025-12-15,Nagpur,Bhopal,Industrial Equipment,38,5062.18,743,639.03,5,5,On-Time,0,4684,6000,1.33,-0.8260658443301431,0.21552895573789793,-0.6696941280642695,0.31480545730166754,False,False,True,False,False,False,False,False,False,False,False,False,False,False
SHIP-10240,2025-09-16,Nagpur,Chandigarh,Apparel,400,68238.51,2006,1303.86,12,11,Early,0,3603,6000,1.52,0.4168516699899901,0.5384653683570112,1.5292655517284657,0.9530065689742294,False,True,False,True,False,False,False,False,False,False,False,True,False,False
SHIP-10241,2025-05-28,Kolkata,Indore,Apparel,279,64019.58,284,425.38,4,4,On-Time,0,6633,7500,1.43,-1.2254902489666615,0.11174999787487504,-1.46884099506733,0.08287013643254168,False,False,True,False,False,False,False,True,False,False,False,False,False,False
SHIP-10242,2025-09-09,Bengaluru,Coimbatore,Electronics,256,56407.49,1422,2228.37,5,5,On-Time,0,4285,8500,1.22,2.1452479083728946,0.9875394817852505,0.5124860956722841,0.6579080343607884,True,False,False,False,False,False,False,False,False,True,False,True,False,False
SHIP-10243,2025-12-12,Bengaluru,Kochi,Consumer Goods,21,2791.48,1170,978.53,7,9,Delayed,2,5095,8500,1.37,-0.19136148966551414,0.380438650072072,0.07373879614119201,0.5305709954522487,False,False,True,True,False,False,False,False,False,True,False,False,False,False
SHIP-10244,2025-05-27,Delhi,Bhopal,Consumer Goods,364,42896.26,1213,855.08,8,8,On-Time,0,4646,10000,1.17,-0.42215457533075246,0.3204736964180108,0.14860440677546566,0.5522991409802931,False,True,False,False,False,False,False,False,True,False,False,False,False,True
SHIP-10245,2025-05-28,Mumbai,Bhopal,Perishables,398,37741.45,1361,980.59,9,9,On-Time,0,6930,12000,1.54,-0.1875102644207154,0.3814392803234075,0.406281392214361,0.6270843860535624,False,True,False,False,False,False,False,False,False,False,True,True,False,False
SHIP-10246,2025-12-18,Mumbai,Jaipur,Consumer Goods,346,63653.47,1508,2254.0225000000005,5,5,On-Time,0,6630,12000,1.69,2.193205945068137,1.0000000000000002,0.6622173169408313,0.7013643254168773,True,False,False,False,False,False,False,False,False,False,True,False,False,False
SHIP-10247,2025-07-18,Mumbai,Kanpur,Apparel,115,9480.82,1844,1110.67,11,11,On-Time,0,5679,12000,1.68,0.05567778404695754,0.4446247090096796,1.2472137163156207,0.8711470439615968,False,True,False,False,False,False,False,False,False,False,True,False,True,False
SHIP-10248,2025-11-04,Kolkata,Surat,Apparel,41,3022.67,1988,2254.0225000000005,7,7,On-Time,0,5108,7500,1.57,2.193205945068137,1.0000000000000002,1.4979264589048162,0.9439110661950482,True,False,False,False,False,False,False,True,False,False,False,True,False,False
SHIP-10249,2025-05-08,Mumbai,Surat,Apparel,83,8193.65,2090,1194.45,13,12,Early,0,8043,12000,1.43,0.2123067408475543,0.4853202441829258,1.6755146515721628,0.9954522486104095,False,True,False,False,True,False,False,False,False,False,True,False,False,False
SHIP-10250,2025-02-08,Delhi,Surat,Industrial Equipment,180,10196.2,1449,887.67,9,9,On-Time,0,4865,10000,1.46,-0.36122669633658394,0.3363040555884106,0.5594947349077581,0.6715512885295605,False,True,False,False,True,False,False,False,True,False,False,True,False,False
SHIP-10251,2025-12-04,Delhi,Kanpur,Electronics,346,61710.19,1267,885.18,9,9,On-Time,0,5730,10000,1.23,-0.36588181811306386,0.3350945559156798,0.24262168524641395,0.5795856493178374,False,True,False,False,False,False,False,False,True,False,False,False,False,True
SHIP-10252,2025-12-26,Bengaluru,Jaipur,Apparel,78,12465.69,138,303.04,3,3,On-Time,0,7633,8500,1.35,-1.4542081598640715,0.052324218773717915,-1.7230358590813755,0.009095502779181398,True,False,False,False,False,False,False,False,False,True,False,False,False,True
SHIP-10253,2025-05-09,Delhi,Kanpur,Automotive Parts,310,39827.7,1400,1278.68,7,6,Early,0,5020,10000,1.26,0.3697769847161897,0.5262343636343765,0.4741827599989347,0.6467913087417888,False,False,True,False,False,False,True,False,True,False,False,False,False,True
SHIP-10254,2025-09-24,Nagpur,Surat,Consumer Goods,371,39595.55,1439,2254.0225000000005,6,6,On-Time,0,3560,6000,1.64,2.193205945068137,1.0000000000000002,0.5420841277835085,0.6664982314300152,True,False,False,False,False,True,False,False,False,False,False,False,True,False
SHIP-10255,2025-05-31,Mumbai,Indore,Consumer Goods,146,33379.94,2071,1224.13,12,11,Early,0,5602,12000,1.7,0.26779429680174055,0.4997370916876041,1.6424344980360885,0.9858514401212736,False,True,False,False,False,False,False,False,False,False,True,False,False,False
SHIP-10256,2025-10-25,Mumbai,Lucknow,Apparel,442,9655.09,1165,1161.8,7,7,On-Time,0,6239,12000,1.47,0.15126669024431366,0.4694607404420987,0.06503349257906717,0.5280444669024761,False,False,True,True,False,False,False,False,False,False,True,False,False,False
SHIP-10257,2025-04-09,Bengaluru,Coimbatore,Automotive Parts,426,83385.38,2023,1790.0,10,11,Delayed,1,6619,8500,1.59,1.3257034372261103,0.7746043928153775,1.55886358383969,0.9615967660434565,False,False,True,False,True,False,False,False,False,True,False,True,False,False
SHIP-10258,2025-09-20,Kolkata,Kanpur,Electronics,109,24737.41,1108,2069.83,4,4,On-Time,0,4667,7500,1.22,1.8488531266688293,0.9105298118596541,-0.034206968029156036,0.49924204143506823,False,False,False,False,False,False,False,True,False,False,False,False,True,False
SHIP-10259,2025-09-09,Mumbai,Jaipur,Industrial Equipment,155,18583.47,569,540.93,4,4,On-Time,0,7949,12000,1.52,-1.009466425162544,0.1678775830893487,-0.972638692026214,0.22688226376958062,False,False,True,False,False,False,False,False,False,False,True,True,False,False
SHIP-10260,2025-05-24,Bengaluru,Jaipur,Automotive Parts,18,2599.42,671,1047.37,3,3,On-Time,0,4452,8500,1.57,-0.06266326352379689,0.4138771872089337,-0.7950504993588672,0.2784234461849419,True,False,False,False,False,False,False,False,False,True,False,False,False,False
SHIP-10261,2025-12-12,Bengaluru,Chandigarh,Consumer Goods,71,16823.38,1693,1003.2,11,11,On-Time,0,6550,8500,1.42,-0.1452402630688236,0.3924219259460752,0.9843135487394504,0.7948458817584639,False,True,False,True,False,False,False,False,False,True,False,True,False,False
SHIP-10262,2025-04-22,Mumbai,Lucknow,Perishables,194,12587.73,1191,1055.91,7,11,Delayed,4,9638,12000,1.3,-0.04669750449924298,0.41802543106641193,0.11030107110211634,0.5411824153612936,False,False,True,False,True,False,False,False,False,False,True,True,False,False
SHIP-10263,2025-03-01,Nagpur,Kochi,Industrial Equipment,38,5214.8,814,703.75,5,6,Delayed,1,3210,6000,1.68,-0.7050700686780229,0.24696623237208865,-0.5460788174820967,0.35068216270843866,False,False,True,False,True,False,False,False,False,False,False,False,False,False
SHIP-10264,2025-01-02,Kolkata,Bhopal,Industrial Equipment,390,49358.19,706,787.09,4,4,On-Time,0,3533,7500,1.6,-0.5492637036772859,0.28744804069553515,-0.7341133744239933,0.2961091460333502,False,False,True,False,False,False,False,True,False,False,False,True,False,False
SHIP-10265,2025-10-31,Bengaluru,Surat,Industrial Equipment,123,9313.84,840,774.39,6,7,Delayed,1,4148,8500,1.69,-0.5730066942641514,0.28127910662176775,-0.5008112389590476,0.36382011116725627,False,False,True,False,True,False,False,False,False,True,False,True,False,False
SHIP-10266,2025-09-11,Nagpur,Kochi,Electronics,418,86680.41,1326,2188.39,5,5,On-Time,0,4552,6000,1.64,2.0705042261947155,0.9681194830238948,0.3453442672794871,0.6093986862051541,True,False,False,True,False,False,False,False,False,False,False,True,False,False
SHIP-10267,2025-05-20,Nagpur,Chandigarh,Electronics,152,34413.73,1578,2254.0225000000005,5,5,On-Time,0,3082,6000,1.74,2.193205945068137,1.0000000000000002,0.7840915668105791,0.7367357251136939,False,False,False,True,False,False,False,False,False,False,False,True,False,False
SHIP-10268,2025-02-06,Kolkata,Surat,Consumer Goods,399,79302.91,226,427.19,3,4,Delayed,1,5116,7500,1.27,-1.2221064054263286,0.11262919241609702,-1.5698225163879782,0.05356240525517939,False,False,True,False,False,False,False,True,False,False,False,True,False,False
SHIP-10269,2025-06-09,Kolkata,Lucknow,Consumer Goods,129,7857.31,1331,1132.99,8,9,Delayed,1,3913,7500,1.2,0.09740562262166881,0.4554664892086155,0.3540495708416119,0.6119252147549268,False,False,True,False,True,False,False,True,False,False,False,True,False,False
SHIP-10270,2025-01-09,Bengaluru,Chandigarh,Consumer Goods,179,6334.08,895,1425.36,4,6,Delayed,2,4504,8500,1.35,0.6439991783603949,0.5974831234721869,-0.4050528997756743,0.39161192521475496,True,False,False,False,False,False,False,False,False,True,False,False,False,True
SHIP-10271,2025-08-21,Bengaluru,Surat,Automotive Parts,166,26108.39,1229,1050.76,6,6,On-Time,0,3842,8500,1.23,-0.05632556761123973,0.4155238554380732,0.17646137817426513,0.5603840323395655,False,False,True,False,True,False,False,False,False,True,False,True,False,False
SHIP-10272,2025-04-09,Bengaluru,Lucknow,Automotive Parts,344,9775.54,1979,1260.56,12,12,On-Time,0,5106,8500,1.46,0.3359011587765044,0.5174327033653477,1.4822569124929914,0.9393633148054573,False,True,False,False,True,False,False,False,False,True,False,False,False,False
SHIP-10273,2025-05-27,Kolkata,Patna,Apparel,358,61974.84,1986,1706.94,10,10,On-Time,0,3691,7500,1.53,1.1704205397343752,0.7342585924872583,1.4944443374799663,0.9429004547751391,False,False,True,False,False,False,False,True,False,False,False,True,False,False
SHIP-10274,2025-10-31,Delhi,Kochi,Automotive Parts,269,37565.77,1599,1382.31,9,11,Delayed,2,6351,10000,1.5,0.5635160488513751,0.576571894190637,0.8206538417715035,0.7473471450227388,False,False,True,True,False,False,False,False,True,False,False,False,True,False
SHIP-10275,2025-07-27,Nagpur,Kochi,Industrial Equipment,91,15538.67,1280,1058.63,8,8,On-Time,0,4385,6000,1.31,-0.041612391554654446,0.41934665159244716,0.2652554745079385,0.5861546235472461,False,False,True,False,False,False,False,False,False,False,False,False,False,False
SHIP-10276,2025-05-11,Nagpur,Bhopal,Consumer Goods,251,38576.22,2001,1243.69,12,14,Delayed,2,3736,6000,1.7,0.3043622413591488,0.5092382216468868,1.5205602481663407,0.950480040424457,False,True,False,True,False,False,False,False,False,False,False,True,False,False
SHIP-10277,2025-06-01,Delhi,Lucknow,Electronics,442,50536.12,1017,1010.07,6,6,On-Time,0,7813,10000,1.16,-0.13239661383010193,0.39575897925999504,-0.19264349285982815,0.45325922182920675,False,False,True,False,False,False,False,False,True,False,False,False,False,False
SHIP-10278,2025-02-23,Kolkata,Kanpur,Apparel,181,11259.31,455,501.9,3,4,Delayed,1,5988,7500,1.36,-1.0824340568637532,0.14891904002642437,-1.1711196132426605,0.16927741283476505,False,False,True,False,True,False,False,True,False,False,False,False,False,False
SHIP-10279,2025-04-30,Delhi,Patna,Industrial Equipment,240,20841.6,726,719.58,4,7,Delayed,3,7774,10000,1.58,-0.6754754591512451,0.2546555415364774,-0.699292160175494,0.30621526023244067,False,False,True,False,False,False,True,False,True,False,False,False,True,False
SHIP-10280,2025-06-10,Mumbai,Indore,Consumer Goods,217,30001.91,957,899.12,6,6,On-Time,0,10683,12000,1.61,-0.3398206142720478,0.3418658111116103,-0.29710713560532626,0.42294087923193535,False,False,True,False,False,False,False,False,False,False,True,False,False,True
SHIP-10281,2025-04-26,Kolkata,Surat,Apparel,84,14127.88,1900,1549.86,9,9,On-Time,0,4211,7500,1.4,0.8767552671843899,0.6579581071087249,1.344713116211419,0.8994441637190501,False,False,True,False,False,False,False,True,False,False,False,True,False,False
SHIP-10282,2025-03-16,Delhi,Patna,Electronics,279,55291.8,1612,2254.0225000000005,5,5,On-Time,0,5390,10000,1.16,2.193205945068137,1.0000000000000002,0.8432876310330281,0.7539161192521476,False,False,False,False,False,False,False,False,True,False,False,False,False,True
SHIP-10283,2025-04-23,Kolkata,Lucknow,Industrial Equipment,396,77332.91,721,789.66,5,4,Early,0,5524,7500,1.52,-0.5444590197553771,0.28869639979550216,-0.7079974637376188,0.3036887316826681,False,False,True,False,False,False,False,True,False,False,False,False,False,True
SHIP-10284,2025-04-14,Kolkata,Coimbatore,Industrial Equipment,123,29960.57,1714,2254.0225000000005,5,5,On-Time,0,5471,7500,1.19,2.193205945068137,1.0000000000000002,1.0208758237003748,0.805457301667509,True,False,False,False,True,False,False,True,False,False,False,False,False,True
SHIP-10285,2025-12-06,Bengaluru,Surat,Industrial Equipment,71,5834.26,522,491.42,4,5,Delayed,1,5862,8500,1.21,-1.1020266979149616,0.1438284550584652,-1.0544685455101874,0.20313289540171806,False,False,True,False,True,False,False,False,False,True,False,True,False,False
SHIP-10286,2025-09-11,Delhi,Jaipur,Perishables,371,11764.79,659,750.05,5,4,Early,0,4520,10000,1.54,-0.6185109770109469,0.2694561258851145,-0.8159432279079668,0.27235977766548763,False,False,True,False,False,False,True,False,True,False,False,False,False,False
SHIP-10287,2025-08-15,Mumbai,Kochi,Automotive Parts,329,31659.47,1215,1148.54,6,8,Delayed,2,8531,12000,1.34,0.12647676463944482,0.4630197903776771,0.1520865282003156,0.5533097524002022,False,False,True,True,False,False,False,False,False,False,True,False,True,False
SHIP-10288,2025-04-22,Bengaluru,Lucknow,Automotive Parts,111,21053.84,1925,1581.78,9,9,On-Time,0,7551,8500,1.36,0.9364305632105903,0.6734630185760205,1.388239634022043,0.9120768064679132,False,False,True,False,False,False,False,False,False,True,False,True,False,False
SHIP-10289,2025-04-09,Nagpur,Jaipur,Perishables,438,51664.83,143,477.28,3,4,Delayed,1,3643,6000,1.45,-1.1284618071195502,0.13696005129444389,-1.7143305555192505,0.011622031328954015,True,False,False,False,True,False,False,False,False,False,False,True,False,False
SHIP-10290,2025-06-02,Bengaluru,Bhopal,Industrial Equipment,371,76863.88,743,1306.2,4,6,Delayed,2,7690,8500,1.74,0.42122636274379077,0.5396020066036739,-0.6696941280642695,0.31480545730166754,True,False,False,True,False,False,False,False,False,True,False,True,False,False
SHIP-10291,2025-12-15,Mumbai,Chandigarh,Apparel,219,31556.08,1955,1671.64,10,10,On-Time,0,7412,12000,1.73,1.1044262430637968,0.7171118702192278,1.4404714553947922,0.9272359777665489,False,False,True,False,False,False,False,False,False,False,True,False,False,False
SHIP-10292,2025-12-04,Bengaluru,Indore,Electronics,264,61644.28,1628,1431.27,9,10,Delayed,1,4383,8500,1.4,0.6550480818539678,0.6003538636592708,0.8711446024318276,0.76200101061142,False,False,True,False,False,False,False,False,False,True,False,False,False,False
SHIP-10293,2025-07-13,Bengaluru,Indore,Consumer Goods,29,6894.69,1199,985.67,7,7,On-Time,0,5416,8500,1.31,-0.1780130681859694,0.3839068539529144,0.1242295568015161,0.5452248610409298,False,False,True,False,False,False,False,False,False,True,False,False,False,True
SHIP-10294,2025-11-06,Kolkata,Jaipur,Apparel,67,2096.2,1105,937.22,6,8,Delayed,2,5118,7500,1.33,-0.2685916425114517,0.3603726133329123,-0.039430150166430936,0.4977261243052047,False,False,True,True,False,False,False,True,False,False,False,False,False,True
SHIP-10295,2025-06-12,Delhi,Kochi,Consumer Goods,121,14793.12,342,379.82,4,5,Delayed,1,7458,10000,1.31,-1.3106658907885187,0.08961955406378529,-1.3678594737466818,0.112177867609904,False,False,True,False,True,False,False,False,True,False,False,False,False,True
SHIP-10296,2025-07-27,Kolkata,Bhopal,Consumer Goods,322,50965.17,1775,1146.2,11,12,Delayed,1,5154,7500,1.47,0.12210207188564458,0.46188315213101444,1.127080527158298,0.8362809499747348,False,True,False,False,True,False,False,True,False,False,False,True,False,False
SHIP-10297,2025-06-18,Bengaluru,Coimbatore,Perishables,205,15401.66,298,571.06,3,3,On-Time,0,5969,8500,1.51,-0.9531375821403194,0.18251301487223137,-1.4444661450933804,0.089944416371905,True,False,False,False,False,False,False,False,False,True,False,False,False,True
SHIP-10298,2025-06-10,Nagpur,Kochi,Automotive Parts,384,42494.61,919,918.18,5,6,Delayed,1,2767,6000,1.44,-0.3041874331235712,0.3511240696506658,-0.36326744267747507,0.4037392622536635,False,False,True,False,False,True,False,False,False,False,False,False,False,False
SHIP-10299,2025-03-09,Mumbai,Patna,Automotive Parts,362,63080.37,553,1005.19,4,4,On-Time,0,6830,12000,1.39,-0.14151990470127537,0.3933885541985789,-1.0004956634250135,0.21879737241030825,True,False,False,False,False,False,False,False,False,False,True,False,True,False
SHIP-10300,2025-10-16,Bengaluru,Indore,Consumer Goods,101,6896.54,2080,1185.18,13,13,On-Time,0,5066,8500,1.28,0.19497622724596048,0.48081740805191614,1.6581040444479132,0.9903991915108642,False,True,False,False,True,False,False,False,False,True,False,False,True,False
SHIP-10301,2025-10-04,Nagpur,Patna,Electronics,61,9544.4,1593,2254.0225000000005,4,5,Delayed,1,5483,6000,1.44,2.193205945068137,1.0000000000000002,0.8102074774969537,0.7443153107630117,False,False,False,False,False,False,False,False,False,False,False,False,True,False
SHIP-10302,2025-10-31,Delhi,Surat,Electronics,302,54027.87,912,862.58,6,6,On-Time,0,5889,10000,1.35,-0.40813312419677683,0.32411676772141673,-0.37545486766444985,0.4002021222839819,False,False,True,False,False,False,False,False,True,False,False,False,False,True
SHIP-10303,2025-05-15,Nagpur,Kanpur,Consumer Goods,17,616.53,1003,842.79,7,9,Delayed,2,5228,6000,1.47,-0.44513105992229396,0.3145039169088296,-0.21701834283377772,0.44618494188984337,False,False,True,True,False,False,False,False,False,False,False,False,False,True
SHIP-10304,2025-07-14,Bengaluru,Lucknow,Electronics,309,40763.09,611,1111.4,4,5,Delayed,1,5042,8500,1.56,0.057042538623997864,0.4449793012832111,-0.8995141421043653,0.24810510358767054,True,False,False,False,False,True,False,False,False,True,False,False,False,False
SHIP-10305,2025-05-08,Delhi,Bhopal,Electronics,107,8220.15,1332,2254.0225000000005,4,4,On-Time,0,4951,10000,1.53,2.193205945068137,1.0000000000000002,0.3557906315540369,0.6124305204648813,False,False,False,False,False,False,False,False,True,False,False,False,True,False
SHIP-10306,2025-02-02,Mumbai,Kochi,Automotive Parts,245,45381.54,1721,1044.94,10,10,On-Time,0,6796,12000,1.43,-0.06720621369120468,0.41269683210663016,1.0330632486873497,0.8089944416371906,False,True,False,False,False,False,False,False,False,False,True,True,False,False
SHIP-10307,2025-06-25,Kolkata,Indore,Industrial Equipment,398,23699.13,929,964.76,6,6,On-Time,0,4336,7500,1.48,-0.2171048739474933,0.37374997115901876,-0.3458568355532254,0.40879231935320876,False,False,True,False,False,False,False,True,False,False,False,True,False,False
SHIP-10308,2025-01-22,Delhi,Patna,Consumer Goods,383,86050.87,1080,1797.38,5,5,On-Time,0,9097,10000,1.32,1.3395005451419424,0.778189174977929,-0.08295666797705514,0.4850934815563417,True,False,False,False,False,False,False,False,True,False,False,True,False,False
SHIP-10309,2025-08-26,Bengaluru,Chandigarh,Electronics,78,9069.15,539,500.2,5,5,On-Time,0,6518,8500,1.16,-1.0856122524541207,0.14809327719765236,-1.024870513398963,0.21172309247094492,False,False,True,False,False,False,False,False,False,True,False,False,False,True
SHIP-10310,2025-06-07,Mumbai,Surat,Apparel,424,26089.02,1392,1325.0,7,9,Delayed,2,10654,12000,1.53,0.4563734669196229,0.5487339720042114,0.46025427429953497,0.6427488630621526,False,False,True,True,False,False,False,False,False,False,True,True,False,False
SHIP-10311,2025-02-07,Bengaluru,Lucknow,Electronics,54,6368.5,1731,2254.0225000000005,4,7,Delayed,3,7160,8500,1.3,2.193205945068137,1.0000000000000002,1.0504738558115994,0.8140474987367358,False,False,False,False,False,False,True,False,False,True,False,True,False,False
SHIP-10312,2025-08-18,Delhi,Lucknow,Perishables,146,16214.0,768,724.39,5,5,On-Time,0,7219,10000,1.55,-0.6664830351573221,0.2569919645990617,-0.6261676102536453,0.32743810005053064,False,False,True,False,False,False,False,False,True,False,False,True,False,False
SHIP-10313,2025-02-20,Nagpur,Kochi,Consumer Goods,243,28138.42,1307,2074.61,4,5,Delayed,1,4604,6000,1.6,1.8577894648582167,0.9128516626370249,0.3122641137434127,0.5997978777160182,True,False,False,False,True,False,False,False,False,False,False,True,False,False
SHIP-10314,2025-09-21,Nagpur,Bhopal,Consumer Goods,41,6256.88,1888,1069.32,11,11,On-Time,0,4462,6000,1.7,-0.021627149871694874,0.4245392425569016,1.3238203876623194,0.8933804951995958,False,True,False,False,False,False,False,False,False,False,False,False,False,False
SHIP-10315,2025-10-10,Nagpur,Coimbatore,Consumer Goods,298,40967.8,1398,934.2,8,9,Delayed,1,4578,6000,1.72,-0.27423761350139914,0.3589056699547409,0.4707006385740848,0.6457806973218798,False,True,False,False,False,False,False,False,False,False,False,True,False,False
SHIP-10316,2025-01-27,Kolkata,Chandigarh,Electronics,135,6776.68,595,969.64,4,4,On-Time,0,4308,7500,1.16,-0.20798158307631986,0.37612039622043486,-0.9273711135031648,0.24002021222839817,True,False,False,False,False,False,False,True,False,False,False,False,False,False
SHIP-10317,2025-08-14,Delhi,Kochi,Apparel,76,2311.24,1949,1121.45,11,11,On-Time,0,6418,10000,1.74,0.0758312831435251,0.44986101682977503,1.4300250911202423,0.9242041435068217,False,True,False,False,True,False,False,False,True,False,False,False,False,True
SHIP-10318,2025-10-04,Kolkata,Patna,Industrial Equipment,39,7270.09,1560,890.9,10,12,Delayed,2,5463,7500,1.56,-0.3551881247148851,0.3378730049630774,0.7527524739869297,0.7276402223345124,False,True,False,False,False,False,False,True,False,False,False,False,False,False
SHIP-10319,2025-10-13,Delhi,Kanpur,Apparel,123,18023.63,289,337.33,3,3,On-Time,0,4668,10000,1.54,-1.3901020852795352,0.06898034077288971,-1.460135691505205,0.0853966649823143,False,False,True,False,False,False,False,False,True,False,False,True,False,False
SHIP-10320,2025-04-07,Delhi,Jaipur,Electronics,213,21164.78,1460,2254.0225000000005,5,5,On-Time,0,6769,10000,1.16,2.193205945068137,1.0000000000000002,0.5786464027444328,0.6771096513390602,False,False,False,False,False,False,False,False,True,False,False,False,True,False
SHIP-10321,2025-10-11,Mumbai,Coimbatore,Apparel,38,7788.64,293,292.09,3,3,On-Time,0,10248,12000,1.67,-1.474679478519676,0.04700533467074526,-1.4531714486555052,0.08741788782213239,False,False,True,False,False,False,False,False,False,False,True,False,False,True
SHIP-10322,2025-11-13,Mumbai,Bhopal,Apparel,140,14867.12,589,576.78,5,4,Early,0,8176,12000,1.24,-0.9424438887421406,0.18529146391962892,-0.9378174777777146,0.23698837796867103,False,False,True,False,False,False,False,False,False,False,True,False,True,False
SHIP-10323,2025-10-31,Kolkata,Surat,Automotive Parts,194,39198.05,464,525.4,4,4,On-Time,0,5321,7500,1.65,-1.0385001766439628,0.1603339967770962,-1.1554500668308356,0.17382516422435573,False,False,True,False,False,False,True,True,False,False,False,False,True,False
SHIP-10324,2025-05-27,Bengaluru,Coimbatore,Consumer Goods,262,22755.4,564,586.85,5,5,On-Time,0,4631,8500,1.16,-0.923617753686256,0.19018289432300195,-0.9813439955883388,0.22435573521980798,False,False,True,False,True,False,False,False,False,True,False,True,False,False
SHIP-10325,2025-01-04,Mumbai,Indore,Consumer Goods,295,9475.0,1161,1087.86,6,8,Delayed,2,9880,12000,1.54,0.01303387733149275,0.43354491481892105,0.05806924972936729,0.526023244062658,False,False,True,True,False,False,False,False,False,False,True,True,False,False
SHIP-10326,2025-02-04,Mumbai,Bhopal,Apparel,402,94136.47,1213,1158.38,6,6,On-Time,0,7424,12000,1.41,0.14487290852722107,0.46779949992774567,0.14860440677546566,0.5522991409802931,False,False,True,False,False,False,False,False,False,False,True,True,False,False
SHIP-10327,2025-07-11,Nagpur,Kanpur,Apparel,419,45134.48,1481,1040.16,9,9,On-Time,0,5397,6000,1.27,-0.07614255188059176,0.4103749813292595,0.6152086777053571,0.6877210712481052,False,True,False,False,False,False,False,False,False,False,False,False,False,True
SHIP-10328,2025-02-18,Mumbai,Indore,Consumer Goods,395,79506.69,747,804.74,5,5,On-Time,0,11004,12000,1.21,-0.5162665553419967,0.29602140182955033,-0.6627298852145697,0.31682668014148563,False,False,True,False,False,False,False,False,False,False,True,True,False,False
SHIP-10329,2025-01-17,Mumbai,Coimbatore,Consumer Goods,71,5722.52,711,663.76,5,5,On-Time,0,10566,12000,1.41,-0.7798324461243809,0.2275413761823284,-0.7254080708618684,0.29863567458312285,False,False,True,False,False,False,False,False,False,False,True,True,False,False
SHIP-10330,2025-06-21,Delhi,Jaipur,Consumer Goods,12,2002.75,646,578.89,5,5,On-Time,0,4898,10000,1.22,-0.9384991871564488,0.1863163813129871,-0.8385770171694914,0.26579080343607886,False,False,True,False,True,False,False,False,True,False,False,False,False,True
SHIP-10331,2025-08-08,Kolkata,Jaipur,Automotive Parts,439,96680.12,1831,1224.68,11,15,Delayed,4,4549,7500,1.44,0.26882253655156535,0.500004250249854,1.224579927054096,0.8645780697321881,False,True,False,False,False,False,False,True,False,False,False,True,False,False
SHIP-10332,2025-06-07,Bengaluru,Kanpur,Consumer Goods,77,1908.55,575,968.34,3,3,On-Time,0,7600,8500,1.53,-0.21041196793954223,0.37548893052784454,-0.9621923277516642,0.22991409802930776,True,False,False,False,False,False,False,False,False,True,False,True,False,False
SHIP-10333,2025-02-15,Delhi,Lucknow,Perishables,34,7146.78,1412,1142.55,8,9,Delayed,1,8281,10000,1.65,0.11527829900044295,0.46011019076335685,0.49507548854803435,0.6528549772612431,False,False,True,False,True,False,False,False,True,False,False,False,False,True
SHIP-10334,2025-01-06,Delhi,Chandigarh,Apparel,188,28061.49,1774,1529.12,9,9,On-Time,0,8782,10000,1.56,0.8379812809819027,0.6478838005977064,1.125339466445873,0.8357756442647802,False,False,True,False,False,False,False,False,True,False,False,True,False,False
SHIP-10335,2025-04-09,Bengaluru,Surat,Perishables,150,23663.38,930,1464.33,4,5,Delayed,1,6112,8500,1.19,0.7168546384525322,0.616412521964684,-0.3441157748408004,0.40929762506316325,True,False,False,False,False,True,False,False,False,True,False,False,False,True
SHIP-10336,2025-08-21,Bengaluru,Lucknow,Automotive Parts,240,33106.11,307,405.97,3,3,On-Time,0,5744,8500,1.33,-1.2617777645013903,0.10232172934166057,-1.4287965986815556,0.09449216776149572,False,False,True,False,False,False,False,False,False,True,False,False,False,True
SHIP-10337,2025-02-06,Mumbai,Jaipur,Consumer Goods,309,68135.01,1140,1839.93,4,5,Delayed,1,6000,12000,1.32,1.4190489112420306,0.7988575328392519,0.021506974768442953,0.515411824153613,True,False,False,False,True,False,False,False,False,False,True,False,False,True
SHIP-10338,2025-10-07,Nagpur,Jaipur,Automotive Parts,172,4335.58,1712,2254.0225000000005,6,6,On-Time,0,5067,6000,1.7,2.193205945068137,1.0000000000000002,1.0173937022755248,0.8044466902475998,True,False,False,False,False,False,False,False,False,False,False,False,False,False
SHIP-10339,2025-12-15,Delhi,Patna,Electronics,320,24429.34,830,861.79,5,6,Delayed,1,8002,10000,1.67,-0.4096100503828891,0.3237330308774579,-0.5182218460832972,0.35876705406771103,False,False,True,False,False,True,False,False,True,False,False,False,False,True
SHIP-10340,2025-10-29,Mumbai,Indore,Perishables,402,88763.29,648,1163.36,3,3,On-Time,0,5732,12000,1.37,0.1541831520801805,0.4702184992732071,-0.8350948957446415,0.2668014148559879,True,False,False,False,False,False,False,False,False,False,True,False,False,True
SHIP-10341,2025-06-30,Nagpur,Coimbatore,Apparel,139,26660.37,553,911.66,4,5,Delayed,1,3290,6000,1.19,-0.31637674797604065,0.3479570263309049,-1.0004956634250135,0.21879737241030825,True,False,False,False,True,False,False,False,False,False,False,False,False,True
SHIP-10342,2025-04-05,Mumbai,Surat,Electronics,255,4882.39,407,771.78,3,3,On-Time,0,8543,12000,1.69,-0.577886159258775,0.2800113178081825,-1.254690527439059,0.14502273875694796,True,False,False,False,False,False,False,False,False,False,True,False,False,False
SHIP-10343,2025-04-09,Bengaluru,Kanpur,Apparel,306,41767.92,2061,1797.79,10,13,Delayed,3,6559,8500,1.68,1.3402670511372663,0.7783883295425151,1.6250238909118389,0.9807983830217283,False,False,True,False,True,False,False,False,False,True,False,False,False,False
SHIP-10344,2025-07-07,Mumbai,Coimbatore,Perishables,181,25240.37,1710,1047.64,10,10,On-Time,0,6176,12000,1.66,-0.06215849128297338,0.4140083377758564,1.013911580850675,0.8034360788276909,False,True,False,False,False,False,False,False,False,False,True,False,False,False
SHIP-10345,2025-04-26,Mumbai,Patna,Electronics,73,7972.13,618,543.97,4,4,On-Time,0,6780,12000,1.66,-1.003783063636239,0.16935424132432925,-0.8873267171173905,0.25164224355735226,False,False,True,False,False,False,False,False,False,False,True,False,False,False
SHIP-10346,2025-07-10,Nagpur,Jaipur,Apparel,40,3395.5,1584,1278.75,8,11,Delayed,3,3244,6000,1.44,0.36990785159344,0.5262683656332082,0.7945379310851289,0.739767559373421,False,False,True,False,False,False,True,False,False,False,False,True,False,False
SHIP-10347,2025-09-10,Mumbai,Kanpur,Industrial Equipment,56,9811.5,1924,1066.35,12,13,Delayed,1,6640,12000,1.26,-0.027179644520749266,0.4230965863207529,1.3864985733096182,0.9115715007579587,False,True,False,False,False,True,False,False,False,False,True,True,False,False
SHIP-10348,2025-06-10,Nagpur,Jaipur,Industrial Equipment,139,8872.48,422,461.21,4,3,Early,0,5296,6000,1.44,-1.1585051030826152,0.12915416384834622,-1.2285746167526843,0.15260232440626578,False,False,True,False,False,False,False,False,False,False,False,True,False,False
SHIP-10349,2025-09-13,Delhi,Surat,Consumer Goods,361,73193.8,206,372.02,3,5,Delayed,2,7864,10000,1.45,-1.3252481999678531,0.08583075990824314,-1.6046437306364776,0.04345629105608894,False,False,True,True,False,False,False,False,True,False,False,False,True,False
SHIP-10350,2025-11-19,Delhi,Indore,Electronics,342,69670.1,949,936.45,5,5,On-Time,0,7964,10000,1.44,-0.2700311781612065,0.3599985913457626,-0.311035621304726,0.4188984335522992,False,False,True,False,False,False,False,False,True,False,False,False,False,False
SHIP-10351,2025-05-08,Delhi,Coimbatore,Electronics,119,13397.79,557,574.58,4,3,Early,0,8231,10000,1.47,-0.94655684774144,0.18422282967062992,-0.9935314205753136,0.22081859525012634,False,False,True,True,False,False,False,False,True,False,False,False,False,False
SHIP-10352,2025-01-18,Bengaluru,Coimbatore,Apparel,78,6367.44,660,611.75,5,4,Early,0,5249,8500,1.3,-0.877066535921457,0.20227789105030958,-0.8142021671955418,0.2728650833754422,False,False,True,False,True,False,False,False,False,True,False,True,False,False
SHIP-10353,2025-10-08,Mumbai,Lucknow,Consumer Goods,67,5474.66,1165,966.03,6,6,On-Time,0,9726,12000,1.37,-0.2147305748888068,0.3743668645663955,0.06503349257906717,0.5280444669024761,False,False,True,False,False,False,False,False,False,False,True,False,False,False
SHIP-10354,2025-08-11,Nagpur,Kanpur,Perishables,115,14758.92,952,857.0,6,6,On-Time,0,5459,6000,1.41,-0.41856508384045477,0.3214063226716827,-0.3058124391674511,0.42041435068216276,False,False,True,False,False,False,True,False,False,False,False,True,False,False
SHIP-10355,2025-02-23,Mumbai,Chandigarh,Electronics,309,56887.25,916,1510.37,5,7,Delayed,2,9338,12000,1.23,0.8029276531469637,0.6387761223391917,-0.36849062481475,0.4022233451237999,True,False,False,True,False,False,False,False,False,False,True,True,False,False
SHIP-10356,2025-02-27,Nagpur,Patna,Apparel,339,33674.27,679,1212.35,4,4,On-Time,0,3875,6000,1.42,0.24577127088730916,0.49401504102705457,-0.7811220136594674,0.2824658918645781,True,False,False,False,False,False,False,False,False,False,False,False,False,True
SHIP-10357,2025-11-19,Delhi,Chandigarh,Electronics,265,41965.45,1660,2254.0225000000005,5,7,Delayed,2,7866,10000,1.64,2.193205945068137,1.0000000000000002,0.9268585452294265,0.7781707933299647,False,False,False,True,False,False,False,False,True,False,False,False,False,True
SHIP-10358,2025-12-26,Nagpur,Lucknow,Electronics,321,33667.72,881,1476.44,4,5,Delayed,1,5240,6000,1.65,0.7394946082168584,0.6222948677625835,-0.42942774974962383,0.38453764527539164,True,False,False,False,False,False,False,False,False,False,False,False,False,True
SHIP-10359,2025-06-23,Kolkata,Surat,Consumer Goods,180,15581.33,1818,1515.88,10,10,On-Time,0,3828,7500,1.4,0.8132287459133916,0.641452565390094,1.2019461377925715,0.8580090955027793,False,False,True,True,False,False,False,True,False,False,False,False,False,False
SHIP-10360,2025-10-07,Kolkata,Patna,Consumer Goods,392,8170.06,1646,1502.77,9,10,Delayed,1,4310,7500,1.46,0.788719249331202,0.6350844767517404,0.902483695255477,0.7710965133906014,False,False,True,False,True,False,False,True,False,False,False,True,False,False
SHIP-10361,2025-04-24,Kolkata,Indore,Apparel,171,2722.29,1857,1562.92,9,9,On-Time,0,6615,7500,1.17,0.9011712874256864,0.6643019086050558,1.2698475055771452,0.8777160181910056,False,False,True,False,False,False,False,True,False,False,False,False,False,True
SHIP-10362,2025-10-15,Kolkata,Chandigarh,Automotive Parts,295,20176.17,586,657.95,5,6,Delayed,1,6710,7500,1.55,-0.7906943969361672,0.22471921027928998,-0.9430406599149895,0.2354724608388075,False,False,True,False,True,False,False,True,False,False,False,False,False,True
SHIP-10363,2025-12-08,Bengaluru,Indore,Apparel,80,8840.44,1244,1043.6,7,7,On-Time,0,5759,8500,1.39,-0.06971137962714193,0.4120459367004216,0.20257728886063966,0.5679636179888833,False,False,True,False,True,False,False,False,False,True,False,True,False,False
SHIP-10364,2025-05-31,Delhi,Chandigarh,Perishables,264,56772.24,1726,1473.3,8,10,Delayed,2,6260,10000,1.42,0.733624294008767,0.6207696352435574,1.0417685522494744,0.8115209701869632,False,False,True,False,True,False,False,False,True,False,False,False,False,False
SHIP-10365,2025-05-07,Delhi,Indore,Automotive Parts,383,77612.57,2085,1825.81,11,11,On-Time,0,5829,10000,1.67,1.392651192573799,0.7919988439320396,1.666809348010038,0.9929257200606368,False,False,True,False,False,False,False,False,True,False,False,False,False,False
SHIP-10366,2025-06-04,Nagpur,Chandigarh,Apparel,64,4978.17,794,683.51,5,5,On-Time,0,4106,6000,1.43,-0.7429092914715785,0.23713479728129727,-0.5809000317305961,0.3405760485093482,False,False,True,False,False,False,False,False,False,False,False,False,False,False
SHIP-10367,2025-09-30,Bengaluru,Indore,Automotive Parts,332,24059.05,804,1388.29,4,3,Early,0,7558,8500,1.16,0.5746958192221983,0.5794766363765527,-0.5634894246063464,0.3456291056088934,True,False,False,True,False,False,False,False,False,True,False,False,False,False
SHIP-10368,2025-04-14,Kolkata,Lucknow,Apparel,406,27778.8,1284,1217.71,7,6,Early,0,3903,7500,1.29,0.25579193463105726,0.49661862265188866,0.2722197173576384,0.5881758463870642,False,False,True,False,False,False,False,True,False,False,False,False,False,False
SHIP-10369,2025-10-26,Mumbai,Bhopal,Electronics,12,1136.65,257,275.63,3,3,On-Time,0,7767,12000,1.44,-1.5054518899417078,0.039010007516870435,-1.515849634302804,0.06922688226376958,False,False,True,False,False,False,False,False,False,False,True,True,False,False
SHIP-10370,2025-09-03,Delhi,Patna,Industrial Equipment,35,4622.68,697,609.32,4,5,Delayed,1,8784,10000,1.4,-0.881609486088865,0.20109753594800606,-0.749782920835818,0.2915613946437595,False,False,True,False,True,False,False,False,True,False,False,False,False,False
SHIP-10371,2025-06-25,Delhi,Kanpur,Electronics,322,38023.99,829,859.84,6,6,On-Time,0,6140,10000,1.67,-0.4132556276777226,0.32278583233857244,-0.5199629067957222,0.3582617483577565,False,False,True,False,False,False,False,False,True,False,False,True,False,False
SHIP-10372,2025-02-08,Bengaluru,Surat,Apparel,135,8949.72,1983,1174.48,11,12,Delayed,1,6893,8500,1.48,0.17497229029482186,0.47561995965905707,1.4892211553426913,0.9413845376452755,False,True,False,False,True,False,False,False,False,True,False,True,False,False
SHIP-10373,2025-06-19,Mumbai,Kochi,Industrial Equipment,417,19038.59,347,560.9,4,5,Delayed,1,7595,12000,1.56,-0.9721319746098116,0.17757786761321748,-1.3591541701845569,0.11470439615967662,False,False,True,False,True,False,False,False,False,False,True,True,False,False
SHIP-10374,2025-09-04,Delhi,Jaipur,Electronics,62,1113.26,400,667.11,3,4,Delayed,1,8283,10000,1.43,-0.7735695312845384,0.22916861469784972,-1.2668779524260336,0.1414855987872663,True,False,False,False,True,False,False,False,True,False,False,False,False,False
SHIP-10375,2025-01-26,Mumbai,Kanpur,Electronics,207,10594.54,803,1334.47,4,4,On-Time,0,10932,12000,1.41,0.47407788588478944,0.5533339567033119,-0.5652304853187714,0.34512379989893893,True,False,False,False,False,False,False,False,False,False,True,False,False,False
SHIP-10376,2025-12-21,Delhi,Jaipur,Automotive Parts,308,55673.69,947,932.19,6,5,Early,0,6322,10000,1.42,-0.2779953624053046,0.35792932684542805,-0.31451774272957594,0.4178878221323902,False,False,True,False,False,False,False,False,True,False,False,True,False,False
SHIP-10377,2025-11-02,Bengaluru,Patna,Apparel,197,14234.25,550,566.98,5,5,On-Time,0,7201,8500,1.4,-0.960765251557202,0.1805311840831786,-1.0057188455622883,0.21728145528044465,False,False,True,False,False,False,False,False,False,True,False,False,False,False
SHIP-10378,2025-01-13,Mumbai,Kanpur,Electronics,195,24398.68,1183,2233.68,4,6,Delayed,2,10974,12000,1.47,2.1551750957757494,0.9901187762680619,0.09637258540271659,0.5371399696816574,False,False,False,True,False,False,False,False,False,False,True,False,True,False
SHIP-10379,2025-11-12,Kolkata,Indore,Apparel,314,48342.11,1662,1078.1,11,11,On-Time,0,6843,7500,1.3,-0.005212704410854153,0.42880406469608884,0.9303406666542764,0.7791814047498737,False,True,False,False,False,False,False,True,False,False,False,True,False,False
SHIP-10380,2025-11-09,Mumbai,Indore,Apparel,307,68586.14,1829,1163.58,11,14,Delayed,3,7846,12000,1.68,0.1545944479801105,0.47032536269810704,1.221097805629246,0.863567458312279,False,True,False,False,False,True,False,False,False,False,True,True,False,False
SHIP-10381,2025-02-05,Mumbai,Kochi,Apparel,213,47686.64,1806,1103.79,12,13,Delayed,1,8139,12000,1.35,0.04281543954005705,0.4412827982673552,1.181053409243472,0.851945426983325,False,True,False,False,True,False,False,False,False,False,True,False,False,False
SHIP-10382,2025-06-22,Delhi,Jaipur,Perishables,20,3804.95,1354,786.45,9,12,Delayed,3,5925,10000,1.24,-0.5504602008407186,0.2871371652776445,0.3940939672273862,0.6235472460838808,False,True,False,False,False,False,True,False,True,False,False,True,False,False
SHIP-10383,2025-01-20,Delhi,Surat,Apparel,368,8560.38,421,871.62,2,2,On-Time,0,5975,10000,1.21,-0.39123260176329167,0.3285078829991219,-1.2303156774651094,0.15209701869631126,True,False,False,False,False,False,False,False,True,False,False,False,False,True
SHIP-10384,2025-11-17,Mumbai,Patna,Consumer Goods,363,54501.38,1229,1158.48,7,7,On-Time,0,8177,12000,1.16,0.14505986120900724,0.46784807421179103,0.17646137817426513,0.5603840323395655,False,False,True,False,False,False,False,False,False,False,True,True,False,False
SHIP-10385,2025-09-21,Mumbai,Indore,Industrial Equipment,155,30976.3,1540,2254.0225000000005,5,8,Delayed,3,6530,12000,1.4,2.193205945068137,1.0000000000000002,0.7179312597384303,0.717534108135422,True,False,False,False,False,False,True,False,False,False,True,False,False,True
SHIP-10386,2025-05-22,Bengaluru,Bhopal,Automotive Parts,94,1791.89,1396,838.29,8,8,On-Time,0,6665,8500,1.26,-0.45354393060267933,0.3123180741267861,0.46721851714923485,0.6447700859019707,False,True,False,False,False,False,False,False,False,True,False,False,False,False
SHIP-10387,2025-05-23,Mumbai,Lucknow,Electronics,109,15715.17,652,597.91,5,5,On-Time,0,8424,12000,1.16,-0.9029407870806867,0.19555521013842453,-0.8281306528949416,0.268822637695806,False,False,True,False,False,False,False,False,False,False,True,False,False,False
SHIP-10388,2025-04-02,Bengaluru,Lucknow,Electronics,113,24472.93,888,825.23,6,7,Delayed,1,7412,8500,1.46,-0.4779599508439754,0.3059742726304553,-0.41724032476264905,0.38807478524507333,False,False,True,False,False,False,False,False,False,True,False,False,False,False
SHIP-10389,2025-12-20,Nagpur,Chandigarh,Electronics,445,56254.22,2034,2254.0225000000005,5,5,On-Time,0,4985,6000,1.56,2.193205945068137,1.0000000000000002,1.5780152516763646,0.9671551288529562,False,False,False,False,False,True,False,False,False,False,False,False,False,False
SHIP-10390,2025-11-18,Kolkata,Surat,Apparel,55,878.07,2058,1157.19,13,14,Delayed,1,4511,7500,1.2,0.1426481716139635,0.46722146594760533,1.6198007087745638,0.9792824658918647,False,True,False,False,True,False,False,True,False,False,False,False,False,False
SHIP-10391,2025-10-15,Delhi,Lucknow,Apparel,53,932.17,1524,895.72,9,9,On-Time,0,6877,10000,1.43,-0.34617700545278335,0.3402142854540663,0.6900742883396308,0.7094492167761497,False,True,False,False,True,False,False,False,True,False,False,False,False,False
SHIP-10392,2025-08-03,Mumbai,Chandigarh,Apparel,287,32405.02,563,640.4,4,5,Delayed,1,9632,12000,1.6,-0.8235045925896702,0.2161944234293201,-0.9830850563007638,0.22385042950985348,False,False,True,False,True,False,False,False,False,False,True,True,False,False
SHIP-10393,2025-12-08,Delhi,Jaipur,Perishables,190,9771.14,1176,1081.01,7,6,Early,0,5408,10000,1.74,0.00022761862912853433,0.4302175763618103,0.08418516041574181,0.5336028297119758,False,False,True,False,False,False,False,False,True,False,False,False,False,True
SHIP-10394,2025-02-20,Delhi,Indore,Industrial Equipment,196,33544.6,379,460.5,3,5,Delayed,2,4648,10000,1.55,-1.1598324671232982,0.12880928643162376,-1.303440227386958,0.13087417887822134,False,False,True,True,False,False,False,False,True,False,False,True,False,False
SHIP-10395,2025-06-02,Nagpur,Indore,Electronics,123,22332.84,1377,2254.0225000000005,5,6,Delayed,1,5103,6000,1.3,2.193205945068137,1.0000000000000002,0.43413836361316044,0.6351692774128348,False,False,False,False,False,False,False,False,False,False,False,False,False,False
SHIP-10396,2025-07-05,Delhi,Bhopal,Consumer Goods,264,14995.66,1658,1460.92,9,9,On-Time,0,5146,10000,1.58,0.7104795520036182,0.6147561388787355,0.9233764238045766,0.7771601819100556,False,False,True,True,False,False,False,False,True,False,False,True,False,False
SHIP-10397,2025-03-04,Mumbai,Kanpur,Consumer Goods,390,87284.08,2002,1308.88,12,12,On-Time,0,10416,12000,1.51,0.4262366946156649,0.540903797416091,1.5223013088787658,0.9509853461344114,False,True,False,False,False,False,False,False,False,False,True,False,False,True
SHIP-10398,2025-07-09,Bengaluru,Lucknow,Consumer Goods,389,46232.01,1451,987.33,9,9,On-Time,0,7474,8500,1.28,-0.17490965366831598,0.3847131870680683,0.5629768563326081,0.6725618999494695,False,True,False,False,False,False,False,False,False,True,False,True,False,False
SHIP-10399,2025-05-05,Kolkata,Jaipur,Apparel,39,1894.18,858,1360.79,4,4,On-Time,0,4998,7500,1.66,0.5232838317309544,0.5661187082640643,-0.4694721461353981,0.37291561394643763,True,False,False,False,False,False,False,True,False,False,False,False,False,False
SHIP-10400,2025-05-30,Bengaluru,Coimbatore,Automotive Parts,273,53125.56,915,882.38,6,6,On-Time,0,7048,8500,1.41,-0.3711164932030813,0.3337344759624083,-0.37023168552717495,0.40171803941384543,False,False,True,False,False,False,False,False,False,True,False,False,False,False
SHIP-10401,2025-11-10,Delhi,Lucknow,Consumer Goods,107,21468.91,189,294.63,3,4,Delayed,1,6206,10000,1.73,-1.4699308804023028,0.048239121485498734,-1.634241762747702,0.03486609398686206,False,False,True,False,True,False,False,False,True,False,False,False,False,True
SHIP-10402,2025-02-27,Mumbai,Surat,Apparel,322,53205.49,1597,1447.3,8,8,On-Time,0,10240,12000,1.58,0.6850165967443183,0.6081403213917503,0.8171717203466535,0.7463365336028298,False,False,True,False,False,False,False,False,False,False,True,False,False,False
SHIP-10403,2025-12-08,Bengaluru,Kanpur,Industrial Equipment,376,81052.22,1582,1446.42,9,9,On-Time,0,7119,8500,1.54,0.6833714131445987,0.6077128676921507,0.791055809660279,0.738756947953512,False,False,True,False,False,False,False,False,False,True,False,True,False,False
SHIP-10404,2025-11-01,Delhi,Lucknow,Consumer Goods,338,63639.54,1968,1745.87,9,8,Early,0,4869,10000,1.59,1.2432012187537977,0.7531685612661372,1.4631052446563169,0.9338049519959577,False,False,True,False,False,False,False,False,True,False,False,False,False,True
SHIP-10405,2025-06-29,Mumbai,Jaipur,Electronics,124,27567.48,1507,909.66,9,9,On-Time,0,8685,12000,1.44,-0.32011580161176745,0.3469855406499967,0.6604762562284063,0.7008590197069228,False,True,False,False,True,False,False,False,False,False,True,False,False,False
SHIP-10406,2025-06-19,Delhi,Lucknow,Consumer Goods,285,33334.65,1102,1057.05,6,5,Early,0,7507,10000,1.45,-0.044566243926878926,0.41857917790452953,-0.04465333230370584,0.49621020717534114,False,False,True,False,False,False,False,False,True,False,False,True,False,False
SHIP-10407,2025-11-22,Delhi,Surat,Electronics,290,55298.74,1909,2254.0225000000005,6,5,Early,0,4504,10000,1.66,2.193205945068137,1.0000000000000002,1.3603826626232436,0.9039919151086409,False,False,False,False,True,False,False,False,True,False,False,False,True,False
SHIP-10408,2025-09-28,Mumbai,Coimbatore,Perishables,284,70983.42,600,652.74,4,3,Early,0,10926,12000,1.56,-0.8004346316572356,0.222188490080524,-0.91866580994104,0.24254674077817082,False,False,True,False,False,False,False,False,False,False,True,True,False,False
SHIP-10409,2025-02-23,Delhi,Patna,Electronics,270,50046.88,1287,2254.0225000000005,5,5,On-Time,0,6410,10000,1.69,2.193205945068137,1.0000000000000002,0.2774428994949133,0.5896917635169278,False,False,False,False,False,False,False,False,True,False,False,True,False,False
SHIP-10410,2025-04-11,Bengaluru,Kochi,Consumer Goods,340,14223.28,143,438.23,2,2,On-Time,0,5891,8500,1.68,-1.2014668293571165,0.11799179337471051,-1.7143305555192505,0.011622031328954015,True,False,False,False,False,False,False,False,False,True,False,False,True,False
SHIP-10411,2025-09-21,Bengaluru,Coimbatore,Apparel,216,29549.86,1084,995.3,7,10,Delayed,3,4603,8500,1.74,-0.16000952492994472,0.3885845575064876,-0.07599242512735527,0.4871147043961598,False,False,True,False,False,False,True,False,False,True,False,True,False,False
SHIP-10412,2025-02-22,Kolkata,Chandigarh,Perishables,393,60139.51,1568,1070.65,10,11,Delayed,1,5528,7500,1.57,-0.019140679203936247,0.42518528053470567,0.7666809596863294,0.7316826680141486,False,True,False,False,True,False,False,True,False,False,False,False,True,False
SHIP-10413,2025-03-01,Delhi,Lucknow,Electronics,337,18851.61,865,885.86,5,5,On-Time,0,8309,10000,1.45,-0.3646105398769166,0.33542486104718866,-0.45728472114842333,0.3764527539161193,False,False,True,False,False,False,False,False,True,False,False,False,True,False
SHIP-10414,2025-04-18,Delhi,Indore,Electronics,220,53081.5,964,858.57,6,6,On-Time,0,7253,10000,1.25,-0.41562992673640914,0.3221689389311957,-0.2849197106183515,0.42647801920161704,False,False,True,False,True,False,False,False,True,False,False,True,False,False
SHIP-10415,2025-01-05,Delhi,Bhopal,Electronics,224,12602.52,1318,2254.0225000000005,4,4,On-Time,0,8203,10000,1.57,2.193205945068137,1.0000000000000002,0.33141578158008733,0.605356240525518,False,False,False,True,False,False,False,False,True,False,False,False,False,True
SHIP-10416,2025-04-13,Bengaluru,Indore,Electronics,420,23824.97,1987,1776.44,9,9,On-Time,0,6745,8500,1.32,1.3003526535758825,0.7680177198988197,1.4961853981923912,0.9434057604850935,False,False,True,False,False,False,False,False,False,True,False,True,False,False
SHIP-10417,2025-07-15,Kolkata,Coimbatore,Electronics,49,11273.15,444,447.46,3,7,Delayed,4,4212,7500,1.32,-1.184211096828237,0.12247519979210204,-1.190271281079335,0.1637190500252653,False,False,True,True,False,False,False,True,False,False,False,False,False,True
SHIP-10418,2025-09-19,Delhi,Indore,Apparel,35,4351.31,2012,1591.48,10,10,On-Time,0,6548,10000,1.29,0.9545649733438655,0.6781747241284255,1.5397119160030153,0.9560384032339567,False,False,True,False,False,False,False,False,True,False,False,True,False,False
SHIP-10419,2025-12-16,Nagpur,Jaipur,Electronics,36,1074.57,1814,1023.02,11,13,Delayed,2,3119,6000,1.68,-0.10818624153877085,0.40204934904387585,1.1949818949428717,0.8559878726629612,False,True,False,True,False,False,False,False,False,False,False,True,False,False
SHIP-10420,2025-02-16,Delhi,Indore,Electronics,199,30959.24,2003,1693.42,10,10,On-Time,0,4697,10000,1.67,1.1451445371568618,0.7276913492843186,1.5240423695911907,0.9514906518443659,False,False,True,False,False,False,False,False,True,False,False,False,False,True
SHIP-10421,2025-12-21,Bengaluru,Kanpur,Automotive Parts,92,14391.49,1491,1237.42,7,7,On-Time,0,4076,8500,1.53,0.29264030821114523,0.5061926140372395,0.6326192848296068,0.6927741283476504,False,False,True,False,False,False,False,False,False,True,False,False,False,True
SHIP-10422,2025-11-07,Kolkata,Patna,Consumer Goods,393,11851.97,917,925.97,6,5,Early,0,6697,7500,1.43,-0.2896238192124151,0.35490800637780345,-0.366749564102325,0.4027286508337545,False,False,True,False,False,False,False,True,False,False,False,False,True,False
SHIP-10423,2025-11-04,Nagpur,Lucknow,Consumer Goods,443,106183.22250000002,137,371.52,2,3,Delayed,1,5476,6000,1.55,-1.326182963376785,0.08558788848801609,-1.7247769197938003,0.008590197069226889,False,False,True,False,False,True,False,False,False,False,False,False,False,False
SHIP-10424,2025-05-24,Kolkata,Indore,Consumer Goods,179,25569.62,163,382.72,2,4,Delayed,2,3709,7500,1.51,-1.3052442630167147,0.09102820830110227,-1.6795093412707511,0.021728145528044467,True,False,False,True,False,False,False,True,False,False,False,False,False,False
SHIP-10425,2025-09-26,Kolkata,Surat,Perishables,422,61844.94,274,638.23,3,2,Early,0,4556,7500,1.4,-0.8275614657844338,0.21514036146553467,-1.4862516021915797,0.07781707933299647,True,False,False,False,True,False,False,True,False,False,False,False,False,True
SHIP-10426,2025-05-04,Mumbai,Patna,Electronics,176,24151.97,986,881.53,6,6,On-Time,0,6045,12000,1.38,-0.3727055909982653,0.3333215945480223,-0.2466163749450022,0.43759474482061655,False,False,True,False,False,False,False,False,False,False,True,False,False,False
SHIP-10427,2025-04-16,Kolkata,Patna,Automotive Parts,197,31228.83,1041,946.29,6,5,Early,0,6315,7500,1.38,-0.25163503427343065,0.36477830089583113,-0.15085803576162893,0.4653865588681153,False,False,True,False,False,False,False,True,False,False,False,True,False,False
SHIP-10428,2025-06-07,Delhi,Indore,Industrial Equipment,178,13725.66,1520,921.27,9,9,On-Time,0,6832,10000,1.5,-0.2984105952563732,0.352625015027669,0.6831100454899309,0.7074279939363316,False,True,False,False,False,False,False,False,True,False,False,False,False,False
SHIP-10429,2025-05-27,Nagpur,Patna,Electronics,298,24585.51,862,841.15,5,5,On-Time,0,4451,6000,1.54,-0.4481970839035899,0.31370729865048486,-0.46250790328569824,0.3749368367862557,False,False,True,False,False,False,False,False,False,False,False,False,True,False
SHIP-10430,2025-05-25,Bengaluru,Bhopal,Perishables,238,32169.2,2026,1717.63,11,11,On-Time,0,5981,8500,1.42,1.1904057814173352,0.7394511834517129,1.5640867659769648,0.96311268317332,False,False,True,False,False,False,False,False,False,True,False,True,False,False
SHIP-10431,2025-04-30,Kolkata,Indore,Consumer Goods,106,21684.54,1971,1648.79,9,12,Delayed,3,5878,7500,1.73,1.0617075552756177,0.7060126463148512,1.4683284267935917,0.9353208691258212,False,False,True,False,False,False,True,True,False,False,False,False,False,False
SHIP-10432,2025-11-15,Mumbai,Jaipur,Electronics,376,10046.03,1545,1045.6,10,11,Delayed,1,7199,12000,1.2,-0.0659723259914151,0.4130174223813298,0.7266365633005551,0.7200606366851946,False,True,False,False,True,False,False,False,False,False,True,False,False,False
SHIP-10433,2025-10-02,Bengaluru,Coimbatore,Automotive Parts,25,3920.0,344,358.63,3,2,Early,0,4374,8500,1.36,-1.3502811640590444,0.07932666327456249,-1.3643773523218319,0.11318847902981305,False,False,True,False,False,False,False,False,False,True,False,False,True,False
SHIP-10434,2025-04-02,Bengaluru,Kanpur,Industrial Equipment,288,58922.74,336,426.88,3,3,On-Time,0,3895,8500,1.4,-1.2226859587398664,0.11247861213555622,-1.3783058380212316,0.10914603335017686,False,False,True,False,True,False,False,False,False,True,False,False,False,False
SHIP-10435,2025-02-27,Kolkata,Kochi,Apparel,144,7470.08,1711,1404.63,9,9,On-Time,0,4946,7500,1.16,0.6052438874260867,0.587413674389573,1.0156526415631,0.8039413845376454,False,False,True,False,False,False,True,True,False,False,False,True,False,False
SHIP-10436,2025-12-12,Delhi,Chandigarh,Electronics,35,648.56,150,197.86,2,3,Delayed,1,8766,10000,1.37,-1.6508449905669453,0.0012337868147534736,-1.7021431305322758,0.015159171298635678,False,False,True,False,True,False,False,False,True,False,False,True,False,False
SHIP-10437,2025-08-17,Delhi,Patna,Consumer Goods,361,31944.03,2012,1769.96,10,11,Delayed,1,5934,10000,1.31,1.2882381197961275,0.764870106292677,1.5397119160030153,0.9560384032339567,False,False,True,False,True,False,False,False,True,False,False,True,False,False
SHIP-10438,2025-04-27,Delhi,Jaipur,Industrial Equipment,21,3217.49,1202,1003.29,6,5,Early,0,5420,10000,1.45,-0.14507200565521602,0.39246564280171603,0.129452738938791,0.5467407781707934,False,False,True,False,False,True,False,False,True,False,False,False,False,False
SHIP-10439,2025-11-14,Delhi,Lucknow,Consumer Goods,81,3847.22,2035,1141.74,13,13,On-Time,0,8852,10000,1.35,0.11376398227797369,0.4597167390625891,1.5797563123887897,0.9676604345629106,False,True,False,True,False,False,False,False,True,False,False,True,False,False
SHIP-10440,2025-10-06,Nagpur,Lucknow,Consumer Goods,142,16349.7,1017,929.51,6,6,On-Time,0,2997,6000,1.59,-0.28300569427717864,0.356627536033011,-0.19264349285982815,0.45325922182920675,False,False,True,False,False,False,False,False,False,False,False,False,False,False
SHIP-10441,2025-05-07,Delhi,Chandigarh,Electronics,115,16651.49,1496,2254.0225000000005,4,4,On-Time,0,4743,10000,1.46,2.193205945068137,1.0000000000000002,0.6413245883917317,0.695300656897423,False,False,False,False,False,False,False,False,True,False,False,True,False,False
SHIP-10442,2025-05-09,Nagpur,Kanpur,Electronics,229,35663.89,1054,978.81,7,7,On-Time,0,5179,6000,1.23,-0.19083802215651244,0.38057465806739915,-0.12822424650010433,0.471955533097524,False,False,True,False,False,True,False,False,False,False,False,True,False,False
SHIP-10443,2025-02-27,Mumbai,Patna,Automotive Parts,382,30363.94,564,667.46,5,5,On-Time,0,9353,12000,1.6,-0.7729151968982861,0.22933862469200866,-0.9813439955883388,0.22435573521980798,False,False,True,False,False,False,False,False,False,False,True,False,False,True
SHIP-10444,2025-05-02,Delhi,Bhopal,Consumer Goods,186,20275.3,1378,839.45,8,8,On-Time,0,6483,10000,1.21,-0.4513752794939576,0.3128815358217129,0.4358794243255854,0.6356745831227893,False,True,False,False,False,False,False,False,True,False,False,False,False,False
SHIP-10445,2025-01-01,Kolkata,Chandigarh,Perishables,291,57591.73,1250,1171.39,6,6,On-Time,0,6027,7500,1.65,0.16919545242762407,0.4741190142820538,0.21302365313518948,0.5709954522486105,False,False,True,False,False,False,False,True,False,False,False,True,False,False
SHIP-10446,2025-08-27,Bengaluru,Kanpur,Consumer Goods,142,33538.33,1334,844.47,9,10,Delayed,1,6787,8500,1.71,-0.4419902548682833,0.31531996488079256,0.35927275297888683,0.6134411318847903,False,True,False,False,True,False,False,False,False,True,False,False,False,True
SHIP-10447,2025-10-17,Mumbai,Patna,Industrial Equipment,31,6743.8,649,555.41,4,4,On-Time,0,5625,12000,1.34,-0.9823956768398818,0.17491113941912434,-0.8333538350322165,0.26730672056594246,False,False,True,False,False,True,False,False,False,False,True,False,False,True
SHIP-10448,2025-04-06,Bengaluru,Jaipur,Consumer Goods,278,41034.64,2056,1757.49,10,10,On-Time,0,6526,8500,1.71,1.2649251203773708,0.7588128930722141,1.616318587349714,0.9782718544719556,False,False,True,False,False,False,False,False,False,True,False,True,False,False
SHIP-10449,2025-05-06,Kolkata,Coimbatore,Consumer Goods,421,46907.32,857,928.11,6,5,Early,0,5634,7500,1.63,-0.2856230318221874,0.35594749605637527,-0.4712132068478231,0.37241030823648313,False,False,True,False,False,False,False,True,False,False,False,True,False,False
SHIP-10450,2025-04-28,Delhi,Bhopal,Electronics,170,15851.62,1822,2254.0225000000005,5,8,Delayed,3,9029,10000,1.7,2.193205945068137,1.0000000000000002,1.2089103806422714,0.8600303183425974,False,False,False,False,False,False,True,False,True,False,False,False,False,False
SHIP-10451,2025-02-17,Nagpur,Kochi,Consumer Goods,116,5146.32,1726,1445.74,8,8,On-Time,0,5425,6000,1.55,0.6821001349084514,0.6073825625606419,1.0417685522494744,0.8115209701869632,False,False,True,False,False,False,False,False,False,False,False,False,False,True
SHIP-10452,2025-03-30,Nagpur,Lucknow,Apparel,288,11531.39,993,941.56,6,6,On-Time,0,3765,6000,1.29,-0.2604778961219246,0.36248073726048313,-0.2344289499580274,0.4411318847902982,False,False,True,False,False,False,False,False,False,False,False,True,False,False
SHIP-10453,2025-08-25,Bengaluru,Surat,Perishables,362,63988.58,685,784.0,4,7,Delayed,3,6181,8500,1.69,-0.555040541544484,0.28594709531853185,-0.7706756493849176,0.28549772612430524,False,False,True,False,False,False,True,False,False,True,False,False,False,False
SHIP-10454,2025-09-29,Delhi,Jaipur,Apparel,244,18556.61,1388,893.99,8,8,On-Time,0,5164,10000,1.26,-0.3494112868476871,0.33937395034008067,0.4532900314498351,0.6407276402223346,False,True,False,False,False,False,False,False,True,False,False,False,True,False
SHIP-10455,2025-07-08,Bengaluru,Lucknow,Electronics,27,2020.83,2005,2254.0225000000005,5,5,On-Time,0,4090,8500,1.28,2.193205945068137,1.0000000000000002,1.5275244910160406,0.952501263264275,False,False,False,False,False,False,False,False,False,True,False,False,False,True
SHIP-10456,2025-07-11,Delhi,Indore,Electronics,251,62643.54,195,328.6,3,4,Delayed,1,6534,10000,1.31,-1.4064230543994827,0.06473980577572523,-1.6237953984731521,0.037897928246589184,False,False,True,False,True,False,False,False,True,False,False,False,False,True
SHIP-10457,2025-03-10,Delhi,Surat,Electronics,126,7454.49,666,638.48,4,4,On-Time,0,7742,10000,1.33,-0.8270940840799679,0.2152617971756482,-0.803755802920992,0.2758969176351693,False,False,True,False,False,False,False,False,True,False,False,False,False,False
SHIP-10458,2025-10-05,Mumbai,Lucknow,Apparel,295,14689.24,386,501.67,4,7,Delayed,3,8602,12000,1.46,-1.0828640480318614,0.14880731917311996,-1.2912528023999832,0.13441131884790297,False,False,True,False,False,False,True,False,False,False,True,False,True,False
SHIP-10459,2025-12-15,Mumbai,Kanpur,Industrial Equipment,291,11113.59,436,531.21,4,4,On-Time,0,7823,12000,1.58,-1.0276382258321763,0.16315616268013466,-1.2041997667787347,0.1596766043456291,False,False,True,False,False,False,False,False,False,False,True,False,False,False
SHIP-10460,2025-09-04,Nagpur,Bhopal,Perishables,153,23141.9,1955,1605.19,9,8,Early,0,5007,6000,1.71,0.9801961860167729,0.6848342584710515,1.4404714553947922,0.9272359777665489,False,False,True,False,False,False,False,False,False,False,False,False,False,True
SHIP-10461,2025-03-17,Kolkata,Lucknow,Electronics,214,34785.27,1264,1109.19,8,8,On-Time,0,6175,7500,1.2,0.05291088435651965,0.44390580960580744,0.23739850310913904,0.5780697321879738,False,False,True,False,False,False,False,True,False,False,False,False,False,True
SHIP-10462,2025-06-03,Kolkata,Kochi,Apparel,48,4839.77,1979,1122.55,11,12,Delayed,1,5955,7500,1.72,0.07788776264317468,0.4503953339542745,1.4822569124929914,0.9393633148054573,False,True,False,False,False,False,False,True,False,False,False,False,False,False
SHIP-10463,2025-05-24,Mumbai,Coimbatore,Consumer Goods,426,59990.23,144,370.75,2,2,On-Time,0,5834,12000,1.7,-1.3276224990265397,0.08521386650086642,-1.7125894948068257,0.012127337038908538,False,False,True,True,False,False,False,False,False,False,True,True,False,False
SHIP-10464,2025-03-27,Mumbai,Kanpur,Apparel,163,32644.64,1575,962.83,9,11,Delayed,2,9892,12000,1.18,-0.2207130607059696,0.37281248747694234,0.7788683846733042,0.7352198079838302,False,True,False,True,False,False,False,False,False,False,True,False,False,True
SHIP-10465,2025-07-04,Mumbai,Jaipur,Apparel,185,38342.08,279,358.24,4,7,Delayed,3,10585,12000,1.37,-1.351010279518011,0.07913722356678539,-1.4775462986294547,0.08034360788276906,False,False,True,False,False,False,True,False,False,False,True,False,False,False
SHIP-10466,2025-10-12,Nagpur,Jaipur,Apparel,250,60027.33,715,754.03,4,4,On-Time,0,2867,6000,1.64,-0.6110702602758505,0.27138938239012184,-0.7184438280121686,0.30065689742294094,False,False,True,False,False,False,False,False,False,False,False,False,False,False
SHIP-10467,2025-08-08,Delhi,Jaipur,Apparel,431,89950.98,1257,1219.09,7,8,Delayed,1,6387,10000,1.52,0.2583718816397086,0.49728894777171534,0.22521107812216426,0.5745325922182921,False,False,True,False,True,False,False,False,True,False,False,False,False,True
SHIP-10468,2025-03-10,Nagpur,Jaipur,Electronics,395,58356.41,1878,2254.0225000000005,5,5,On-Time,0,5487,6000,1.62,2.193205945068137,1.0000000000000002,1.3064097805380697,0.8883274381000507,False,False,False,False,False,False,False,False,False,False,False,False,False,False
SHIP-10469,2025-02-16,Bengaluru,Coimbatore,Industrial Equipment,378,21628.93,1019,1715.98,5,5,On-Time,0,6218,8500,1.58,1.1873210621678605,0.7386497077649635,-0.18916137143497821,0.45426983324911574,True,False,False,True,False,False,False,False,False,True,False,True,False,False
SHIP-10470,2025-04-04,Mumbai,Lucknow,Electronics,143,5497.55,621,611.02,5,5,On-Time,0,8296,12000,1.45,-0.8784312904984973,0.20192329877677806,-0.8821035349801156,0.2531581606872158,False,False,True,False,True,False,False,False,False,False,True,False,False,True
SHIP-10471,2025-08-26,Kolkata,Patna,Apparel,55,1529.57,1309,1070.3,7,7,On-Time,0,4000,7500,1.17,-0.019795013590188697,0.4250152705405467,0.3157462351682626,0.6008084891359273,False,False,True,False,False,False,False,True,False,False,False,False,False,False
SHIP-10472,2025-07-23,Mumbai,Lucknow,Consumer Goods,59,10126.38,1132,939.11,6,8,Delayed,2,8589,12000,1.5,-0.26505823682568985,0.36129066730137055,0.007578489069043208,0.5113693784739768,False,False,True,False,False,False,False,False,False,False,True,True,False,False
SHIP-10473,2025-08-06,Nagpur,Indore,Apparel,175,35834.93,822,763.67,5,4,Early,0,3938,6000,1.18,-0.5930480217516473,0.27607194337209956,-0.532150331782697,0.35472460838807485,False,False,True,False,False,False,False,False,False,False,False,True,False,False
SHIP-10474,2025-12-07,Nagpur,Bhopal,Automotive Parts,115,15472.18,1318,835.26,8,9,Delayed,1,3059,6000,1.51,-0.4592085968608054,0.3108462733202101,0.33141578158008733,0.605356240525518,False,True,False,False,True,False,False,False,False,False,False,False,True,False
SHIP-10475,2025-02-08,Mumbai,Surat,Automotive Parts,225,6268.01,120,262.62,3,3,On-Time,0,8018,12000,1.63,-1.5297744338421106,0.032690493162562326,-1.7543749519050247,0.0,False,False,True,False,False,True,False,False,False,False,True,True,False,False
SHIP-10476,2025-04-10,Mumbai,Patna,Industrial Equipment,155,21829.52,2042,1684.91,11,11,On-Time,0,6327,12000,1.5,1.1292348639368444,0.723557677712054,1.5919437373757643,0.9711975745325924,False,False,True,False,False,False,False,False,False,False,True,True,False,False
SHIP-10477,2025-10-16,Bengaluru,Patna,Apparel,420,98658.45,860,921.27,6,6,On-Time,0,6744,8500,1.75,-0.2984105952563732,0.352625015027669,-0.4659900247105482,0.3739262253663467,False,False,True,False,False,False,False,False,False,True,False,False,True,False
SHIP-10478,2025-09-11,Nagpur,Lucknow,Industrial Equipment,434,67460.57,1229,1225.56,7,9,Delayed,2,5445,6000,1.42,0.2704677201512849,0.5004317039494536,0.17646137817426513,0.5603840323395655,False,False,True,False,False,False,False,False,False,False,False,False,False,False
SHIP-10479,2025-08-10,Delhi,Patna,Apparel,81,16622.45,1717,1017.09,11,13,Delayed,2,6707,10000,1.6,-0.1192725355687008,0.39916889399998295,1.0260990058376498,0.8069732187973725,False,True,False,True,False,False,False,False,True,False,False,False,False,False
SHIP-10480,2025-12-23,Bengaluru,Chandigarh,Automotive Parts,339,68829.16,439,578.65,4,4,On-Time,0,6351,8500,1.55,-0.938947873592736,0.18619980303127814,-1.19897658464146,0.16119252147549268,False,False,True,False,False,False,False,False,False,True,False,False,False,False
SHIP-10481,2025-01-23,Bengaluru,Chandigarh,Consumer Goods,282,66002.2,1544,1351.53,9,10,Delayed,1,5546,8500,1.74,0.5059720133975392,0.5616207295614591,0.7248955025881302,0.71955533097524,False,False,True,False,False,False,False,False,False,True,False,True,False,False
SHIP-10482,2025-09-07,Kolkata,Indore,Perishables,256,50176.96,501,558.89,4,4,On-Time,0,3863,7500,1.58,-0.9758897235137171,0.1766015245039047,-1.0910308204711119,0.1925214754926731,False,False,True,False,False,False,False,True,False,False,False,False,False,False
SHIP-10483,2025-01-10,Delhi,Surat,Perishables,422,80479.46,1861,1209.52,11,12,Delayed,1,9061,10000,1.25,0.24048050999275583,0.49264038878856936,1.276811748426845,0.8797372410308237,False,True,False,False,True,False,False,False,True,False,False,False,False,True
SHIP-10484,2025-09-03,Kolkata,Kochi,Industrial Equipment,195,13652.75,1760,1100.19,10,10,On-Time,0,3831,7500,1.72,0.03608514299574893,0.4395341240417204,1.1009646164719233,0.828701364325417,False,True,False,False,False,False,False,True,False,False,False,False,False,False
SHIP-10485,2025-11-21,Nagpur,Coimbatore,Consumer Goods,79,2297.51,1461,879.42,9,10,Delayed,1,3014,6000,1.55,-0.3766502925839571,0.3322966771546641,0.5803874634568578,0.6776149570490148,False,True,False,False,True,False,False,False,False,False,False,False,False,True
SHIP-10486,2025-04-10,Delhi,Lucknow,Electronics,159,21725.1,1946,1160.96,11,11,On-Time,0,6658,10000,1.19,0.14969628771730856,0.4690527164561173,1.4248019089829675,0.9226882263769581,False,True,False,False,False,False,False,False,True,False,False,False,False,True
SHIP-10487,2025-10-17,Delhi,Coimbatore,Automotive Parts,255,11281.72,1393,1219.2,7,7,On-Time,0,7596,10000,1.54,0.2585775295896738,0.4973423794841653,0.46199533501195994,0.6432541687721072,False,False,True,False,False,False,False,False,True,False,False,False,False,True
SHIP-10488,2025-06-29,Nagpur,Kochi,Electronics,271,65342.44,1668,2254.0225000000005,5,5,On-Time,0,3700,6000,1.68,2.193205945068137,1.0000000000000002,0.9407870309288262,0.7822132390096009,False,False,False,False,False,False,False,False,False,False,False,False,False,True
SHIP-10489,2025-08-11,Delhi,Lucknow,Automotive Parts,35,2909.63,1818,2254.0225000000005,6,6,On-Time,0,5404,10000,1.5,2.193205945068137,1.0000000000000002,1.2019461377925715,0.8580090955027793,True,False,False,False,False,False,False,False,True,False,False,False,False,False
SHIP-10490,2025-09-07,Nagpur,Lucknow,Consumer Goods,432,93070.9,1698,1538.62,9,10,Delayed,1,5009,6000,1.36,0.8557417857516051,0.6524983575820206,0.9930188523015753,0.7973724103082366,False,False,True,False,False,False,False,False,False,False,False,False,False,True
SHIP-10491,2025-05-27,Mumbai,Surat,Consumer Goods,149,15807.68,1017,914.42,6,5,Early,0,7447,12000,1.64,-0.3112168539587376,0.3492976765705583,-0.19264349285982815,0.45325922182920675,False,False,True,False,False,False,False,False,False,False,True,False,False,True
SHIP-10492,2025-04-06,Delhi,Coimbatore,Automotive Parts,108,9822.67,2095,1704.1,11,12,Delayed,1,5413,10000,1.62,1.165111083571643,0.7328790828203685,1.6842199551342878,0.9979787771601819,False,False,True,False,True,False,False,False,True,False,False,False,False,True
SHIP-10493,2025-09-14,Nagpur,Chandigarh,Apparel,407,95548.24,1766,1171.82,11,11,On-Time,0,3729,6000,1.48,0.16999934895930505,0.47432788370344897,1.1114109807464732,0.831733198585144,False,True,False,False,False,False,False,False,False,False,False,False,False,True
SHIP-10494,2025-11-21,Mumbai,Jaipur,Apparel,287,28809.29,836,834.65,5,9,Delayed,4,6610,12000,1.24,-0.4603490082197021,0.3105499701875331,-0.5077754818087474,0.3617988883274382,False,False,True,False,False,False,False,False,False,False,True,False,False,False
SHIP-10495,2025-01-04,Bengaluru,Coimbatore,Apparel,60,6403.06,2039,1173.84,12,15,Delayed,3,5900,8500,1.3,0.1737757931313891,0.4753090842411663,1.5867205552384895,0.9696816574027288,False,True,False,True,False,False,False,False,False,True,False,False,False,False
SHIP-10496,2025-01-16,Mumbai,Bhopal,Consumer Goods,160,6389.05,1399,861.04,8,9,Delayed,1,9169,12000,1.59,-0.41101219549628665,0.32336872374711734,0.47244169928650975,0.6462860030318344,False,True,False,False,True,False,False,False,False,False,True,False,False,False
SHIP-10497,2025-10-07,Bengaluru,Bhopal,Industrial Equipment,441,76096.74,426,881.9,2,2,On-Time,0,7019,8500,1.63,-0.3720138660756558,0.3335013193989903,-1.2216103739029844,0.15462354724608388,True,False,False,False,True,False,False,False,False,True,False,False,True,False
SHIP-10498,2025-12-02,Delhi,Lucknow,Consumer Goods,113,9365.13,2093,1691.19,10,12,Delayed,2,5569,10000,1.32,1.1409754923530264,0.7266081427501059,1.6807378337094379,0.996968165740273,False,False,True,True,False,False,False,False,True,False,False,False,False,False
SHIP-10499,2025-09-04,Mumbai,Jaipur,Perishables,443,67609.32,1287,948.04,9,9,On-Time,0,6341,12000,1.37,-0.24836336234216966,0.3656283508666259,0.2774428994949133,0.5896917635169278,False,True,False,False,False,False,False,False,False,False,True,False,False,True
SHIP-10500,2025-09-15,Nagpur,Kanpur,Automotive Parts,98,15088.83,1801,1018.99,11,13,Delayed,2,2755,6000,1.2,-0.11572043461476035,0.40009180539684575,1.172348105681347,0.8494188984335523,False,True,False,True,False,False,False,False,False,False,False,False,False,False
SHIP-10501,2025-06-09,Mumbai,Kochi,Consumer Goods,150,27601.79,510,533.06,5,6,Delayed,1,6686,12000,1.58,-1.024179601219129,0.16405478693497477,-1.075361274059287,0.19706922688226378,False,False,True,False,False,False,False,False,False,False,True,False,True,False
SHIP-10502,2025-12-06,Bengaluru,Indore,Industrial Equipment,222,42209.25,1956,1628.32,10,10,On-Time,0,3920,8500,1.15,1.0234383413139534,0.6960694903707553,1.4422125161072172,0.9277412834765034,False,False,True,False,False,False,False,False,False,True,False,False,False,True
SHIP-10503,2025-06-01,Mumbai,Jaipur,Apparel,242,32886.91,1819,1116.77,12,11,Early,0,7348,12000,1.18,0.06708189763592419,0.4475877403364497,1.2036871985049964,0.8585144012127338,False,True,False,False,False,False,False,False,False,False,True,False,False,False
SHIP-10504,2025-06-27,Kolkata,Indore,Consumer Goods,403,37391.59,1312,941.18,8,8,On-Time,0,3888,7500,1.15,-0.26118831631271267,0.36229615498111056,0.3209694173055375,0.6023244062657909,False,True,False,False,False,False,False,True,False,False,False,False,False,False
SHIP-10505,2025-06-12,Delhi,Coimbatore,Perishables,192,40665.78,1109,995.47,6,6,On-Time,0,7225,10000,1.54,-0.15969170537090782,0.38866713378936485,-0.03246590731673107,0.4997473471450228,False,False,True,False,False,False,False,False,True,False,False,False,False,True
SHIP-10506,2025-02-02,Nagpur,Coimbatore,Electronics,260,22832.79,417,506.23,3,3,On-Time,0,3782,6000,1.4,-1.0743390057424045,0.15102230652559073,-1.2372799203148093,0.1500757958564932,False,False,True,False,False,False,False,False,False,False,False,True,False,False
SHIP-10507,2025-06-28,Mumbai,Indore,Consumer Goods,18,2416.76,352,568.13,2,2,On-Time,0,5927,12000,1.33,-0.9586152957166592,0.1810897883497008,-1.3504488666224321,0.11723092470944921,True,False,False,False,False,False,False,False,False,False,True,False,False,True
SHIP-10508,2025-04-11,Delhi,Kochi,Apparel,88,9617.9,2046,2254.0225000000005,6,5,Early,0,6379,10000,1.7,2.193205945068137,1.0000000000000002,1.5989079802254642,0.9732187973724103,True,False,False,False,False,False,False,False,True,False,False,False,True,False
SHIP-10509,2025-09-25,Delhi,Jaipur,Apparel,61,13172.55,390,630.13,2,3,Delayed,1,5483,10000,1.27,-0.8427046330091275,0.21120584445785628,-1.2842885595502833,0.13643254168772107,True,False,False,False,False,False,False,False,True,False,False,False,False,False
SHIP-10510,2025-11-19,Delhi,Kanpur,Apparel,395,46017.84,1203,882.23,9,9,On-Time,0,7696,10000,1.38,-0.3713969222257608,0.3336616145363402,0.13119379965121597,0.5472460838807479,False,True,False,False,False,False,False,False,True,False,False,False,False,True
SHIP-10511,2025-03-06,Bengaluru,Lucknow,Industrial Equipment,418,44196.52,1439,1010.0,9,9,On-Time,0,5280,8500,1.71,-0.13252748070735246,0.3957249772611632,0.5420841277835085,0.6664982314300152,False,True,False,False,False,False,False,False,False,True,False,False,True,False
SHIP-10512,2025-06-17,Mumbai,Surat,Apparel,278,49236.18,1610,1028.52,11,11,On-Time,0,6229,12000,1.41,-0.09790384404052208,0.4047209346663735,0.8398055096081781,0.7529055078322385,False,True,False,False,False,False,False,False,False,False,True,False,False,True
SHIP-10513,2025-11-26,Kolkata,Coimbatore,Apparel,235,36794.81,1378,1225.87,8,8,On-Time,0,4607,7500,1.48,0.2710472734648225,0.5005822842299943,0.4358794243255854,0.6356745831227893,False,False,True,False,True,False,False,True,False,False,False,False,False,True
SHIP-10514,2025-02-12,Mumbai,Bhopal,Electronics,60,2412.18,796,664.46,5,5,On-Time,0,6665,12000,1.2,-0.7785237773518764,0.2278813961706463,-0.5774179103057462,0.34158665992925724,False,False,True,False,False,False,False,False,False,False,True,False,False,False
SHIP-10515,2025-02-13,Delhi,Kochi,Consumer Goods,195,26211.84,825,781.07,5,5,On-Time,0,8240,10000,1.62,-0.5605182551208236,0.28452386879600133,-0.5269271496454221,0.3562405255179384,False,False,True,False,False,False,False,False,True,False,False,False,False,False
SHIP-10516,2025-10-12,Bengaluru,Surat,Electronics,43,8077.01,353,358.66,3,2,Early,0,7753,8500,1.4,-1.3502250782545082,0.07934123555977611,-1.348707805910007,0.11773623041940373,False,False,True,True,False,False,False,False,False,True,False,True,False,False
SHIP-10517,2025-01-12,Kolkata,Kanpur,Consumer Goods,300,74441.27,1511,1358.01,8,8,On-Time,0,3464,7500,1.63,0.5180865471772942,0.5647683431676018,0.6674404990781062,0.7028802425467409,False,False,True,False,False,False,False,True,False,False,False,False,False,True
SHIP-10518,2025-04-05,Delhi,Patna,Apparel,239,38921.03,1838,2254.0225000000005,6,9,Delayed,3,7743,10000,1.3,2.193205945068137,1.0000000000000002,1.236767352041071,0.8681152097018697,True,False,False,False,True,False,False,False,True,False,False,False,False,True
SHIP-10519,2025-10-29,Delhi,Lucknow,Electronics,140,14282.64,964,883.52,5,4,Early,0,5740,10000,1.4,-0.3689852326307171,0.334288222800526,-0.2849197106183515,0.42647801920161704,False,False,True,False,False,False,False,False,True,False,False,False,False,True
SHIP-10520,2025-09-10,Delhi,Coimbatore,Consumer Goods,129,8790.79,1375,851.84,9,9,On-Time,0,4812,10000,1.62,-0.4282118422206299,0.3188998896149395,0.4306562421883105,0.6341586659929258,False,True,False,False,False,False,False,False,True,False,False,False,False,True
SHIP-10521,2025-08-30,Kolkata,Lucknow,Electronics,335,73738.56,2016,2254.0225000000005,6,9,Delayed,3,3425,7500,1.73,2.193205945068137,1.0000000000000002,1.5466761588527151,0.9580596260737747,False,False,False,False,False,False,True,True,False,False,False,False,False,True
SHIP-10522,2025-02-04,Bengaluru,Surat,Perishables,256,52844.24,610,633.03,5,5,On-Time,0,7344,8500,1.19,-0.8372830052373236,0.21261449869517324,-0.9012552028167903,0.24759979787771605,False,False,True,False,False,False,False,False,False,True,False,True,False,False
SHIP-10523,2025-08-03,Mumbai,Lucknow,Perishables,441,30857.59,1762,1201.96,11,14,Delayed,3,7394,12000,1.64,0.22634688724970853,0.4889681729147363,1.1044467378967733,0.829711975745326,False,True,False,False,False,False,True,False,False,False,True,False,False,True
SHIP-10524,2025-12-03,Kolkata,Patna,Apparel,201,12491.86,622,630.87,5,6,Delayed,1,6880,7500,1.33,-0.8413211831639085,0.21156529415979236,-0.8803624742676907,0.2536634663971703,False,False,True,False,True,False,False,True,False,False,False,True,False,False
SHIP-10525,2025-03-31,Kolkata,Surat,Perishables,412,75419.54,1009,1043.18,7,7,On-Time,0,4934,7500,1.48,-0.07049658089064427,0.4118419247074309,-0.2065719785592279,0.44921677614957056,False,False,True,False,False,False,False,True,False,False,False,False,False,True
SHIP-10526,2025-09-21,Bengaluru,Coimbatore,Industrial Equipment,332,29552.56,1878,1643.91,9,9,On-Time,0,4574,8500,1.32,1.0525842644044443,0.7036422212534351,1.3064097805380697,0.8883274381000507,False,False,True,False,False,False,False,False,False,True,False,False,False,False
SHIP-10527,2025-04-03,Nagpur,Jaipur,Apparel,219,19053.81,711,713.85,4,4,On-Time,0,4891,6000,1.52,-0.6861878478176024,0.2518722350606753,-0.7254080708618684,0.29863567458312285,False,False,True,False,False,False,False,False,False,False,False,False,False,False
SHIP-10528,2025-03-31,Delhi,Bhopal,Electronics,112,5688.28,865,799.76,5,4,Early,0,8854,10000,1.36,-0.5255767988949566,0.2936024024840888,-0.45728472114842333,0.3764527539161193,False,False,True,False,False,False,False,False,True,False,False,False,False,True
SHIP-10529,2025-04-25,Delhi,Surat,Industrial Equipment,338,26037.58,1524,995.38,10,12,Delayed,2,8333,10000,1.35,-0.15985996278451559,0.38862341693372393,0.6900742883396308,0.7094492167761497,False,True,False,False,False,False,False,False,True,False,False,True,False,False
SHIP-10530,2025-04-15,Mumbai,Chandigarh,Industrial Equipment,381,43991.89,1839,1214.69,12,12,On-Time,0,9602,12000,1.17,0.2501459636411098,0.4951516792737172,1.2385084127534958,0.8686205154118243,False,True,False,False,True,False,False,False,False,False,True,True,False,False
SHIP-10531,2025-07-15,Delhi,Patna,Apparel,142,26584.82,547,554.56,5,7,Delayed,2,6073,10000,1.24,-0.9839847746350657,0.17449825800473834,-1.0109420276995633,0.2157655381505811,False,False,True,False,False,False,False,False,True,False,False,False,False,True
SHIP-10532,2025-11-10,Bengaluru,Surat,Industrial Equipment,332,31218.76,816,897.59,5,5,On-Time,0,4082,8500,1.7,-0.34268099030337873,0.34112262456571546,-0.5425966960572468,0.3516927741283477,False,False,True,False,False,False,False,False,False,True,False,True,False,False
SHIP-10533,2025-04-24,Nagpur,Surat,Apparel,148,13648.86,765,718.73,5,5,On-Time,0,3267,6000,1.75,-0.677064556946429,0.2542426601220914,-0.6313907923909202,0.32592218292066705,False,False,True,False,False,False,False,False,False,False,False,False,False,True
SHIP-10534,2025-03-16,Delhi,Chandigarh,Industrial Equipment,130,10654.1,851,806.4,5,7,Delayed,2,6600,10000,1.62,-0.5131631408243436,0.29682773494470416,-0.4816595711223729,0.369378473976756,False,False,True,True,False,False,False,False,True,False,False,True,False,False
SHIP-10535,2025-08-05,Delhi,Coimbatore,Perishables,103,13121.86,919,813.0,6,6,On-Time,0,8994,10000,1.32,-0.500824263826445,0.3000336376917014,-0.36326744267747507,0.4037392622536635,False,False,True,False,False,False,False,False,True,False,False,False,False,False
SHIP-10536,2025-10-04,Mumbai,Surat,Consumer Goods,138,7928.05,483,495.05,4,4,On-Time,0,9476,12000,1.39,-1.0952403155661175,0.14559170156931367,-1.1223699132947613,0.18342597271349168,False,False,True,False,False,False,False,False,False,False,True,False,False,True
SHIP-10537,2025-09-06,Nagpur,Bhopal,Industrial Equipment,100,12912.32,321,587.46,3,4,Delayed,1,5035,6000,1.59,-0.9224773423273592,0.19047919745567898,-1.404421748707606,0.10156644770085901,True,False,False,False,False,True,False,False,False,False,False,True,False,False
SHIP-10538,2025-06-13,Mumbai,Lucknow,Consumer Goods,101,18228.61,1001,888.64,6,7,Delayed,1,6963,12000,1.73,-0.3594132553232564,0.3367752261436511,-0.22050046425862765,0.4451743304699344,False,False,True,False,False,False,False,False,False,False,True,False,False,False
SHIP-10539,2025-12-23,Bengaluru,Coimbatore,Apparel,72,1584.06,265,472.02,3,7,Delayed,4,6556,8500,1.42,-1.1382955181815118,0.13440504395365527,-1.5019211486034043,0.07326932794340577,True,False,False,False,False,False,False,False,False,True,False,True,False,False
SHIP-10540,2025-07-11,Delhi,Bhopal,Industrial Equipment,38,657.33,955,818.68,5,5,On-Time,0,8553,10000,1.65,-0.4902053515009809,0.30279265702548075,-0.3005892570301762,0.4219302678120263,False,False,True,True,False,False,False,False,True,False,False,True,False,False
SHIP-10541,2025-08-15,Delhi,Coimbatore,Electronics,219,7151.2,758,1275.58,3,5,Delayed,2,6753,10000,1.74,0.36398145158081285,0.5247285608289687,-0.643578217377895,0.3223850429509854,True,False,False,True,False,False,False,False,True,False,False,False,False,True
SHIP-10542,2025-06-26,Nagpur,Bhopal,Apparel,21,2958.48,1600,913.52,9,9,On-Time,0,3912,6000,1.67,-0.31289942809481464,0.3488605080141496,0.8223949024839284,0.7478524507326934,False,True,False,False,False,False,False,False,False,False,False,False,False,True
SHIP-10543,2025-04-09,Nagpur,Patna,Electronics,342,73802.56,254,420.2,3,2,Early,0,4728,6000,1.29,-1.2351743978831937,0.1092338499613227,-1.521072816440079,0.06771096513390601,False,False,True,False,False,False,False,False,False,False,False,False,False,False
SHIP-10544,2025-02-05,Delhi,Bhopal,Apparel,306,4941.24,745,759.71,4,5,Delayed,1,7131,10000,1.15,-0.6004513479503862,0.2741484017239013,-0.6662120066394196,0.3158160687215766,False,False,True,False,True,False,False,False,True,False,False,True,False,False
SHIP-10545,2025-04-06,Nagpur,Indore,Consumer Goods,139,32681.04,1407,871.82,9,9,On-Time,0,5500,6000,1.45,-0.3908586963997189,0.3286050315672128,0.4863701849859095,0.6503284487114706,False,True,False,False,False,False,False,False,False,False,False,False,False,True
SHIP-10546,2025-06-01,Bengaluru,Bhopal,Industrial Equipment,302,12072.59,183,475.94,2,5,Delayed,3,5523,8500,1.47,-1.1309669730554872,0.1363091558882354,-1.6446881270222518,0.03183425972713492,True,False,False,False,False,False,True,False,False,True,False,True,False,False
SHIP-10547,2025-05-31,Nagpur,Jaipur,Electronics,182,38741.64,610,616.72,5,5,On-Time,0,3196,6000,1.27,-0.8677749876366758,0.20469203296736654,-0.9012552028167903,0.24759979787771605,False,False,True,False,False,False,False,False,False,False,False,True,False,False
SHIP-10548,2025-07-09,Mumbai,Jaipur,Apparel,217,27878.18,1790,1074.42,10,10,On-Time,0,8061,12000,1.32,-0.01209256310059121,0.42701653104321774,1.1531964378446724,0.8438605356240526,False,True,False,False,False,False,False,False,False,False,True,False,False,False
SHIP-10549,2025-08-12,Bengaluru,Kochi,Consumer Goods,441,74947.5,160,412.86,3,3,On-Time,0,4764,8500,1.61,-1.2488967247263114,0.10566849751238945,-1.6847325234080262,0.020212228398180897,False,False,True,False,False,False,False,False,False,True,False,False,False,False
SHIP-10550,2025-02-06,Mumbai,Indore,Automotive Parts,33,4455.35,1439,1165.55,7,9,Delayed,2,8565,12000,1.43,0.15827741581130148,0.47128227609380163,0.5420841277835085,0.6664982314300152,False,False,True,False,True,False,False,False,False,False,True,True,False,False
SHIP-10551,2025-09-25,Bengaluru,Indore,Perishables,108,13727.48,1146,1762.95,4,7,Delayed,3,4327,8500,1.34,1.275132736802905,0.7614650489810936,0.031953339042992766,0.5184436584133402,True,False,False,False,False,False,True,False,False,True,False,False,False,True
SHIP-10552,2025-07-02,Delhi,Lucknow,Perishables,415,87648.57,1032,1034.58,6,5,Early,0,8964,10000,1.52,-0.08657451152426988,0.4076645362795254,-0.16652758217345362,0.46083880747852457,False,False,True,False,True,False,False,False,True,False,False,True,False,False
SHIP-10553,2025-01-13,Delhi,Indore,Industrial Equipment,365,70311.15,1849,1644.46,10,10,On-Time,0,8541,10000,1.54,1.0536125041542692,0.7039093798156848,1.2559190198777455,0.8736735725113695,False,False,True,False,False,False,True,False,True,False,False,False,False,False
SHIP-10554,2025-10-06,Mumbai,Lucknow,Industrial Equipment,148,19032.73,1094,972.72,6,6,On-Time,0,6277,12000,1.61,-0.20222344047730048,0.3776164841690336,-0.05858181800310559,0.49216776149570496,False,False,True,False,False,False,False,False,False,False,True,True,False,False
SHIP-10555,2025-08-05,Kolkata,Kochi,Electronics,323,13318.73,1253,1170.8,7,7,On-Time,0,3982,7500,1.24,0.16809243160508439,0.47383242600618586,0.21824683527246438,0.572511369378474,False,False,True,False,False,False,False,True,False,False,False,True,False,False
SHIP-10556,2025-12-21,Delhi,Kochi,Consumer Goods,183,7707.9,1364,867.94,9,10,Delayed,1,6908,10000,1.59,-0.39811246045302895,0.3267203493462508,0.4115045743516359,0.6286003031834261,False,True,False,True,False,False,False,False,True,False,False,False,False,True
SHIP-10557,2025-12-27,Bengaluru,Patna,Consumer Goods,38,7727.75,1513,1233.95,9,11,Delayed,2,6912,8500,1.51,0.2861530501531591,0.5045070863808636,0.6709226205029561,0.7038908539666499,False,False,True,True,False,False,False,False,False,True,False,False,False,True
SHIP-10558,2025-10-13,Nagpur,Jaipur,Industrial Equipment,428,59666.11,487,597.06,4,4,On-Time,0,3317,6000,1.18,-0.9045298848758706,0.19514232872403847,-1.1154056704450614,0.18544719555330977,False,False,True,True,False,False,False,False,False,False,False,False,False,True
SHIP-10559,2025-09-30,Delhi,Bhopal,Automotive Parts,152,19482.36,1579,979.44,10,12,Delayed,2,4786,10000,1.62,-0.18966022026125828,0.3808806760568853,0.7858326275230041,0.7372410308236483,False,True,False,True,False,False,False,False,True,False,False,True,False,False
SHIP-10560,2025-03-03,Bengaluru,Bhopal,Electronics,325,56853.29,1037,2047.43,3,3,On-Time,0,6004,8500,1.38,1.806975725948689,0.899649172233482,-0.15782227861132878,0.4633653360282972,False,False,False,False,False,False,False,False,False,True,False,True,False,False
SHIP-10561,2025-03-25,Mumbai,Chandigarh,Perishables,360,78058.0,1147,1114.85,6,6,On-Time,0,9300,12000,1.35,0.0634924061456263,0.44665511408277775,0.033694399755417735,0.5189489641232946,False,False,True,False,False,False,False,False,False,False,True,False,False,True
SHIP-10562,2025-08-05,Nagpur,Chandigarh,Apparel,51,8302.04,363,365.75,4,8,Delayed,4,3389,6000,1.42,-1.3369701331158568,0.08278515229859583,-1.3312971987857574,0.12278928751894896,False,False,True,False,False,False,True,False,False,False,False,True,False,False
SHIP-10563,2025-12-08,Delhi,Kanpur,Apparel,308,59834.93,1021,1681.79,4,4,On-Time,0,7976,10000,1.36,1.1234019402651103,0.7220421600498371,-0.18567925001012828,0.45528044466902484,True,False,False,False,False,False,False,False,True,False,False,False,False,False
SHIP-10564,2025-07-06,Bengaluru,Coimbatore,Electronics,217,42279.97,285,371.7,4,3,Early,0,7622,8500,1.35,-1.3258464485495693,0.08567532219929784,-1.467099934354905,0.0833754421424962,False,False,True,False,False,False,False,False,False,True,False,True,False,False
SHIP-10565,2025-01-19,Kolkata,Patna,Electronics,339,33466.57,1169,1901.79,5,5,On-Time,0,3858,7500,1.63,1.5346978401950613,0.8289055849497438,0.07199773542876704,0.5300656897422942,True,False,False,False,True,False,False,True,False,False,False,False,False,True
SHIP-10566,2025-06-26,Nagpur,Kanpur,Apparel,442,35099.02,1538,1057.11,10,10,On-Time,0,4141,6000,1.22,-0.04445407231780722,0.4186083224749568,0.7144491383135804,0.716523496715513,False,True,False,False,False,False,False,False,False,False,False,False,False,False
SHIP-10567,2025-04-10,Bengaluru,Kanpur,Apparel,201,40857.98,1617,1025.67,10,12,Delayed,2,4052,8500,1.73,-0.10323199547143264,0.40333656757107933,0.8519929345951529,0.7564426478019203,False,True,False,True,False,False,False,False,False,True,False,True,False,False
SHIP-10568,2025-08-21,Mumbai,Surat,Electronics,169,17514.66,1160,1025.33,7,7,On-Time,0,6565,12000,1.48,-0.10386763458950646,0.40317141500532483,0.05632818901694232,0.5255179383527034,False,False,True,False,False,False,False,False,False,False,True,False,False,True
SHIP-10569,2025-03-17,Bengaluru,Surat,Apparel,73,16591.73,847,739.86,5,7,Delayed,2,4183,8500,1.26,-0.637561455284975,0.264506406340887,-0.4886238139720728,0.3673572511369379,False,False,True,True,False,False,False,False,False,True,False,False,False,False
SHIP-10570,2025-09-22,Nagpur,Kanpur,Automotive Parts,252,7907.08,1235,822.29,8,9,Delayed,1,3839,6000,1.23,-0.48345635968849393,0.30454618867952016,0.18690774244881495,0.5634158665992927,False,True,False,False,True,False,False,False,False,False,False,True,False,False
SHIP-10571,2025-10-11,Bengaluru,Indore,Automotive Parts,267,7657.86,602,650.55,4,5,Delayed,1,7104,8500,1.5,-0.8045288953883566,0.22112471325992944,-0.91518368851619,0.24355735219807986,False,False,True,False,True,False,False,False,False,True,False,False,True,False
SHIP-10572,2025-07-25,Delhi,Coimbatore,Perishables,161,37488.2,662,1114.5,4,4,On-Time,0,7212,10000,1.53,0.06283807175937428,0.4464851040886188,-0.8107200457706919,0.27387569479535123,True,False,False,False,False,False,False,False,True,False,False,False,False,True
SHIP-10573,2025-08-11,Nagpur,Patna,Consumer Goods,224,37494.67,1348,1175.36,7,7,On-Time,0,3327,6000,1.18,0.17661747389454147,0.4760474133586566,0.3836476029528364,0.6205154118241537,False,False,True,False,False,False,False,False,False,False,False,True,False,False
SHIP-10574,2025-02-21,Bengaluru,Kanpur,Consumer Goods,331,34492.14,1645,1466.15,9,9,On-Time,0,3985,8500,1.3,0.7202571772610439,0.6172965739343106,0.900742634543052,0.7705912076806469,False,False,True,False,False,False,False,False,False,True,False,False,False,True
SHIP-10575,2025-12-05,Bengaluru,Bhopal,Industrial Equipment,175,33676.86,1050,960.91,6,6,On-Time,0,6035,8500,1.63,-0.2243025521962675,0.3718798612232704,-0.1351884893498042,0.46993431025770593,False,False,True,False,False,False,False,False,False,True,False,True,False,False
SHIP-10576,2025-05-24,Delhi,Coimbatore,Consumer Goods,40,6919.87,519,449.11,4,5,Delayed,1,5124,10000,1.18,-1.1811263775787626,0.12327667547885134,-1.0596917276474624,0.20161697827185446,False,False,True,False,True,False,False,False,True,False,False,False,False,False
SHIP-10577,2025-03-10,Bengaluru,Surat,Electronics,380,53136.25,1350,2254.0225000000005,4,5,Delayed,1,5194,8500,1.66,2.193205945068137,1.0000000000000002,0.38712972437768634,0.6215260232440627,False,False,False,False,False,False,False,False,False,True,False,False,False,False
SHIP-10578,2025-04-09,Mumbai,Bhopal,Consumer Goods,241,9214.69,738,763.36,5,5,On-Time,0,8277,12000,1.54,-0.5936275750651848,0.27592136309155885,-0.6783994316263944,0.31227892875189495,False,False,True,False,False,False,False,False,False,False,True,False,False,False
SHIP-10579,2025-01-25,Bengaluru,Surat,Consumer Goods,291,59905.9,1289,865.32,9,13,Delayed,4,7435,8500,1.41,-0.40301062071583105,0.325447703104261,0.28092502091976324,0.5907023749368369,False,True,False,False,False,False,False,False,False,True,False,False,True,False
SHIP-10580,2025-02-22,Delhi,Surat,Consumer Goods,38,8303.59,998,826.9,6,10,Delayed,4,4884,10000,1.36,-0.4748378410581436,0.3067854631740137,-0.22572364639590256,0.44365841334007083,False,False,True,False,True,False,False,False,True,False,False,False,False,False
SHIP-10581,2025-05-31,Bengaluru,Coimbatore,Consumer Goods,204,11313.77,220,476.21,3,3,On-Time,0,6496,8500,1.16,-1.130462200814664,0.13644030645515803,-1.580268880662528,0.05053057099545225,True,False,False,False,False,False,False,False,False,True,False,False,False,True
SHIP-10582,2025-05-24,Nagpur,Surat,Consumer Goods,343,73700.49,999,994.03,5,7,Delayed,2,2739,6000,1.65,-0.16238382398863124,0.3879676640991109,-0.2239825856834776,0.4441637190500253,False,False,True,True,False,False,False,False,False,False,False,True,False,False
SHIP-10583,2025-02-26,Delhi,Kochi,Electronics,265,58642.94,949,926.73,5,5,On-Time,0,7460,10000,1.24,-0.2882029788308389,0.35527717093654854,-0.311035621304726,0.4188984335522992,False,False,True,False,True,False,False,False,True,False,False,False,False,True
SHIP-10584,2025-02-08,Nagpur,Jaipur,Apparel,290,41793.56,2023,1741.45,11,13,Delayed,2,4255,6000,1.34,1.2349379102188416,0.7510215779113301,1.55886358383969,0.9615967660434565,False,False,True,True,False,False,False,False,False,False,False,True,False,False
SHIP-10585,2025-04-19,Mumbai,Kochi,Apparel,313,52960.25,1384,918.53,9,15,Delayed,6,9978,12000,1.49,-0.303533098737319,0.35129407964482473,0.4463257886001352,0.6387064173825165,False,True,False,True,False,False,False,False,False,False,True,False,False,False
SHIP-10586,2025-06-30,Nagpur,Jaipur,Apparel,330,34592.5,2066,1273.49,13,13,On-Time,0,4199,6000,1.3,0.36007414053147846,0.5237133582924196,1.6337291944739636,0.9833249115715009,False,True,False,False,False,False,False,False,False,False,False,False,False,True
SHIP-10587,2025-02-11,Kolkata,Chandigarh,Electronics,446,36224.58,878,951.63,6,6,On-Time,0,4617,7500,1.45,-0.24165176106603994,0.36737216766385616,-0.43465093188689874,0.3830217281455281,False,False,True,True,False,False,False,True,False,False,False,True,False,False
SHIP-10588,2025-07-05,Bengaluru,Chandigarh,Consumer Goods,332,61309.13,282,446.47,3,4,Delayed,1,4794,8500,1.64,-1.186061928377922,0.12199431438005247,-1.47232311649218,0.08185952501263263,False,False,True,False,False,False,False,False,False,True,False,True,False,False
SHIP-10589,2025-08-11,Kolkata,Surat,Apparel,355,77226.93,2027,1769.45,11,14,Delayed,3,3675,7500,1.43,1.2872846611190172,0.7646223774440454,1.56582782668939,0.9636179888832744,False,False,True,False,False,False,True,True,False,False,False,False,False,True
SHIP-10590,2025-05-02,Nagpur,Patna,Apparel,411,69339.08,1316,952.06,9,9,On-Time,0,4207,6000,1.72,-0.24084786453435875,0.3675810370852514,0.3279336601552374,0.604345629105609,False,True,False,False,False,False,True,False,False,False,False,False,False,True
SHIP-10591,2025-05-13,Mumbai,Patna,Apparel,402,54359.96,621,737.59,4,3,Early,0,10410,12000,1.66,-0.6418052811615249,0.26340377009305616,-0.8821035349801156,0.2531581606872158,False,False,True,False,False,False,False,False,False,False,True,False,False,True
SHIP-10592,2025-06-12,Mumbai,Jaipur,Consumer Goods,303,15861.24,666,715.35,5,5,On-Time,0,8303,12000,1.35,-0.6833835575908073,0.2526008493213565,-0.803755802920992,0.2758969176351693,False,False,True,False,False,False,False,False,False,False,True,False,False,True
SHIP-10593,2025-08-03,Bengaluru,Bhopal,Automotive Parts,96,2646.03,1427,1173.79,7,7,On-Time,0,6777,8500,1.39,0.173682316790496,0.4752847970991437,0.5211913992344088,0.6604345629105609,False,False,True,False,False,False,False,False,False,True,False,False,False,True
SHIP-10594,2025-08-09,Kolkata,Coimbatore,Consumer Goods,158,18918.54,1502,939.39,10,11,Delayed,1,4426,7500,1.4,-0.2645347693166881,0.3614266752966977,0.6517709526662815,0.6983324911571501,False,True,False,False,True,False,False,True,False,False,False,False,False,False
SHIP-10595,2025-08-23,Kolkata,Surat,Consumer Goods,258,6862.06,500,588.9,3,4,Delayed,1,4954,7500,1.53,-0.919785223709636,0.1911786671459329,-1.0927718811835367,0.19201616978271854,False,False,True,False,False,False,False,True,False,False,False,True,False,False
SHIP-10596,2025-11-27,Kolkata,Coimbatore,Apparel,330,49101.9,989,993.49,6,6,On-Time,0,4519,7500,1.32,-0.1633933684702774,0.38770536296526564,-0.24139319280772728,0.4391106619504801,False,False,True,False,False,False,False,True,False,False,False,True,False,False
SHIP-10597,2025-05-26,Mumbai,Kochi,Apparel,414,43445.72,1024,1068.98,7,7,On-Time,0,6016,12000,1.73,-0.022262788989768283,0.4243740899911473,-0.18045606787285337,0.4567963617988884,False,False,True,False,False,False,False,False,False,False,True,False,False,True
SHIP-10598,2025-08-27,Kolkata,Patna,Consumer Goods,292,56338.32,2054,1294.02,13,13,On-Time,0,4844,7500,1.52,0.3984555261022143,0.5336856588069426,1.612836465924864,0.9772612430520465,False,True,False,False,False,False,False,True,False,False,False,False,False,True
SHIP-10599,2025-03-17,Delhi,Indore,Consumer Goods,371,32212.96,1676,1102.82,11,13,Delayed,2,8092,10000,1.39,0.041001998526729484,0.44081162771211463,0.954715516628226,0.7862556846892371,False,True,False,False,False,True,False,False,True,False,False,True,False,False
SHIP-10600,2025-01-09,Bengaluru,Kochi,Industrial Equipment,388,59888.16,1963,1273.78,12,14,Delayed,2,5402,8500,1.54,0.3606163033086588,0.5238542237161512,1.454399941094192,0.931278423446185,False,True,False,True,False,False,False,False,False,True,False,False,False,True
SHIP-10601,2025-03-15,Delhi,Kochi,Consumer Goods,207,29260.61,1306,858.42,8,7,Early,0,7555,10000,1.39,-0.4159103557590888,0.32209607750512753,0.3105230530309877,0.5992925720060638,False,True,False,False,False,False,False,False,True,False,False,True,False,False
SHIP-10602,2025-09-10,Mumbai,Jaipur,Electronics,53,853.69,1121,2047.2,4,4,On-Time,0,9678,12000,1.64,1.8065457347805804,0.8995374513801775,-0.011573178767631444,0.5058110156644771,False,False,False,False,False,False,False,False,False,False,True,False,False,True
SHIP-10603,2025-08-18,Mumbai,Lucknow,Consumer Goods,365,11684.2,728,786.4,4,6,Delayed,2,7220,12000,1.49,-0.5505536771816119,0.28711287813562175,-0.6958100387506441,0.3072258716523497,False,False,True,False,False,False,False,False,False,False,True,False,False,True
SHIP-10604,2025-01-07,Mumbai,Kochi,Automotive Parts,37,3079.75,426,376.13,3,7,Delayed,4,9897,12000,1.18,-1.3175644447464345,0.0878271629825096,-1.2216103739029844,0.15462354724608388,False,False,True,False,False,False,False,False,False,False,True,False,False,True
SHIP-10605,2025-06-23,Bengaluru,Surat,Electronics,438,97378.46,1482,2254.0225000000005,4,6,Delayed,2,5179,8500,1.26,2.193205945068137,1.0000000000000002,0.6169497384177821,0.6882263769580597,False,False,False,True,False,False,False,False,False,True,False,False,False,False
SHIP-10606,2025-05-21,Mumbai,Kanpur,Perishables,26,1288.26,174,241.38,2,2,On-Time,0,6844,12000,1.67,-1.5694831834535297,0.022373315231316804,-1.6603576734340766,0.02728650833754421,False,False,True,False,False,False,False,False,False,False,True,True,False,False
SHIP-10607,2025-06-17,Mumbai,Kanpur,Apparel,136,24760.18,1102,971.15,7,7,On-Time,0,6654,12000,1.49,-0.20515859758134614,0.3768538679095206,-0.04465333230370584,0.49621020717534114,False,False,True,False,False,False,False,False,False,False,True,False,True,False
SHIP-10608,2025-06-19,Delhi,Surat,Perishables,388,94571.56,452,897.14,4,6,Delayed,2,5439,10000,1.72,-0.3435222773714174,0.3409040402875111,-1.1763427953799352,0.16776149570490148,True,False,False,False,False,False,True,False,True,False,False,False,False,True
SHIP-10609,2025-10-10,Mumbai,Lucknow,Perishables,177,35538.66,246,332.51,3,6,Delayed,3,9557,12000,1.19,-1.3991132045416368,0.06663906028190085,-1.5350013021394788,0.06366851945426985,False,False,True,False,False,False,True,False,False,False,True,False,False,True
SHIP-10610,2025-05-02,Delhi,Lucknow,Consumer Goods,253,18239.32,2083,1769.67,11,11,On-Time,0,8671,10000,1.33,1.2876959570189472,0.7647292408689453,1.6633272265851882,0.9919151086407277,False,False,True,False,False,False,False,False,True,False,False,False,False,False
SHIP-10611,2025-07-13,Delhi,Jaipur,Electronics,396,90472.47,824,876.13,5,5,On-Time,0,5584,10000,1.27,-0.3828010358147277,0.33069858320957,-0.5286682103578471,0.3557352198079839,False,False,True,False,False,False,False,False,True,False,False,False,False,False
SHIP-10612,2025-01-05,Bengaluru,Patna,Electronics,85,3134.82,362,366.95,3,3,On-Time,0,4165,8500,1.48,-1.3347267009344206,0.08336804370714075,-1.3330382594981824,0.12228398180899444,False,False,True,False,False,False,False,False,False,True,False,False,False,True
SHIP-10613,2025-01-29,Bengaluru,Coimbatore,Electronics,240,30003.21,2004,1222.03,12,13,Delayed,1,5078,8500,1.38,0.2638682904842271,0.4987170317226504,1.5257834303036157,0.9519959575543205,False,True,False,False,True,False,False,False,False,True,False,False,False,True
SHIP-10614,2025-06-14,Bengaluru,Lucknow,Industrial Equipment,213,47620.91,719,1197.37,4,5,Delayed,1,6453,8500,1.24,0.21776575915571517,0.48673861327705176,-0.7114795851624688,0.30267812026275903,True,False,False,False,False,True,False,False,False,True,False,True,False,False
SHIP-10615,2025-12-05,Mumbai,Indore,Consumer Goods,257,42584.24,1991,1239.09,12,12,On-Time,0,7478,12000,1.54,0.29576241799697683,0.5070038045807977,1.503149641042091,0.9454269833249117,False,True,False,False,False,False,False,False,False,False,True,True,False,False
SHIP-10616,2025-05-16,Mumbai,Jaipur,Consumer Goods,311,34896.21,1552,1017.31,10,10,On-Time,0,8497,12000,1.47,-0.118861239668771,0.3992757574248828,0.7388239882875299,0.7235977766548762,False,True,False,False,False,False,False,False,False,False,True,False,False,True
SHIP-10617,2025-11-17,Nagpur,Chandigarh,Consumer Goods,223,18689.86,622,668.53,5,5,On-Time,0,4798,6000,1.31,-0.7709148032031724,0.22985836953129452,-0.8803624742676907,0.2536634663971703,False,False,True,False,False,False,True,False,False,False,False,True,False,False
SHIP-10618,2025-12-08,Bengaluru,Bhopal,Automotive Parts,224,23105.23,1870,1593.64,9,9,On-Time,0,5456,8500,1.44,0.9586031512704506,0.6792239286638064,1.29248129483867,0.8842849924204145,False,False,True,False,True,False,False,False,False,True,False,False,False,True
SHIP-10619,2025-05-25,Mumbai,Chandigarh,Electronics,167,22478.42,723,693.46,5,5,On-Time,0,11038,12000,1.6,-0.7243074996338374,0.24196793854381576,-0.7045153423127689,0.3046993431025771,False,False,True,False,False,True,False,False,False,False,True,True,False,False
SHIP-10620,2025-11-23,Delhi,Jaipur,Electronics,78,7018.08,422,692.18,3,4,Delayed,1,5900,10000,1.27,-0.7267004939607027,0.24134618770803445,-1.2285746167526843,0.15260232440626578,True,False,False,False,False,False,False,False,True,False,False,False,False,False
SHIP-10621,2025-08-05,Mumbai,Kochi,Electronics,402,97568.39,1607,2254.0225000000005,4,4,On-Time,0,10917,12000,1.33,2.193205945068137,1.0000000000000002,0.8345823274709032,0.751389590702375,False,False,False,False,False,False,False,False,False,False,True,False,False,False
SHIP-10622,2025-10-28,Mumbai,Coimbatore,Automotive Parts,94,22021.69,354,366.96,3,3,On-Time,0,6545,12000,1.36,-1.334708005666242,0.08337290113554531,-1.3469667451975822,0.11824153612935825,False,False,True,False,False,False,False,False,False,False,True,False,True,False
SHIP-10623,2025-05-12,Mumbai,Bhopal,Apparel,276,60611.75,1839,1154.14,12,12,On-Time,0,6025,12000,1.6,0.13694611481948019,0.46573995028422027,1.2385084127534958,0.8686205154118243,False,True,False,False,False,False,False,False,False,False,True,False,False,True
SHIP-10624,2025-10-19,Bengaluru,Chandigarh,Consumer Goods,78,8902.14,1181,1036.06,7,7,On-Time,0,6824,8500,1.66,-0.083807611833832,0.4083834356833976,0.09289046397786666,0.5361293582617485,False,False,True,False,True,False,False,False,False,True,False,False,False,False
SHIP-10625,2025-03-11,Bengaluru,Bhopal,Electronics,108,19165.24,258,291.09,3,3,On-Time,0,6630,8500,1.38,-1.4765490053375394,0.046519591830291154,-1.5141085735903792,0.0697321879737241,False,False,True,False,False,False,False,False,False,True,False,False,False,False
SHIP-10626,2025-09-09,Bengaluru,Indore,Consumer Goods,356,80870.7,314,444.55,4,4,On-Time,0,7065,8500,1.33,-1.1896514198682198,0.12106168812638056,-1.416609173694581,0.09802930773117735,False,False,True,False,False,False,False,False,False,True,False,False,False,True
SHIP-10627,2025-10-02,Kolkata,Indore,Electronics,225,48341.46,1670,2254.0225000000005,4,7,Delayed,3,4586,7500,1.68,2.193205945068137,1.0000000000000002,0.9442691523536761,0.7832238504295099,False,False,False,False,False,False,True,True,False,False,False,True,False,False
SHIP-10628,2025-12-30,Kolkata,Indore,Perishables,424,47643.54,1912,1704.73,9,9,On-Time,0,6656,7500,1.75,1.1662888854668971,0.7331851008098547,1.3656058447605186,0.9055078322385044,False,False,True,False,False,False,False,True,False,False,False,False,True,False
SHIP-10629,2025-07-01,Kolkata,Jaipur,Industrial Equipment,170,7039.82,766,718.18,6,7,Delayed,1,3796,7500,1.55,-0.678092796696254,0.2539755015598416,-0.6296497316784953,0.3264274886306216,False,False,True,False,True,False,False,True,False,False,False,False,False,True
SHIP-10630,2025-06-16,Nagpur,Coimbatore,Consumer Goods,432,14157.99,120,371.59,2,1,Early,0,2785,6000,1.74,-1.3260520964995346,0.08562189048684789,-1.7543749519050247,0.0,False,False,True,False,False,False,False,False,False,False,False,False,False,True
SHIP-10631,2025-04-01,Delhi,Jaipur,Automotive Parts,103,15512.84,680,636.61,5,7,Delayed,2,5912,10000,1.55,-0.8305900992293725,0.21435345806399903,-0.7793809529470425,0.28297119757453265,False,False,True,True,False,False,False,False,True,False,False,True,False,False
SHIP-10632,2025-07-21,Delhi,Kanpur,Electronics,183,30381.21,1239,808.86,9,9,On-Time,0,8247,10000,1.59,-0.5085641048523994,0.29802266233222136,0.19387198529851482,0.5654370894391108,False,True,False,False,False,False,False,False,True,False,False,True,False,False
SHIP-10633,2025-12-12,Delhi,Kochi,Industrial Equipment,174,37360.06,832,787.79,6,6,On-Time,0,7663,10000,1.38,-0.5479550349047817,0.287788060683853,-0.5147397246584473,0.3597776654876201,False,False,True,True,False,False,False,False,True,False,False,False,False,False
SHIP-10634,2025-01-19,Bengaluru,Kochi,Automotive Parts,124,10383.89,532,911.37,4,4,On-Time,0,5567,8500,1.41,-0.31691891075322093,0.34781616090717327,-1.0370579383859377,0.2081859525012633,True,False,False,False,False,False,False,False,False,True,False,False,False,True
SHIP-10635,2025-02-08,Nagpur,Indore,Consumer Goods,229,12447.42,657,671.46,4,6,Delayed,2,3422,6000,1.24,-0.7654370896268325,0.23128159605382514,-0.8194253493328167,0.27134916624557864,False,False,True,False,False,False,False,False,False,False,False,True,False,False
SHIP-10636,2025-05-06,Delhi,Kanpur,Industrial Equipment,40,4162.65,1998,1631.95,10,10,On-Time,0,4778,10000,1.64,1.030224723662798,0.6978327368816037,1.515337066029066,0.9489641232945932,False,False,True,False,True,False,False,False,True,False,False,True,False,False
SHIP-10637,2025-06-22,Nagpur,Lucknow,Consumer Goods,20,1961.8,548,506.94,5,5,On-Time,0,3651,6000,1.71,-1.0730116417017213,0.15136718394231313,-1.0092009669871382,0.21627084386053566,False,False,True,False,False,False,False,False,False,False,False,False,False,True
SHIP-10638,2025-05-21,Delhi,Lucknow,Consumer Goods,352,16237.83,354,506.5,3,3,On-Time,0,6662,10000,1.52,-1.0738342335015814,0.15115345709251332,-1.3469667451975822,0.11824153612935825,False,False,True,False,False,False,False,False,True,False,False,False,False,True
SHIP-10639,2025-08-30,Nagpur,Indore,Electronics,386,66772.76,468,602.64,4,4,On-Time,0,4637,6000,1.36,-0.8940979252321928,0.19785277377377253,-1.1484858239811357,0.17584638706417383,False,False,True,True,False,False,False,False,False,False,False,True,False,False
SHIP-10640,2025-08-08,Mumbai,Chandigarh,Consumer Goods,139,18701.42,1899,1573.46,10,13,Delayed,3,9043,12000,1.24,0.9208761000859668,0.6694216381434422,1.342972055498994,0.8989388580090956,False,False,True,False,False,False,True,False,False,False,True,False,False,False
SHIP-10641,2025-05-06,Delhi,Jaipur,Industrial Equipment,114,21028.88,2013,1650.12,11,13,Delayed,2,8952,10000,1.31,1.0641940259433758,0.7066586842926551,1.5414529767154403,0.9565437089439112,False,False,True,False,False,False,False,False,True,False,False,True,False,False
SHIP-10642,2025-02-27,Mumbai,Indore,Perishables,36,3523.77,1624,953.49,11,10,Early,0,5966,12000,1.3,-0.23817444118481396,0.36827564934710083,0.8641803595821277,0.7599797877716019,False,True,False,False,False,False,False,False,False,False,True,False,False,True
SHIP-10643,2025-05-28,Mumbai,Patna,Apparel,236,21603.44,1982,1220.51,11,11,On-Time,0,7296,12000,1.52,0.2610266097210748,0.49797870260516014,1.4874800946302664,0.9408792319353209,False,True,False,False,False,False,False,False,False,False,True,False,False,False
SHIP-10644,2025-11-13,Mumbai,Bhopal,Automotive Parts,11,1386.61,515,820.04,3,3,On-Time,0,8116,12000,1.72,-0.4876627950286866,0.30345326728849836,-1.0666559704971623,0.19959575543203636,True,False,False,False,False,False,False,False,False,False,True,True,False,False
SHIP-10645,2025-12-27,Mumbai,Kochi,Automotive Parts,368,81398.19,1494,1397.49,8,10,Delayed,2,9182,12000,1.18,0.5918954659465417,0.5839454705087306,0.6378424669668817,0.6942900454775139,False,False,True,False,False,False,False,False,False,False,True,False,False,False
SHIP-10646,2025-01-01,Kolkata,Lucknow,Electronics,110,2691.27,535,510.69,4,5,Delayed,1,5121,7500,1.15,-1.0660009161347335,0.1531887195940161,-1.031834756248663,0.20970186963112683,False,False,True,False,True,False,False,True,False,False,False,False,False,False
SHIP-10647,2025-12-14,Bengaluru,Surat,Consumer Goods,30,6124.07,2029,1628.31,10,10,On-Time,0,7471,8500,1.51,1.0234196460457747,0.6960646329423508,1.5693099481142398,0.9646286003031835,False,False,True,False,False,False,False,False,False,True,False,False,False,False
SHIP-10648,2025-07-09,Mumbai,Lucknow,Electronics,67,6814.71,1035,1905.49,3,4,Delayed,1,8832,12000,1.32,1.541615089421156,0.830702833459424,-0.1613044000361787,0.4623547246083881,False,False,False,False,False,True,False,False,False,False,True,True,False,False
SHIP-10649,2025-07-10,Bengaluru,Kochi,Apparel,398,85902.52,2030,1324.26,12,12,On-Time,0,3983,8500,1.68,0.45499001707440395,0.5483745223022752,1.5710510088266647,0.965133906013138,False,True,False,False,True,False,False,False,False,True,False,True,False,False
SHIP-10650,2025-11-08,Kolkata,Bhopal,Perishables,189,38464.85,1194,1085.09,7,8,Delayed,1,3775,7500,1.35,0.007855288046011127,0.4321994071508631,0.11552425323939125,0.5426983324911572,False,False,True,False,True,False,False,True,False,False,False,True,False,False
SHIP-10651,2025-04-27,Mumbai,Kochi,Electronics,438,42468.0,200,528.93,2,2,On-Time,0,9649,12000,1.32,-1.031900746976905,0.16204866900389925,-1.6150900949110274,0.0404244567963618,True,False,False,False,False,False,False,False,False,False,True,False,False,True
SHIP-10652,2025-05-14,Mumbai,Surat,Industrial Equipment,350,62321.35,155,442.39,3,3,On-Time,0,9437,12000,1.31,-1.1936895977948048,0.12001248359099966,-1.6934378269701509,0.017685699848408294,True,False,False,False,False,False,False,False,False,False,True,False,False,False
SHIP-10653,2025-02-27,Delhi,Indore,Apparel,358,18799.9,1210,1160.85,7,8,Delayed,1,5221,10000,1.24,0.14949063976734334,0.4689992847436673,0.14338122463819075,0.5507832238504295,False,False,True,False,True,False,False,False,True,False,False,False,False,False
SHIP-10654,2025-02-13,Delhi,Kanpur,Apparel,29,6543.16,760,1164.06,3,3,On-Time,0,4776,10000,1.5,0.15549182085268495,0.4705585192615251,-0.6400960959530451,0.32339565437089446,True,False,False,False,False,False,False,False,True,False,False,False,False,False
SHIP-10655,2025-06-22,Bengaluru,Surat,Consumer Goods,264,29054.63,1001,1632.61,5,6,Delayed,1,6136,8500,1.25,1.0314586113625874,0.6981533271563034,-0.22050046425862765,0.4451743304699344,True,False,False,False,False,False,False,False,False,True,False,False,True,False
SHIP-10656,2025-06-09,Delhi,Kochi,Consumer Goods,326,39795.48,1810,1571.78,9,9,On-Time,0,7487,10000,1.45,0.917735295031956,0.6686055901714792,1.1880176520931718,0.8539666498231431,False,False,True,False,False,False,False,False,True,False,False,False,False,False
SHIP-10657,2025-06-22,Bengaluru,Kochi,Electronics,47,8500.11,876,1358.76,4,4,On-Time,0,4365,8500,1.43,0.5194886922906917,0.5651326502979425,-0.4381330533117487,0.38201111672561905,True,False,False,False,False,False,False,False,False,True,False,True,False,False
SHIP-10658,2025-11-13,Kolkata,Patna,Electronics,157,32639.9,742,696.34,5,5,On-Time,0,5044,7500,1.16,-0.7189232623983908,0.24336687792432365,-0.6714351887766945,0.31430015159171304,False,False,True,False,False,False,False,True,False,False,False,True,False,False
SHIP-10659,2025-10-30,Delhi,Patna,Electronics,34,2398.38,1823,1073.62,11,10,Early,0,5937,10000,1.16,-0.01358818455488228,0.42662793677085437,1.2106514413546963,0.8605356240525519,False,True,False,False,True,False,False,False,True,False,False,False,False,False
SHIP-10660,2025-05-29,Bengaluru,Coimbatore,Apparel,395,67314.83,1624,1104.5,11,11,On-Time,0,7545,8500,1.46,0.04414280358074014,0.4416276756840776,0.8641803595821277,0.7599797877716019,False,True,False,False,False,False,False,False,False,True,False,True,False,False
SHIP-10661,2025-03-21,Mumbai,Patna,Electronics,130,13925.54,587,946.14,3,3,On-Time,0,6636,12000,1.57,-0.2519154632961101,0.364705439469763,-0.9412995992025646,0.23597776654876199,True,False,False,False,False,False,False,False,False,False,True,True,False,False
SHIP-10662,2025-08-01,Nagpur,Jaipur,Automotive Parts,425,43199.2,1285,938.53,9,10,Delayed,1,4767,6000,1.72,-0.2661425623800507,0.3610089364539072,0.27396077807006336,0.5886811520970188,False,True,False,False,True,False,False,False,False,False,False,False,False,True
SHIP-10663,2025-07-22,Mumbai,Kanpur,Apparel,35,6200.46,475,453.21,4,4,On-Time,0,8322,12000,1.26,-1.1734613176255226,0.12526822112471325,-1.136298398994161,0.1793835270338555,False,False,True,False,False,False,False,False,False,False,True,False,False,False
SHIP-10664,2025-09-09,Kolkata,Bhopal,Apparel,178,18865.88,828,765.53,5,6,Delayed,1,3415,7500,1.21,-0.5895707018704213,0.2769754250553442,-0.5217039675081472,0.357756442647802,False,False,True,False,False,False,False,True,False,False,False,True,False,False
SHIP-10665,2025-08-17,Bengaluru,Surat,Consumer Goods,332,31983.39,1614,1043.13,10,13,Delayed,3,5890,8500,1.18,-0.07059005723153736,0.4118176375654083,0.846769752457878,0.7549267306720566,False,True,False,True,False,False,False,False,False,True,False,False,False,False
SHIP-10666,2025-06-13,Delhi,Kochi,Apparel,234,49475.5,1764,2254.0225000000005,5,4,Early,0,4967,10000,1.41,2.193205945068137,1.0000000000000002,1.1079288593216232,0.8307225871652351,True,False,False,False,False,False,False,False,True,False,False,False,False,False
SHIP-10667,2025-08-15,Bengaluru,Coimbatore,Perishables,10,388.0,1139,951.55,7,7,On-Time,0,6457,8500,1.52,-0.24180132321146908,0.3673333082366198,0.019765914056017988,0.5149065184436584,False,False,True,True,False,False,False,False,False,True,False,False,False,True
SHIP-10668,2025-05-27,Nagpur,Coimbatore,Electronics,316,54931.79,2031,2254.0225000000005,5,5,On-Time,0,4294,6000,1.65,2.193205945068137,1.0000000000000002,1.5727920695390898,0.9656392117230926,False,False,False,True,False,False,False,False,False,False,False,True,False,False
SHIP-10669,2025-01-20,Bengaluru,Bhopal,Consumer Goods,270,19831.63,1734,1505.52,8,8,On-Time,0,3866,8500,1.56,0.7938604480803263,0.6364202695629892,1.0556970379488742,0.8155634158665994,False,False,True,False,False,False,False,False,False,True,False,True,False,False
SHIP-10670,2025-02-16,Kolkata,Kanpur,Industrial Equipment,22,410.13,1021,866.15,6,8,Delayed,2,4096,7500,1.45,-0.4014589134570046,0.3258508696618379,-0.18567925001012828,0.45528044466902484,False,False,True,False,False,False,False,True,False,False,False,False,False,False
SHIP-10671,2025-08-21,Nagpur,Surat,Electronics,412,22326.12,792,850.06,5,6,Delayed,1,4888,6000,1.43,-0.431539599956427,0.31803526735893106,-0.5843821531554461,0.33956543708943915,False,False,True,False,False,True,False,False,False,False,False,False,False,False
SHIP-10672,2025-11-01,Delhi,Lucknow,Electronics,405,63814.01,558,1057.07,4,4,On-Time,0,5796,10000,1.7,-0.04452885339052169,0.41858889276133865,-0.9917903598628887,0.22132390096008084,True,False,False,False,False,False,False,False,True,False,False,False,False,False
SHIP-10673,2025-01-14,Delhi,Patna,Consumer Goods,57,10353.76,650,566.25,5,7,Delayed,2,6846,10000,1.35,-0.9621300061342424,0.18017659180964707,-0.8316127743197915,0.26781202627589695,False,False,True,True,False,False,False,False,True,False,False,False,False,True
SHIP-10674,2025-05-23,Bengaluru,Indore,Electronics,418,8338.51,246,455.5,3,3,On-Time,0,5071,8500,1.45,-1.1691801012126155,0.12638057222935317,-1.5350013021394788,0.06366851945426985,False,False,True,False,True,False,False,False,False,True,False,True,False,False
SHIP-10675,2025-01-01,Mumbai,Coimbatore,Apparel,322,7586.31,324,478.07,4,3,Early,0,10597,12000,1.73,-1.1269848809334382,0.1373437881384027,-1.3991985665703313,0.10308236483072258,False,False,True,False,False,False,False,False,False,False,True,True,False,False
SHIP-10676,2025-02-23,Kolkata,Patna,Electronics,380,86297.01,148,474.36,3,3,On-Time,0,5266,7500,1.59,-1.1339208254277113,0.13554168220031793,-1.7056252519571258,0.014148559878726631,True,False,False,False,False,False,False,True,False,False,False,False,False,False
SHIP-10677,2025-09-16,Nagpur,Patna,Automotive Parts,300,9668.06,564,637.95,5,5,On-Time,0,4663,6000,1.6,-0.8280849332934355,0.21500435347020752,-0.9813439955883388,0.22435573521980798,False,False,True,False,False,False,False,False,False,False,False,True,False,False
SHIP-10678,2025-05-24,Mumbai,Jaipur,Industrial Equipment,341,76770.29,1085,1048.29,6,6,On-Time,0,5870,12000,1.3,-0.06094329885136242,0.41432407062215143,-0.07425136441493031,0.4876200101061142,False,False,True,False,False,False,False,False,False,False,True,True,False,False
SHIP-10679,2025-01-12,Delhi,Kanpur,Apparel,103,7067.76,1862,1088.2,12,13,Delayed,1,4689,10000,1.4,0.013669516449566581,0.4337100673846755,1.2785528091392702,0.8802425467407783,False,True,False,False,False,False,False,False,True,False,False,False,False,True
SHIP-10680,2025-11-26,Kolkata,Indore,Apparel,270,51004.13,583,605.21,4,4,On-Time,0,4288,7500,1.2,-0.8892932413102836,0.1991011328737396,-0.9482638420522644,0.23395654370894395,False,False,True,False,False,False,True,True,False,False,False,True,False,False
SHIP-10681,2025-08-12,Mumbai,Lucknow,Automotive Parts,287,25194.96,1423,1318.78,7,9,Delayed,2,7143,12000,1.51,0.4447450101125124,0.5457126515365867,0.514227156384709,0.6584133400707429,False,False,True,True,False,False,False,False,False,False,True,True,False,False
SHIP-10682,2025-09-29,Kolkata,Kochi,Electronics,368,79784.88,270,447.82,3,2,Early,0,5799,7500,1.21,-1.1835380671738065,0.12265006721466552,-1.4932158450412796,0.07579585649317838,False,False,True,False,False,False,False,True,False,False,False,False,False,True
SHIP-10683,2025-12-24,Mumbai,Jaipur,Automotive Parts,214,38435.88,359,692.19,2,2,On-Time,0,8609,12000,1.65,-0.7266817986925239,0.24135104513643907,-1.3382614416354572,0.12076806467913087,True,False,False,False,False,False,True,False,False,False,True,True,False,False
SHIP-10684,2025-06-05,Bengaluru,Patna,Industrial Equipment,194,21228.68,385,715.74,3,3,On-Time,0,5321,8500,1.64,-0.6826544421318406,0.2527902890291336,-1.2929938631124083,0.13390601313794845,True,False,False,True,False,False,False,False,False,True,False,True,False,False
SHIP-10685,2025-01-08,Delhi,Patna,Industrial Equipment,184,6059.32,1837,1570.23,10,13,Delayed,3,7574,10000,1.47,0.9148375284642679,0.6678526887687755,1.2350262913286458,0.8676099039919152,False,False,True,False,False,False,True,False,True,False,False,False,False,False
SHIP-10686,2025-05-02,Bengaluru,Chandigarh,Apparel,447,83671.49,1248,1214.12,7,6,Early,0,4478,8500,1.23,0.24908033335492735,0.4948748058546583,0.20954153171033954,0.5699848408287014,False,False,True,False,False,False,False,False,False,True,False,False,False,False
SHIP-10687,2025-12-14,Mumbai,Indore,Electronics,396,63347.3,2080,2254.0225000000005,5,7,Delayed,2,5758,12000,1.17,2.193205945068137,1.0000000000000002,1.6581040444479132,0.9903991915108642,False,False,False,True,False,False,False,False,False,False,True,True,False,False
SHIP-10688,2025-06-13,Bengaluru,Indore,Consumer Goods,389,6101.17,1576,1062.95,10,13,Delayed,3,7238,8500,1.63,-0.03353603570148462,0.4214450606632089,0.7806094453857292,0.7357251136937848,False,True,False,False,True,False,False,False,False,True,False,False,False,False
SHIP-10689,2025-03-31,Delhi,Chandigarh,Industrial Equipment,318,5473.95,1032,987.14,7,7,On-Time,0,7150,10000,1.51,-0.17526486376371012,0.384620895928382,-0.16652758217345362,0.46083880747852457,False,False,True,False,False,False,False,False,True,False,False,False,False,True
SHIP-10690,2025-05-16,Kolkata,Indore,Electronics,424,86948.13,616,731.83,5,5,On-Time,0,5663,7500,1.58,-0.6525737556324182,0.26060589133204043,-0.8908088385422405,0.2506316321374432,False,False,True,False,False,True,False,True,False,False,False,False,False,True
SHIP-10691,2025-07-05,Nagpur,Patna,Industrial Equipment,78,5924.8,1583,924.97,10,10,On-Time,0,3566,6000,1.33,-0.2914933460302785,0.3544222635373493,0.792796870372704,0.7392622536634664,False,True,False,False,False,False,False,False,False,False,False,False,False,False
SHIP-10692,2025-11-12,Delhi,Coimbatore,Electronics,113,18587.53,1891,2254.0225000000005,6,7,Delayed,1,6248,10000,1.46,2.193205945068137,1.0000000000000002,1.3290435697995941,0.8948964123294594,False,False,False,False,False,False,False,False,True,False,False,False,False,False
SHIP-10693,2025-06-27,Delhi,Surat,Electronics,255,31043.8,804,823.79,6,10,Delayed,4,4887,10000,1.6,-0.4806520694616988,0.3052748029402013,-0.5634894246063464,0.3456291056088934,False,False,True,False,False,False,True,False,True,False,False,False,False,False
SHIP-10694,2025-01-28,Delhi,Patna,Electronics,170,37044.03,277,373.75,3,4,Delayed,1,8527,10000,1.43,-1.3220139185729496,0.08667109502222879,-1.4810284200543047,0.07933299646286002,False,False,True,False,False,False,False,False,True,False,False,True,False,False
SHIP-10695,2025-08-08,Bengaluru,Jaipur,Electronics,209,48171.55,291,407.83,3,3,On-Time,0,6191,8500,1.51,-1.2583004446201644,0.10322521102490521,-1.4566535700803551,0.08640727640222334,False,False,True,False,False,False,True,False,False,True,False,True,False,False
SHIP-10696,2025-12-23,Bengaluru,Kanpur,Apparel,225,56081.21,613,632.84,5,6,Delayed,1,4159,8500,1.62,-0.8376382153327175,0.21252220755548695,-0.8960320206795154,0.2491157150075796,False,False,True,False,True,False,False,False,False,True,False,False,False,False
SHIP-10697,2025-02-10,Bengaluru,Chandigarh,Electronics,443,22644.29,1089,1087.37,6,6,On-Time,0,7039,8500,1.28,0.012117809190739659,0.4333069008270985,-0.06728712156523044,0.4896412329459323,False,False,True,False,False,False,False,False,False,True,False,False,False,True
SHIP-10698,2025-08-16,Delhi,Lucknow,Perishables,221,48133.04,1454,2254.0225000000005,5,5,On-Time,0,6587,10000,1.19,2.193205945068137,1.0000000000000002,0.568200038469883,0.6740778170793331,True,False,False,False,False,False,False,False,True,False,False,True,False,False
SHIP-10699,2025-07-11,Mumbai,Kochi,Apparel,25,1937.88,1546,904.84,10,12,Delayed,2,9715,12000,1.47,-0.329126920873869,0.34464426015900784,0.7283776240129801,0.7205659423951492,False,True,False,True,False,False,False,False,False,False,True,False,False,False
SHIP-10700,2025-05-25,Bengaluru,Lucknow,Electronics,381,58613.7,1812,2254.0225000000005,5,5,On-Time,0,3875,8500,1.19,2.193205945068137,1.0000000000000002,1.1914997735180217,0.8549772612430522,False,False,False,False,True,False,False,False,False,True,False,False,False,False
SHIP-10701,2025-07-20,Mumbai,Patna,Apparel,341,45645.11,1913,1675.24,10,15,Delayed,5,5562,12000,1.61,1.111156539608105,0.7188605444448627,1.3673469054729435,0.906013137948459,False,False,True,False,False,False,True,False,False,False,True,False,False,False
SHIP-10702,2025-07-31,Nagpur,Jaipur,Automotive Parts,214,4114.62,795,760.18,5,7,Delayed,2,3181,6000,1.58,-0.5995726703459906,0.2743767008589147,-0.5791589710181712,0.34108135421930275,False,False,True,True,False,False,False,False,False,False,False,True,False,False
SHIP-10703,2025-08-08,Delhi,Patna,Industrial Equipment,374,87591.27,778,1370.91,4,4,On-Time,0,5491,10000,1.68,0.5422034431277324,0.5710344258094601,-0.6087570031293956,0.3324911571500758,True,False,False,False,False,False,False,False,True,False,False,False,False,False
SHIP-10704,2025-08-28,Bengaluru,Kanpur,Electronics,48,1603.53,1022,858.49,6,8,Delayed,2,6877,8500,1.53,-0.41577948888183824,0.32213007950395933,-0.1839381892977033,0.4557857503789794,False,False,True,False,False,False,False,False,False,True,False,True,False,False
SHIP-10705,2025-02-15,Mumbai,Coimbatore,Automotive Parts,98,17319.68,785,709.26,5,8,Delayed,3,9385,12000,1.19,-0.6947689759115956,0.2496426754229909,-0.5965695781424208,0.3360282971197575,False,False,True,False,False,False,True,False,False,False,True,True,False,False
SHIP-10706,2025-02-04,Mumbai,Kochi,Industrial Equipment,439,87570.23,1606,1116.93,10,10,On-Time,0,8874,12000,1.3,0.0673810219267825,0.44766545919092243,0.8328412667584782,0.7508842849924205,False,True,False,False,False,False,False,False,False,False,True,False,False,True
SHIP-10707,2025-09-10,Kolkata,Kanpur,Electronics,265,53501.55,486,568.5,3,5,Delayed,2,6494,7500,1.63,-0.9579235707940497,0.1812695132006688,-1.1171467311574863,0.18494188984335524,False,False,True,False,False,False,False,True,False,False,False,True,False,False
SHIP-10708,2025-03-23,Bengaluru,Chandigarh,Electronics,263,12319.24,669,670.95,5,7,Delayed,2,4812,8500,1.25,-0.7663905483039428,0.23103386720519353,-0.7985326207837171,0.27741283476503287,False,False,True,True,False,False,False,False,False,True,False,True,False,False
SHIP-10709,2025-09-13,Nagpur,Chandigarh,Apparel,225,27040.26,762,747.68,5,7,Delayed,2,5250,6000,1.57,-0.6229417555692832,0.2683049153532382,-0.6366139745281951,0.3244062657908035,False,False,True,True,False,False,False,False,False,False,False,False,False,False
SHIP-10710,2025-07-16,Delhi,Patna,Electronics,377,79138.25,2013,1789.2,11,12,Delayed,1,8774,10000,1.62,1.3242078157718196,0.7742157985430143,1.5414529767154403,0.9565437089439112,False,False,True,False,True,False,False,False,True,False,False,True,False,False
SHIP-10711,2025-10-30,Delhi,Jaipur,Automotive Parts,312,26872.44,374,753.32,3,4,Delayed,1,6541,10000,1.35,-0.6123976243165334,0.2710445049733995,-1.3121455309490828,0.12834765032844872,True,False,False,False,False,False,False,False,True,False,False,True,False,False
SHIP-10712,2025-01-10,Kolkata,Kanpur,Consumer Goods,181,22610.69,327,627.54,2,3,Delayed,1,3707,7500,1.34,-0.8475467074673938,0.2099477705010801,-1.3939753844330562,0.10459828196058615,True,False,False,False,True,False,False,True,False,False,False,True,False,False
SHIP-10713,2025-11-08,Bengaluru,Bhopal,Automotive Parts,146,11549.56,569,983.39,3,4,Delayed,1,6727,8500,1.48,-0.18227558933069793,0.38279936027667905,-0.972638692026214,0.22688226376958062,True,False,False,False,True,False,False,False,False,True,False,False,False,True
SHIP-10714,2025-10-13,Mumbai,Jaipur,Apparel,393,48706.29,214,423.18,3,3,On-Time,0,7300,12000,1.67,-1.229603207965961,0.11068136362587598,-1.5907152449370778,0.04749873673572511,False,False,True,False,False,False,True,False,False,False,True,False,False,True
SHIP-10715,2025-08-30,Delhi,Coimbatore,Electronics,187,41821.04,2003,2254.0225000000005,5,6,Delayed,1,8236,10000,1.28,2.193205945068137,1.0000000000000002,1.5240423695911907,0.9514906518443659,False,False,False,False,False,True,False,False,True,False,False,False,False,False
SHIP-10716,2025-09-08,Delhi,Chandigarh,Electronics,86,10488.06,958,859.48,6,6,On-Time,0,5269,10000,1.71,-0.41392865733215345,0.32261096491600894,-0.2953660748929013,0.4234461849418899,False,False,True,False,False,False,False,False,True,False,False,False,False,False
SHIP-10717,2025-01-05,Nagpur,Patna,Apparel,197,28690.95,597,1003.58,3,5,Delayed,2,4221,6000,1.51,-0.1445298428780355,0.39260650822544774,-0.9238889920783149,0.24103082364830722,True,False,False,True,False,False,False,False,False,False,False,False,False,True
SHIP-10718,2025-04-29,Delhi,Indore,Industrial Equipment,24,2638.43,802,694.89,6,7,Delayed,1,6887,10000,1.75,-0.7216340762842928,0.24266255080566518,-0.5669715460311964,0.3446184941889844,False,False,True,False,False,False,False,False,True,False,False,False,False,False
SHIP-10719,2025-10-16,Mumbai,Chandigarh,Industrial Equipment,301,37061.39,881,855.93,5,4,Early,0,5965,12000,1.2,-0.4205654775355687,0.32088657783239677,-0.42942774974962383,0.38453764527539164,False,False,True,False,False,False,False,False,False,False,True,True,False,False
SHIP-10720,2025-03-06,Delhi,Kochi,Consumer Goods,328,6089.63,309,455.31,3,3,On-Time,0,6207,10000,1.23,-1.1695353113080096,0.1262882810896669,-1.4253144772567057,0.09550277918140476,False,False,True,False,False,False,False,False,True,False,False,True,False,False
SHIP-10721,2025-05-26,Mumbai,Surat,Electronics,334,27281.19,830,845.06,6,5,Early,0,5878,12000,1.65,-0.44088723404574404,0.3156065531566605,-0.5182218460832972,0.35876705406771103,False,False,True,True,False,False,False,False,False,False,True,False,False,False
SHIP-10722,2025-08-12,Delhi,Indore,Electronics,223,26224.07,1627,1033.29,11,15,Delayed,4,6684,10000,1.67,-0.08898620111931363,0.4070379280153396,0.8694035417194026,0.7614957049014655,False,True,False,False,False,False,False,False,True,False,False,False,False,True
SHIP-10723,2025-08-27,Bengaluru,Patna,Apparel,217,35575.48,1876,1139.62,12,13,Delayed,1,7192,8500,1.42,0.10980058542410302,0.4586869642408263,1.3029276591132197,0.8873168266801416,False,True,False,False,False,False,False,False,False,True,False,False,True,False
SHIP-10724,2025-06-26,Delhi,Bhopal,Electronics,178,21495.67,1679,2254.0225000000005,4,4,On-Time,0,5769,10000,1.58,2.193205945068137,1.0000000000000002,0.9599386987655009,0.7877716018191007,False,False,False,False,False,False,False,False,True,False,False,False,False,True
SHIP-10725,2025-09-24,Kolkata,Indore,Consumer Goods,339,31997.19,875,909.68,5,5,On-Time,0,6071,7500,1.67,-0.32007841107541024,0.34699525550680577,-0.43987411402417365,0.38150581101566455,False,False,True,False,False,False,False,True,False,False,False,False,False,False
SHIP-10726,2025-12-07,Delhi,Kochi,Apparel,289,30692.73,1566,2254.0225000000005,5,5,On-Time,0,5362,10000,1.18,2.193205945068137,1.0000000000000002,0.7631988382614795,0.7306720565942396,True,False,False,False,False,False,False,False,True,False,False,False,False,True
SHIP-10727,2025-10-09,Bengaluru,Jaipur,Perishables,314,22588.82,955,931.92,5,5,On-Time,0,6516,8500,1.49,-0.2785001346461279,0.3577981762785054,-0.3005892570301762,0.4219302678120263,False,False,True,False,False,False,False,False,False,True,False,False,False,True
SHIP-10728,2025-03-04,Nagpur,Bhopal,Consumer Goods,155,35999.7,1783,1118.95,11,14,Delayed,3,5281,6000,1.66,0.07115746609886656,0.44864665972863965,1.1410090128576975,0.840323395654371,False,True,False,False,False,True,False,False,False,False,False,False,False,True
SHIP-10729,2025-08-05,Bengaluru,Chandigarh,Electronics,272,37429.83,1748,1547.29,9,10,Delayed,1,5119,8500,1.39,0.8719505832624811,0.6567097480087578,1.0800718879228237,0.8226376958059627,False,False,True,False,True,False,False,False,False,True,False,False,False,False
SHIP-10730,2025-12-08,Bengaluru,Bhopal,Apparel,13,235.97,1955,1530.98,9,10,Delayed,1,7422,8500,1.33,0.8414586008631288,0.6487872822809512,1.4404714553947922,0.9272359777665489,False,False,True,False,True,False,False,False,False,True,False,False,False,True
SHIP-10731,2025-11-11,Mumbai,Kanpur,Apparel,99,1937.42,252,305.51,3,3,On-Time,0,8250,12000,1.63,-1.449590428623949,0.05352400358963959,-1.524554937864929,0.06670035371399696,False,False,True,False,False,False,False,False,False,False,True,False,True,False
SHIP-10732,2025-10-10,Mumbai,Kochi,Consumer Goods,69,16811.57,174,349.8,2,2,On-Time,0,7186,12000,1.35,-1.3667890858607783,0.07503755399335259,-1.6603576734340766,0.02728650833754421,True,False,False,False,True,False,False,False,False,False,True,True,False,False
SHIP-10733,2025-06-26,Bengaluru,Indore,Perishables,320,21453.11,629,661.12,5,5,On-Time,0,7406,8500,1.15,-0.7847679969235403,0.22625901508352952,-0.8681750492807159,0.257200606366852,False,False,True,False,True,False,False,False,False,True,False,True,False,False
SHIP-10734,2025-04-08,Nagpur,Kanpur,Automotive Parts,25,5107.95,789,721.71,6,7,Delayed,1,2790,6000,1.73,-0.6714933670291959,0.2556901737866447,-0.589605335292721,0.3380495199595756,False,False,True,False,True,False,False,False,False,False,False,False,False,True
SHIP-10735,2025-04-15,Bengaluru,Bhopal,Electronics,236,6771.95,1684,2254.0225000000005,4,4,On-Time,0,3936,8500,1.51,2.193205945068137,1.0000000000000002,0.9686440023276257,0.7902981303688732,False,False,False,False,False,False,False,False,False,True,False,False,False,True
SHIP-10736,2025-04-09,Bengaluru,Kanpur,Electronics,38,8795.98,529,853.47,4,4,On-Time,0,6221,8500,1.64,-0.42516451350751255,0.3196916504448797,-1.0422811205232128,0.2066700353713997,True,False,False,False,False,False,False,False,False,True,False,False,False,False
SHIP-10737,2025-11-07,Kolkata,Lucknow,Apparel,160,35278.08,1354,859.55,8,8,On-Time,0,6183,7500,1.65,-0.41379779045490317,0.3226449669148407,0.3940939672273862,0.6235472460838808,False,True,False,True,False,False,False,True,False,False,False,True,False,False
SHIP-10738,2025-01-06,Mumbai,Kochi,Industrial Equipment,254,37898.55,1809,1556.27,9,10,Delayed,1,9638,12000,1.19,0.8887389340868945,0.6610717187160359,1.1862765913807467,0.8534613441131885,False,False,True,False,True,False,False,False,False,False,True,False,False,False
SHIP-10739,2025-07-16,Delhi,Coimbatore,Electronics,279,4775.0,1436,1267.84,8,9,Delayed,1,4873,10000,1.25,0.34951131401055,0.5209689112438537,0.5368609456462335,0.6649823143001516,False,False,True,False,True,False,False,False,True,False,False,False,False,True
SHIP-10740,2025-12-17,Bengaluru,Jaipur,Apparel,88,6651.53,1106,966.79,7,7,On-Time,0,7621,8500,1.34,-0.21330973450723065,0.3747360291251406,-0.03768908945400597,0.49823143001515924,False,False,True,False,True,False,False,False,False,True,False,False,False,True
SHIP-10741,2025-05-13,Nagpur,Bhopal,Apparel,442,48886.67,853,916.51,6,6,On-Time,0,4682,6000,1.34,-0.30730954290940304,0.35031287910710746,-0.47817744969752296,0.37038908539666504,False,False,True,False,False,False,False,False,False,False,False,False,False,False
SHIP-10742,2025-12-24,Delhi,Kochi,Electronics,298,36688.29,1258,2254.0225000000005,5,8,Delayed,3,8960,10000,1.55,2.193205945068137,1.0000000000000002,0.22695213883458923,0.5750378979282467,False,False,False,True,False,False,False,False,True,False,False,True,False,False
SHIP-10743,2025-09-16,Bengaluru,Coimbatore,Apparel,162,13762.63,2092,1727.39,10,10,On-Time,0,5139,8500,1.52,1.2086523631596822,0.7441920335745451,1.6789967729970128,0.9964628600303184,False,False,True,False,False,False,False,False,False,True,False,False,False,True
SHIP-10744,2025-01-23,Delhi,Coimbatore,Perishables,286,6504.43,1813,1550.39,10,11,Delayed,1,7761,10000,1.45,0.8777461163978579,0.6582155508141657,1.1932408342304466,0.8554825669530066,False,False,True,False,True,False,False,False,True,False,False,False,True,False
SHIP-10745,2025-02-22,Bengaluru,Patna,Electronics,410,63008.78,378,558.14,4,5,Delayed,1,7260,8500,1.28,-0.9772918686271146,0.17623721737356413,-1.305181288099383,0.1303688731682668,False,False,True,False,False,True,False,False,False,True,False,False,False,False
SHIP-10746,2025-06-14,Delhi,Kanpur,Consumer Goods,288,39794.79,1906,1657.57,10,10,On-Time,0,6288,10000,1.38,1.0781220007364583,0.7102774684540383,1.3551594804859688,0.9024759979787772,False,False,True,True,False,False,False,False,True,False,False,False,False,True
SHIP-10747,2025-07-21,Mumbai,Coimbatore,Consumer Goods,66,5379.34,1265,1080.42,8,8,On-Time,0,10841,12000,1.48,-0.0008754021934107267,0.4299309880859424,0.239139563821564,0.5785750378979283,False,False,True,False,False,False,False,False,False,False,True,False,False,True
SHIP-10748,2025-03-24,Kolkata,Lucknow,Automotive Parts,195,4665.25,418,493.93,3,3,On-Time,0,4309,7500,1.43,-1.0973341856021244,0.14504766958800502,-1.2355388596023842,0.15058110156644772,False,False,True,False,False,False,False,True,False,False,False,True,False,False
SHIP-10749,2025-05-25,Mumbai,Kochi,Perishables,407,101232.96,1918,1243.85,11,14,Delayed,3,7180,12000,1.23,0.3046613656500067,0.5093159405013594,1.3760522090350684,0.9085396664982315,False,True,False,False,True,False,False,False,False,False,True,False,False,True
SHIP-10750,2025-03-26,Bengaluru,Surat,Consumer Goods,102,13083.21,1524,906.78,10,13,Delayed,3,7501,8500,1.54,-0.32550003884721407,0.3455866012694888,0.6900742883396308,0.7094492167761497,False,True,False,False,False,False,True,False,False,True,False,False,False,False
SHIP-10751,2025-03-19,Kolkata,Surat,Industrial Equipment,285,54908.38,680,705.32,5,5,On-Time,0,6793,7500,1.19,-0.7021349115739772,0.24772884863160166,-0.7793809529470425,0.28297119757453265,False,False,True,False,True,False,False,True,False,False,False,False,False,False
SHIP-10752,2025-01-01,Nagpur,Bhopal,Apparel,167,20256.06,2032,1208.36,12,11,Early,0,3504,6000,1.38,0.2383118588840341,0.49207692709364254,1.5745331302515146,0.9661445174330471,False,True,False,False,False,False,False,False,False,False,False,True,False,False
SHIP-10753,2025-02-20,Delhi,Chandigarh,Apparel,284,7141.19,1984,1238.94,11,12,Delayed,1,5141,10000,1.58,0.2954819889742976,0.5069309431547298,1.4909622160551164,0.94188984335523,False,True,False,False,False,False,False,False,True,False,False,True,False,False
SHIP-10754,2025-06-22,Mumbai,Kanpur,Consumer Goods,190,16673.67,1644,973.54,11,12,Delayed,1,9681,12000,1.16,-0.20069042848665258,0.3780147932982059,0.8990015738306271,0.7700859019706924,False,True,False,False,True,False,False,False,False,False,True,True,False,False
SHIP-10755,2025-07-24,Delhi,Chandigarh,Electronics,368,33203.12,416,552.13,3,4,Delayed,1,8869,10000,1.49,-0.9885277248024738,0.17331790290243487,-1.2390209810272341,0.14957049014653867,False,False,True,False,True,False,False,False,True,False,False,True,False,False
SHIP-10756,2025-09-17,Nagpur,Coimbatore,Consumer Goods,449,95193.81,481,656.07,3,2,Early,0,4394,6000,1.35,-0.7942091073537504,0.2238060137392362,-1.1258520347196113,0.18241536129358263,False,False,True,False,False,True,False,False,False,False,False,True,False,False
SHIP-10757,2025-10-15,Nagpur,Kochi,Apparel,86,14511.99,708,637.36,4,4,On-Time,0,4489,6000,1.16,-0.8291879541159749,0.2147177651943396,-0.7306312529991433,0.29711975745325925,False,False,True,False,False,False,False,False,False,False,False,False,False,True
SHIP-10758,2025-02-03,Bengaluru,Bhopal,Electronics,160,12756.16,1606,1390.03,8,10,Delayed,2,6872,8500,1.26,0.5779487958852806,0.5803218289189428,0.8328412667584782,0.7508842849924205,False,False,True,True,False,False,False,False,False,True,False,True,False,False
SHIP-10759,2025-12-14,Kolkata,Indore,Automotive Parts,247,59877.47,1581,2254.0225000000005,6,6,On-Time,0,3914,7500,1.71,2.193205945068137,1.0000000000000002,0.789314748947854,0.7382516422435574,True,False,False,False,False,False,False,True,False,False,False,True,False,False
SHIP-10760,2025-04-05,Bengaluru,Coimbatore,Electronics,298,26987.57,246,397.39,2,5,Delayed,3,7714,8500,1.46,-1.2778183045986584,0.0981540557705642,-1.5350013021394788,0.06366851945426985,False,False,True,False,True,False,False,False,False,True,False,False,False,True
SHIP-10761,2025-03-13,Bengaluru,Kanpur,Electronics,240,59900.4,316,414.63,3,6,Delayed,3,5280,8500,1.75,-1.2455876622586932,0.10652826233999325,-1.413127052269731,0.0990399191510864,False,False,True,True,False,False,False,False,False,True,False,True,False,False
SHIP-10762,2025-02-08,Delhi,Surat,Apparel,27,6725.66,340,560.02,3,3,On-Time,0,7452,10000,1.46,-0.9737771582095315,0.17715041391361785,-1.3713415951715318,0.11116725618999496,True,False,False,False,False,False,False,False,True,False,False,True,False,False
SHIP-10763,2025-06-03,Kolkata,Patna,Industrial Equipment,82,4914.63,1114,1700.17,5,5,On-Time,0,5026,7500,1.48,1.15776384317744,0.7309701134573839,-0.023760603754606223,0.5022738756947954,True,False,False,False,False,False,False,True,False,False,False,True,False,False
SHIP-10764,2025-09-07,Delhi,Kochi,Electronics,426,37698.51,210,453.1,3,3,On-Time,0,6700,10000,1.39,-1.1736669655754877,0.12521478941226327,-1.5976794877867777,0.04547751389590703,False,False,True,True,False,False,False,False,True,False,False,True,False,False
SHIP-10765,2025-06-11,Kolkata,Jaipur,Consumer Goods,425,54918.66,530,657.17,4,5,Delayed,1,5852,7500,1.34,-0.7921526278541008,0.22434033086373573,-1.0405400598107877,0.20717534108135424,False,False,True,False,True,False,False,True,False,False,False,False,False,True
SHIP-10766,2025-04-28,Kolkata,Chandigarh,Perishables,198,33870.6,127,326.94,3,3,On-Time,0,6881,7500,1.3,-1.4095264689171358,0.06393347266057138,-1.74218752691805,0.003537139969681656,True,False,False,False,False,False,False,True,False,False,False,True,False,False
SHIP-10767,2025-09-16,Kolkata,Bhopal,Consumer Goods,447,62173.74,663,772.59,4,4,On-Time,0,5698,7500,1.45,-0.5763718425363055,0.2804047695089504,-0.8089789850582669,0.2743810005053057,False,False,True,False,False,False,False,True,False,False,False,False,False,False
SHIP-10768,2025-11-02,Delhi,Chandigarh,Consumer Goods,26,6313.29,587,524.53,5,7,Delayed,2,8232,10000,1.43,-1.040126664975504,0.15991140050590114,-0.9412995992025646,0.23597776654876199,False,False,True,False,True,False,False,False,True,False,False,False,True,False
SHIP-10769,2025-09-25,Mumbai,Kochi,Automotive Parts,28,5183.85,439,721.38,2,6,Delayed,4,5555,12000,1.27,-0.672110310879091,0.25552987864929483,-1.19897658464146,0.16119252147549268,True,False,False,False,False,False,False,False,False,False,True,False,False,False
SHIP-10770,2025-02-23,Mumbai,Chandigarh,Electronics,228,14781.36,1537,2254.0225000000005,5,6,Delayed,1,9970,12000,1.28,2.193205945068137,1.0000000000000002,0.7127080776011554,0.7160181910055584,False,False,False,False,False,False,False,False,False,False,True,False,False,True
SHIP-10771,2025-08-24,Mumbai,Kochi,Consumer Goods,335,13298.8,388,497.16,4,4,On-Time,0,7091,12000,1.31,-1.0912956139804255,0.14661661896267186,-1.2877706809751333,0.13542193026781202,False,False,True,True,False,False,False,False,False,False,True,False,False,False
SHIP-10772,2025-08-10,Delhi,Chandigarh,Consumer Goods,129,22803.89,1334,834.13,8,8,On-Time,0,5095,10000,1.42,-0.461321162164991,0.31029738391049694,0.35927275297888683,0.6134411318847903,False,True,False,False,False,False,False,False,True,False,False,False,False,False
SHIP-10773,2025-09-08,Nagpur,Lucknow,Consumer Goods,110,5746.0,2004,2254.0225000000005,7,7,On-Time,0,3019,6000,1.54,2.193205945068137,1.0000000000000002,1.5257834303036157,0.9519959575543205,True,False,False,False,False,False,False,False,False,False,False,True,False,False
SHIP-10774,2025-11-09,Bengaluru,Indore,Consumer Goods,43,8604.47,1818,2254.0225000000005,7,7,On-Time,0,6541,8500,1.66,2.193205945068137,1.0000000000000002,1.2019461377925715,0.8580090955027793,True,False,False,False,False,False,False,False,False,True,False,False,False,True
SHIP-10775,2025-04-22,Mumbai,Coimbatore,Electronics,93,8192.71,180,232.85,3,6,Delayed,3,11026,12000,1.32,-1.5854302472099044,0.018229928802243153,-1.6499113091595268,0.03031834259727135,False,False,True,False,False,False,True,False,False,False,True,False,False,False
SHIP-10776,2025-09-12,Mumbai,Coimbatore,Consumer Goods,418,38380.73,1581,1464.61,9,9,On-Time,0,9157,12000,1.26,0.7173781059615338,0.6165485299600111,0.789314748947854,0.7382516422435574,False,False,True,False,False,False,False,False,False,False,True,True,False,False
SHIP-10777,2025-10-30,Mumbai,Kanpur,Electronics,205,3595.21,1407,2254.0225000000005,5,8,Delayed,3,6879,12000,1.38,2.193205945068137,1.0000000000000002,0.4863701849859095,0.6503284487114706,False,False,False,True,False,False,False,False,False,False,True,True,False,False
SHIP-10778,2025-07-26,Bengaluru,Jaipur,Industrial Equipment,339,60931.06,916,1565.1,4,4,On-Time,0,4637,8500,1.69,0.9052468558886284,0.6653608279972457,-0.36849062481475,0.4022233451237999,True,False,False,False,False,False,False,False,False,True,False,False,False,False
SHIP-10779,2025-08-17,Bengaluru,Jaipur,Consumer Goods,211,8781.48,1238,1078.99,6,6,On-Time,0,5926,8500,1.16,-0.0035488255429555276,0.42923637582409296,0.19213092458608985,0.5649317837291562,False,False,True,False,False,True,False,False,False,True,False,False,False,False
SHIP-10780,2025-12-07,Nagpur,Kanpur,Consumer Goods,353,69409.31,672,725.84,5,9,Delayed,4,2883,6000,1.56,-0.6637722212714201,0.25769629171772024,-0.7933094386464422,0.27892875189489647,False,False,True,True,False,False,False,False,False,False,False,True,False,False
SHIP-10781,2025-03-07,Mumbai,Patna,Automotive Parts,350,45706.13,1045,1039.16,7,8,Delayed,1,7652,12000,1.44,-0.07801207869845517,0.4098892384888054,-0.14389379291192905,0.4674077817079334,False,False,True,False,True,False,False,False,False,False,True,False,False,True
SHIP-10782,2025-03-16,Nagpur,Coimbatore,Apparel,20,3986.12,1613,1301.71,8,12,Delayed,4,4578,6000,1.25,0.41283218733158406,0.5374210212500349,0.845028691745453,0.7544214249621022,False,False,True,False,False,False,True,False,False,False,False,True,False,False
SHIP-10783,2025-04-13,Nagpur,Patna,Electronics,356,54191.29,780,810.81,5,5,On-Time,0,5428,6000,1.34,-0.5049185275575659,0.29896986087110683,-0.6052748817045457,0.33350176856998487,False,False,True,False,True,False,False,False,False,False,False,False,False,False
SHIP-10784,2025-07-11,Delhi,Kochi,Perishables,409,14058.07,835,881.09,6,6,On-Time,0,6500,10000,1.28,-0.37352818279812505,0.3331078676982225,-0.5095165425211724,0.3612935826174836,False,False,True,True,False,False,False,False,True,False,False,True,False,False
SHIP-10785,2025-09-09,Nagpur,Kochi,Electronics,227,44248.72,898,844.92,5,6,Delayed,1,3264,6000,1.68,-0.4411489678002449,0.31553854915899693,-0.3998297176383994,0.39312784234461856,False,False,True,False,False,False,False,False,False,False,False,True,False,False
SHIP-10786,2025-08-14,Delhi,Surat,Electronics,262,8227.55,1657,1042.0,11,12,Delayed,1,8341,10000,1.44,-0.07270262253572322,0.4112687481556951,0.9216353630921517,0.7766548762001011,False,True,False,False,False,False,False,False,True,False,False,False,False,False
SHIP-10787,2025-10-21,Kolkata,Chandigarh,Industrial Equipment,231,29451.32,1833,1131.65,12,13,Delayed,1,5998,7500,1.49,0.094900456685732,0.45481559380240705,1.228062048478946,0.8655886811520971,False,True,False,False,True,False,False,True,False,False,False,False,False,True
SHIP-10788,2025-11-02,Mumbai,Jaipur,Apparel,392,21756.81,2080,1336.17,13,13,On-Time,0,10248,12000,1.51,0.47725608147515736,0.5541597195320839,1.6581040444479132,0.9903991915108642,False,True,False,False,False,False,False,False,False,False,True,False,False,False
SHIP-10789,2025-04-08,Nagpur,Surat,Consumer Goods,378,72499.93,313,480.22,4,4,On-Time,0,3305,6000,1.53,-1.1229653982750318,0.13838813524537907,-1.4183502344070058,0.09752400202122283,False,False,True,False,False,False,False,False,False,False,False,False,False,True
SHIP-10790,2025-12-04,Nagpur,Indore,Electronics,89,20400.93,601,564.71,4,4,On-Time,0,3841,6000,1.45,-0.965009077433752,0.17942854783534773,-0.916924749228615,0.2430520464881253,False,False,True,False,False,False,False,False,False,False,False,True,False,False
SHIP-10791,2025-10-13,Kolkata,Kanpur,Apparel,16,2323.51,2042,1140.64,12,12,On-Time,0,6834,7500,1.16,0.1117075027783241,0.4591824219380896,1.5919437373757643,0.9711975745325924,False,True,False,False,False,False,False,True,False,False,False,False,False,True
SHIP-10792,2025-12-01,Kolkata,Kanpur,Consumer Goods,281,39025.17,1479,1316.22,7,8,Delayed,1,3932,7500,1.35,0.4399590214587822,0.5444691498650241,0.6117265562805072,0.6867104598281961,False,False,True,False,True,False,False,True,False,False,False,True,False,False
SHIP-10793,2025-12-13,Mumbai,Kochi,Automotive Parts,236,45909.4,1578,984.15,10,14,Delayed,4,9186,12000,1.26,-0.18085474894912176,0.3831685248354242,0.7840915668105791,0.7367357251136939,False,True,False,False,False,False,False,False,False,False,True,False,False,True
SHIP-10794,2025-11-04,Delhi,Coimbatore,Electronics,25,404.84,1339,2254.0225000000005,4,5,Delayed,1,5614,10000,1.56,2.193205945068137,1.0000000000000002,0.3679780565410117,0.615967660434563,False,False,False,False,False,True,False,False,True,False,False,True,False,False
SHIP-10795,2025-09-06,Mumbai,Patna,Automotive Parts,433,99881.53,974,969.88,6,6,On-Time,0,8220,12000,1.18,-0.20753289664003263,0.3762369745021439,-0.2675091034941018,0.4315310763011623,False,False,True,False,False,False,True,False,False,False,True,False,False,False
SHIP-10796,2025-06-15,Delhi,Jaipur,Apparel,21,1289.41,1392,1149.27,8,8,On-Time,0,8262,10000,1.49,0.12784151921648515,0.4633743826512086,0.46025427429953497,0.6427488630621526,False,False,True,False,False,False,True,False,True,False,False,False,True,False
SHIP-10797,2025-12-01,Bengaluru,Surat,Automotive Parts,300,73880.38,617,690.67,4,4,On-Time,0,5776,8500,1.28,-0.7295234794556764,0.24061271601894874,-0.8890677778298155,0.2511369378473977,False,False,True,False,False,False,False,False,False,True,False,False,True,False
SHIP-10798,2025-01-30,Mumbai,Patna,Industrial Equipment,250,47004.92,331,431.86,4,4,On-Time,0,9942,12000,1.72,-1.2133757151869065,0.11489761148101775,-1.3870111415833564,0.10661950480040425,False,False,True,False,False,False,False,False,False,False,True,False,False,True
SHIP-10799,2025-09-04,Nagpur,Surat,Apparel,30,5908.47,784,657.54,6,6,On-Time,0,3902,6000,1.35,-0.7914609029314914,0.22452005571470374,-0.5983106388548458,0.33552299140980296,False,False,True,False,False,True,False,False,False,False,False,True,False,False
SHIP-10800,2025-04-16,Bengaluru,Chandigarh,Consumer Goods,187,31641.84,789,741.7,6,9,Delayed,3,7817,8500,1.35,-0.6341215259401063,0.26540017316732256,-0.589605335292721,0.3380495199595756,False,False,True,False,False,False,True,False,False,True,False,False,False,True
SHIP-10801,2025-02-20,Kolkata,Indore,Electronics,436,54866.61,1609,1116.74,10,12,Delayed,2,4911,7500,1.7,0.06702581183138834,0.4475731680512361,0.8380644488957532,0.7524002021222841,False,True,False,True,False,False,False,True,False,False,False,False,False,False
SHIP-10802,2025-03-22,Delhi,Indore,Electronics,237,35391.8,2017,1700.99,11,11,On-Time,0,5202,10000,1.4,1.1592968551680878,0.7313684225865562,1.5484172195651402,0.9585649317837291,False,False,True,False,False,False,False,False,True,False,False,True,False,False
SHIP-10803,2025-05-13,Nagpur,Patna,Automotive Parts,282,7305.12,1794,2254.0225000000005,5,5,On-Time,0,3833,6000,1.73,2.193205945068137,1.0000000000000002,1.1601606806943723,0.8458817584638707,True,False,False,False,True,False,False,False,False,False,False,False,True,False
SHIP-10804,2025-10-12,Nagpur,Patna,Automotive Parts,297,48004.25,340,451.41,4,4,On-Time,0,4794,6000,1.16,-1.1768264658976766,0.12439388401189584,-1.3713415951715318,0.11116725618999496,False,False,True,True,False,False,False,False,False,False,False,True,False,False
SHIP-10805,2025-05-18,Mumbai,Patna,Consumer Goods,306,49612.71,392,503.68,3,3,On-Time,0,10182,12000,1.33,-1.079106299127956,0.14978366228243273,-1.2808064381254334,0.1374431531076301,False,False,True,False,False,False,False,False,False,False,True,False,True,False
SHIP-10806,2025-07-03,Bengaluru,Surat,Electronics,143,32093.8,1297,1129.84,8,10,Delayed,2,5663,8500,1.55,0.0915166131453989,0.45393639926118506,0.294853506619163,0.594744820616473,False,False,True,False,True,False,False,False,False,True,False,False,False,False
SHIP-10807,2025-11-26,Kolkata,Chandigarh,Consumer Goods,292,39078.14,1392,1263.69,7,9,Delayed,2,5470,7500,1.68,0.3417527777164171,0.5189530784559692,0.46025427429953497,0.6427488630621526,False,False,True,True,False,False,False,True,False,False,False,False,False,False
SHIP-10808,2025-09-30,Delhi,Lucknow,Apparel,413,13682.25,398,819.78,2,2,On-Time,0,8470,10000,1.3,-0.48814887200133106,0.30332697414998033,-1.2703600738508836,0.14047498736735725,True,False,False,False,True,False,False,False,True,False,False,True,False,False
SHIP-10809,2025-12-06,Bengaluru,Patna,Consumer Goods,162,14086.88,1583,1327.0,9,8,Early,0,7075,8500,1.71,0.46011252055534974,0.5497054576851196,0.792796870372704,0.7392622536634664,False,False,True,False,False,False,False,False,False,True,False,True,False,False
SHIP-10810,2025-03-10,Mumbai,Coimbatore,Industrial Equipment,75,12680.47,2091,1207.96,13,15,Delayed,2,9109,12000,1.51,0.237564048156889,0.49188262995746096,1.677255712284588,0.9959575543203639,False,True,False,False,True,False,False,False,False,False,True,False,False,True
SHIP-10811,2025-02-03,Delhi,Jaipur,Perishables,146,10398.97,935,857.14,6,7,Delayed,1,8330,10000,1.63,-0.41830335008595393,0.3214743266693463,-0.33541047127867557,0.4118241536129359,False,False,True,False,False,True,False,False,True,False,False,True,False,False
SHIP-10812,2025-09-19,Mumbai,Jaipur,Electronics,101,8173.33,395,705.57,3,4,Delayed,1,8648,12000,1.39,-0.7016675298695114,0.2478502843417152,-1.2755832559881586,0.13895907023749368,True,False,False,False,True,False,False,False,False,False,True,True,False,False
SHIP-10813,2025-02-22,Delhi,Surat,Consumer Goods,446,92683.36,1124,1127.41,6,6,On-Time,0,4521,10000,1.28,0.0869736629779911,0.45275604415888154,-0.006349996630356539,0.5073269327943406,False,False,True,True,False,False,False,False,True,False,False,False,False,True
SHIP-10814,2025-07-24,Delhi,Patna,Consumer Goods,326,49654.73,633,706.18,5,5,On-Time,0,4693,10000,1.7,-0.7005271185106149,0.24814658747439217,-0.861210806431016,0.2592218292066701,False,False,True,False,True,False,False,False,True,False,False,False,False,True
SHIP-10815,2025-05-06,Delhi,Kochi,Consumer Goods,431,57971.2,1231,891.63,8,9,Delayed,1,9105,10000,1.71,-0.35382337013784476,0.3382275972366089,0.17994349959911507,0.5613946437594746,False,True,False,False,True,False,False,False,True,False,False,False,False,True
SHIP-10816,2025-08-23,Nagpur,Kanpur,Electronics,268,24076.1,1942,1642.76,10,11,Delayed,1,3108,6000,1.45,1.0504343085639012,0.7030836169869128,1.4178376661332677,0.92066700353714,False,False,True,False,True,False,False,False,False,False,False,False,False,True
SHIP-10817,2025-02-12,Bengaluru,Lucknow,Electronics,112,20918.03,1042,1960.3,3,3,On-Time,0,5441,8500,1.15,1.6440838543082497,0.8573263985447144,-0.14911697504920396,0.46589186457806975,False,False,False,False,False,False,False,False,False,True,False,True,False,False
SHIP-10818,2025-08-28,Nagpur,Coimbatore,Automotive Parts,64,5287.29,761,678.28,5,4,Early,0,5333,6000,1.22,-0.7526869167290041,0.23459436222572222,-0.6383550352406201,0.32390096008084895,False,False,True,False,False,False,False,False,False,False,False,False,True,False
SHIP-10819,2025-04-21,Mumbai,Chandigarh,Consumer Goods,266,50063.84,624,688.07,4,4,On-Time,0,6500,12000,1.49,-0.7343842491821212,0.2393497846337681,-0.8768803528428407,0.25467407781707935,False,False,True,False,False,False,False,False,False,False,True,True,False,False
SHIP-10820,2025-09-06,Mumbai,Kochi,Consumer Goods,110,3462.12,709,662.91,5,5,On-Time,0,10158,12000,1.16,-0.7814215439195649,0.22712849476794233,-0.7288901922867184,0.2976250631632138,False,False,True,False,False,False,False,False,False,False,True,False,False,True
SHIP-10821,2025-05-31,Bengaluru,Indore,Automotive Parts,207,45160.61,891,833.39,6,6,On-Time,0,7093,8500,1.39,-0.46270461201021,0.3099379342085609,-0.41201714262537414,0.38959070237493687,False,False,True,False,False,False,False,False,False,True,False,False,False,True
SHIP-10822,2025-07-02,Mumbai,Kochi,Industrial Equipment,310,41043.42,1384,891.23,8,7,Early,0,10962,12000,1.33,-0.35457118086499007,0.33803330010042726,0.4463257886001352,0.6387064173825165,False,True,False,False,False,False,False,False,False,False,True,False,False,False
SHIP-10823,2025-12-02,Delhi,Surat,Electronics,235,27741.61,1796,2254.0225000000005,4,4,On-Time,0,5823,10000,1.58,2.193205945068137,1.0000000000000002,1.1636428021192222,0.8468923698837798,False,False,False,False,False,False,True,False,True,False,False,True,False,False
SHIP-10824,2025-04-05,Bengaluru,Lucknow,Apparel,440,69779.82,859,896.9,5,5,On-Time,0,5084,8500,1.18,-0.3439709638077046,0.3407874620058021,-0.46773108542297315,0.3734209196563922,False,False,True,False,False,False,False,False,False,True,False,False,False,True
SHIP-10825,2025-01-08,Delhi,Bhopal,Consumer Goods,246,39774.54,794,781.78,5,6,Delayed,1,8743,10000,1.44,-0.5591908910801409,0.28486874621272373,-0.5809000317305961,0.3405760485093482,False,False,True,False,False,False,False,False,True,False,False,False,False,True
SHIP-10826,2025-12-26,Bengaluru,Bhopal,Industrial Equipment,35,1610.99,1379,811.51,8,9,Delayed,1,4760,8500,1.5,-0.5036098587850615,0.2993098808594247,0.4376204850380104,0.6361798888327439,False,True,False,False,False,False,False,False,False,True,False,True,False,False
SHIP-10827,2025-07-03,Bengaluru,Patna,Industrial Equipment,130,25052.94,1133,983.32,7,9,Delayed,2,6013,8500,1.52,-0.18240645620794824,0.3827653582778473,0.009319549781468177,0.5118746841839313,False,False,True,False,True,False,False,False,False,True,False,False,False,True
SHIP-10828,2025-10-08,Delhi,Patna,Apparel,407,32496.16,247,427.14,2,1,Early,0,7824,10000,1.39,-1.222199881767222,0.11260490527407431,-1.5332602414270537,0.06417382516422435,False,False,True,False,False,False,False,False,True,False,False,False,True,False
SHIP-10829,2025-07-14,Delhi,Surat,Consumer Goods,191,43484.21,622,620.61,5,5,On-Time,0,5777,10000,1.33,-0.8605025283151871,0.20658157261673304,-0.8803624742676907,0.2536634663971703,False,False,True,False,False,False,False,False,True,False,False,False,True,False
SHIP-10830,2025-12-18,Kolkata,Chandigarh,Industrial Equipment,208,43096.54,1343,835.87,9,9,On-Time,0,6682,7500,1.56,-0.4580681855019087,0.3111425764528871,0.37494229939071155,0.6179888832743811,False,True,False,False,False,False,False,True,False,False,False,True,False,False
SHIP-10831,2025-07-14,Mumbai,Patna,Electronics,311,29971.85,1021,1999.5,4,6,Delayed,2,9154,12000,1.66,1.7173693055684955,0.8763675178905159,-0.18567925001012828,0.45528044466902484,False,False,False,True,False,False,False,False,False,False,True,True,False,False
SHIP-10832,2025-06-04,Delhi,Kanpur,Electronics,264,54072.15,662,681.15,4,6,Delayed,2,4721,10000,1.57,-0.7473213747617361,0.23598844417782555,-0.8107200457706919,0.27387569479535123,False,False,True,False,False,True,False,False,True,False,False,True,False,False
SHIP-10833,2025-04-03,Nagpur,Lucknow,Consumer Goods,131,12936.48,1645,2254.0225000000005,5,4,Early,0,3082,6000,1.71,2.193205945068137,1.0000000000000002,0.900742634543052,0.7705912076806469,True,False,False,False,False,True,False,False,False,False,False,False,False,True
SHIP-10834,2025-06-09,Delhi,Surat,Electronics,40,1548.91,1793,2254.0225000000005,4,4,On-Time,0,5396,10000,1.58,2.193205945068137,1.0000000000000002,1.1584196199819472,0.8453764527539162,False,False,False,False,False,False,False,False,True,False,False,True,False,False
SHIP-10835,2025-03-02,Bengaluru,Jaipur,Electronics,324,78098.17,611,678.77,4,4,On-Time,0,4803,8500,1.61,-0.751770848588251,0.2348323762175447,-0.8995141421043653,0.24810510358767054,False,False,True,False,True,False,False,False,False,True,False,True,False,False
SHIP-10836,2025-05-02,Nagpur,Indore,Automotive Parts,294,49498.27,1164,1865.54,5,6,Delayed,1,4760,6000,1.25,1.4669274930475125,0.8112974069832818,0.0632924318666422,0.5275391611925215,True,False,False,False,True,False,False,False,False,False,False,False,True,False
SHIP-10837,2025-02-20,Delhi,Surat,Perishables,115,14051.09,1377,868.71,9,8,Early,0,4917,10000,1.4,-0.39667292480327415,0.32709437133340047,0.43413836361316044,0.6351692774128348,False,True,False,False,False,False,False,False,True,False,False,False,True,False
SHIP-10838,2025-10-04,Delhi,Surat,Consumer Goods,233,25275.08,833,1386.31,4,4,On-Time,0,6147,10000,1.44,0.5709941561228287,0.5785148655524535,-0.5129986639460223,0.3602829711975746,True,False,False,False,False,False,False,False,True,False,False,True,False,False
SHIP-10839,2025-01-05,Delhi,Bhopal,Consumer Goods,282,25748.22,910,1500.99,4,4,On-Time,0,8783,10000,1.3,0.7853914915954051,0.634219854495732,-0.3789369890892998,0.39919151086407284,True,False,False,False,False,False,False,False,True,False,False,True,False,False
SHIP-10840,2025-04-02,Mumbai,Coimbatore,Consumer Goods,407,99975.56,1786,1190.06,10,12,Delayed,2,8539,12000,1.47,0.20409951811713373,0.4831878331133322,1.1462321949949725,0.8418393127842345,False,True,False,True,False,False,False,False,False,False,True,False,False,True
SHIP-10841,2025-06-19,Delhi,Chandigarh,Consumer Goods,241,11246.41,535,595.06,4,3,Early,0,5747,10000,1.32,-0.9082689385115975,0.19417084304313026,-1.031834756248663,0.20970186963112683,False,False,True,False,False,False,False,False,True,False,False,True,False,False
SHIP-10842,2025-11-13,Bengaluru,Coimbatore,Electronics,429,38172.07,267,474.89,3,3,On-Time,0,7648,8500,1.56,-1.1329299762142437,0.13579912590575854,-1.4984390271785544,0.07427993936331481,False,False,True,False,False,False,False,False,False,True,False,False,False,True
SHIP-10843,2025-01-22,Delhi,Kanpur,Perishables,265,34209.37,1089,1001.43,6,8,Delayed,2,5648,10000,1.43,-0.148549325536442,0.39156216111847136,-0.06728712156523044,0.4896412329459323,False,False,True,False,False,False,False,False,True,False,False,False,False,True
SHIP-10844,2025-11-22,Bengaluru,Jaipur,Electronics,33,4201.89,148,195.32,2,3,Delayed,1,7440,8500,1.43,-1.6555935886843185,0.0,-1.7056252519571258,0.014148559878726631,False,False,True,False,True,False,False,False,False,True,False,False,False,False
SHIP-10845,2025-01-01,Nagpur,Bhopal,Consumer Goods,118,14840.99,1504,901.44,10,10,On-Time,0,4746,6000,1.74,-0.3354833120546046,0.34299273450146384,0.6552530740911314,0.6993431025770592,False,True,False,True,False,False,False,False,False,False,False,False,False,False
SHIP-10846,2025-05-13,Kolkata,Jaipur,Electronics,200,11261.84,427,478.23,4,4,On-Time,0,5985,7500,1.39,-1.12668575664258,0.13742150699287536,-1.2198693131905596,0.1551288529560384,False,False,True,False,True,False,False,True,False,False,False,False,False,True
SHIP-10847,2025-08-21,Bengaluru,Kanpur,Automotive Parts,356,17465.06,2026,1279.29,12,12,On-Time,0,6880,8500,1.37,0.37091739607508617,0.5265306667670534,1.5640867659769648,0.96311268317332,False,True,False,False,True,False,False,False,False,True,False,False,False,False
SHIP-10848,2025-01-12,Mumbai,Coimbatore,Industrial Equipment,34,2545.59,2085,1682.59,11,10,Early,0,8257,12000,1.34,1.1248975617194008,0.7224307543222004,1.666809348010038,0.9929257200606368,False,False,True,False,False,False,False,False,False,False,True,True,False,False
SHIP-10849,2025-12-12,Bengaluru,Surat,Perishables,196,45063.07,281,369.0,4,5,Delayed,1,7079,8500,1.69,-1.3308941709578006,0.0843638165300717,-1.4740641772046048,0.08135421930267811,False,False,True,False,False,False,False,False,False,True,False,False,False,True
SHIP-10850,2025-02-15,Bengaluru,Patna,Industrial Equipment,297,12345.53,988,942.17,6,6,On-Time,0,7165,8500,1.45,-0.25933748476302787,0.36277704039316017,-0.24313425352015225,0.43860535624052555,False,False,True,False,False,False,False,False,False,True,False,False,False,True
SHIP-10851,2025-02-03,Mumbai,Patna,Consumer Goods,125,24124.36,971,856.31,6,7,Delayed,1,7433,12000,1.51,-0.4198550573447806,0.32107116011176934,-0.2727322856313767,0.4300151591712987,False,False,True,False,False,True,False,False,False,False,True,True,False,False
SHIP-10852,2025-03-19,Delhi,Kochi,Electronics,347,66979.28,180,347.91,2,3,Delayed,1,6381,10000,1.26,-1.37032249154654,0.07411950002489433,-1.6499113091595268,0.03031834259727135,False,False,True,False,False,True,False,False,True,False,False,True,False,False
SHIP-10853,2025-08-06,Nagpur,Indore,Apparel,375,76986.02,244,420.87,3,4,Delayed,1,5206,6000,1.47,-1.2339218149152253,0.10955929766442697,-1.5384834235643288,0.0626579080343608,False,False,True,False,True,False,False,False,False,False,False,True,False,False
SHIP-10854,2025-10-28,Mumbai,Chandigarh,Consumer Goods,411,91798.76,1599,1087.22,9,9,On-Time,0,8359,12000,1.31,0.011837380168060402,0.4332340394010304,0.8206538417715035,0.7473471450227388,False,True,False,False,False,False,False,False,False,False,True,False,True,False
SHIP-10855,2025-03-14,Delhi,Kanpur,Apparel,46,3533.42,1214,1007.21,6,6,On-Time,0,8574,10000,1.59,-0.13774346052919131,0.3943697547362962,0.15034546748789063,0.5528044466902476,False,False,True,False,False,False,False,False,True,False,False,True,False,False
SHIP-10856,2025-10-09,Mumbai,Indore,Electronics,291,19721.5,957,937.74,6,6,On-Time,0,8934,12000,1.65,-0.26761948856616274,0.36062519960994843,-0.29710713560532626,0.42294087923193535,False,False,True,False,False,False,False,False,False,False,True,True,False,False
SHIP-10857,2025-09-06,Mumbai,Chandigarh,Electronics,146,18161.5,2050,1208.91,12,11,Early,0,8747,12000,1.58,0.23934009863385933,0.49234408565589244,1.605872223075164,0.9752400202122286,False,True,False,True,False,False,False,False,False,False,True,False,False,True
SHIP-10858,2025-02-16,Kolkata,Indore,Apparel,236,18241.85,2019,2254.0225000000005,7,8,Delayed,1,3484,7500,1.59,2.193205945068137,1.0000000000000002,1.5518993409899902,0.9595755432036382,True,False,False,False,True,False,False,True,False,False,False,False,False,False
SHIP-10859,2025-05-01,Kolkata,Coimbatore,Apparel,329,61708.18,585,660.59,4,8,Delayed,4,4354,7500,1.46,-0.7857588461370079,0.22600157137808885,-0.9447817206274145,0.234967155128853,False,False,True,False,False,False,True,True,False,False,False,True,False,False
SHIP-10860,2025-08-02,Kolkata,Chandigarh,Industrial Equipment,337,55418.23,362,514.55,3,4,Delayed,1,5144,7500,1.58,-1.0587845426177809,0.15506368695816897,-1.3330382594981824,0.12228398180899444,False,False,True,False,True,False,False,True,False,False,False,False,True,False
SHIP-10861,2025-08-27,Delhi,Coimbatore,Electronics,413,91116.93,1633,1109.55,11,11,On-Time,0,7260,10000,1.4,0.05358391401095029,0.4440806770283709,0.8798499059939524,0.7645275391611926,False,True,False,False,False,False,False,False,True,False,False,False,False,False
SHIP-10862,2025-02-25,Mumbai,Surat,Apparel,191,6578.71,1904,1154.79,12,13,Delayed,1,8955,12000,1.54,0.13816130725109116,0.4660556831305153,1.3516773590611189,0.9014653865588682,False,True,False,False,False,False,False,False,False,False,True,False,False,True
SHIP-10863,2025-12-16,Mumbai,Bhopal,Electronics,371,85346.54,1364,2254.0225000000005,4,4,On-Time,0,9439,12000,1.31,2.193205945068137,1.0000000000000002,0.4115045743516359,0.6286003031834261,False,False,False,False,False,False,False,False,False,False,True,False,False,False
SHIP-10864,2025-04-17,Delhi,Coimbatore,Electronics,95,7974.01,592,558.44,5,6,Delayed,1,7584,10000,1.19,-0.9767310105817555,0.1763829402257004,-0.9325942956404397,0.23850429509853463,False,False,True,False,True,False,False,False,True,False,False,True,False,False
SHIP-10865,2025-11-15,Mumbai,Patna,Consumer Goods,423,55122.47,1078,1083.91,6,6,On-Time,0,10185,12000,1.4,0.005649246400932604,0.43162623059912736,-0.08643878940190508,0.4840828701364326,False,False,True,False,False,False,False,False,False,False,True,True,False,False
SHIP-10866,2025-02-17,Kolkata,Indore,Electronics,62,7320.57,652,584.51,5,6,Delayed,1,4416,7500,1.43,-0.9279924464400564,0.1890462560763393,-0.8281306528949416,0.268822637695806,False,False,True,False,True,False,False,True,False,False,False,False,False,False
SHIP-10867,2025-03-02,Delhi,Kochi,Electronics,357,69141.35,613,1126.78,3,4,Delayed,1,7515,10000,1.3,0.08579586108273694,0.4524500261693954,-0.8960320206795154,0.2491157150075796,True,False,False,False,True,False,False,False,True,False,False,True,False,False
SHIP-10868,2025-12-03,Bengaluru,Lucknow,Consumer Goods,364,41415.31,1018,1052.48,6,5,Early,0,4029,8500,1.59,-0.05310998148451461,0.4163593331236543,-0.19090243214740318,0.4537645275391613,False,False,True,False,False,False,False,False,False,True,False,True,False,False
SHIP-10869,2025-01-26,Delhi,Chandigarh,Consumer Goods,244,57763.34,201,314.35,2,2,On-Time,0,6756,10000,1.19,-1.4330638115540362,0.05781797029925402,-1.6133490341986023,0.040929762506316324,False,False,True,False,False,False,False,False,True,False,False,False,False,True
SHIP-10870,2025-10-19,Delhi,Kanpur,Electronics,276,62678.35,975,922.95,5,5,On-Time,0,5759,10000,1.28,-0.29526979020236255,0.353441062999632,-0.2657680427816768,0.43203638201111677,False,False,True,False,False,False,False,False,True,False,False,True,False,False
SHIP-10871,2025-09-14,Delhi,Kochi,Electronics,296,65107.53,998,961.0,5,6,Delayed,1,6290,10000,1.6,-0.22413429478265973,0.3719235780789113,-0.22572364639590256,0.44365841334007083,False,False,True,False,True,False,False,False,True,False,False,False,True,False
SHIP-10872,2025-01-08,Nagpur,Patna,Electronics,442,14031.6,1665,2254.0225000000005,5,4,Early,0,3700,6000,1.41,2.193205945068137,1.0000000000000002,0.9355638487915513,0.7806973218797373,False,False,False,False,False,False,False,False,False,False,False,True,False,False
SHIP-10873,2025-04-23,Kolkata,Coimbatore,Electronics,109,23516.82,1042,1944.78,3,3,On-Time,0,3588,7500,1.57,1.6150687980950094,0.8497876696608664,-0.14911697504920396,0.46589186457806975,False,False,False,False,False,False,False,True,False,False,False,False,False,False
SHIP-10874,2025-12-21,Nagpur,Bhopal,Apparel,96,19073.7,131,227.77,3,5,Delayed,2,4015,6000,1.49,-1.5949274434446508,0.01576235517273622,-1.7352232840683501,0.005558362809499749,False,False,True,True,False,False,False,False,False,False,False,False,False,True
SHIP-10875,2025-09-10,Mumbai,Surat,Consumer Goods,412,16202.12,1406,995.49,10,10,On-Time,0,11009,12000,1.72,-0.1596543148345506,0.3886768486461739,0.48462912427348454,0.649823143001516,False,True,False,False,True,False,False,False,False,False,True,False,False,False
SHIP-10876,2025-06-29,Delhi,Lucknow,Consumer Goods,405,16298.16,1800,1219.89,10,12,Delayed,2,5904,10000,1.51,0.25986750309399964,0.4976775420440787,1.170607044968922,0.8489135927235979,False,True,False,False,False,False,False,False,True,False,False,True,False,False
SHIP-10877,2025-07-26,Bengaluru,Jaipur,Consumer Goods,24,930.56,568,498.75,4,6,Delayed,2,6765,8500,1.16,-1.0883230663400227,0.14738895007899389,-0.974379752738639,0.22637695805962607,False,False,True,False,True,False,False,False,False,True,False,False,False,True
SHIP-10878,2025-10-30,Mumbai,Kochi,Apparel,424,7489.18,1335,958.85,9,11,Delayed,2,8489,12000,1.36,-0.22815377744106605,0.3708792309719349,0.3610138136913118,0.6139464375947449,False,True,False,True,False,False,False,False,False,False,True,False,False,False
SHIP-10879,2025-05-07,Kolkata,Bhopal,Automotive Parts,436,62753.07,881,915.6,5,6,Delayed,1,4521,7500,1.24,-0.3090108123136587,0.3498708531222942,-0.42942774974962383,0.38453764527539164,False,False,True,False,True,False,False,True,False,False,False,False,False,True
SHIP-10880,2025-02-25,Delhi,Jaipur,Industrial Equipment,110,26812.24,1257,1937.43,4,4,On-Time,0,4921,10000,1.7,1.6013277759837135,0.8462174597835286,0.22521107812216426,0.5745325922182921,True,False,False,False,False,False,False,False,True,False,False,False,False,True
SHIP-10881,2025-08-02,Mumbai,Lucknow,Industrial Equipment,174,20547.82,145,252.17,3,3,On-Time,0,6617,12000,1.21,-1.5493109890887835,0.027614480479816766,-1.7108484340944006,0.012632642748863061,False,False,True,False,False,False,False,False,False,False,True,False,False,True
SHIP-10882,2025-01-14,Delhi,Kanpur,Consumer Goods,38,5398.96,1926,1517.6,10,14,Delayed,4,8174,10000,1.38,0.8164443320401162,0.642288043075675,1.3899806947344682,0.9125821121778677,False,False,True,True,False,False,False,False,True,False,False,False,False,False
SHIP-10883,2025-01-28,Mumbai,Kanpur,Apparel,123,29824.17,1642,961.97,11,12,Delayed,1,6973,12000,1.29,-0.22232085376933217,0.3723947486341518,0.8955194524057771,0.7690752905507833,False,True,False,False,False,False,False,False,False,False,True,False,False,True
SHIP-10884,2025-03-19,Kolkata,Indore,Apparel,116,8696.27,627,616.36,5,6,Delayed,1,3883,7500,1.66,-0.8684480172911067,0.20451716554480304,-0.8716571707055658,0.25618999494694294,False,False,True,False,True,False,False,True,False,False,False,False,True,False
SHIP-10885,2025-08-04,Mumbai,Lucknow,Electronics,419,90814.27,1688,2254.0225000000005,5,8,Delayed,3,7268,12000,1.34,2.193205945068137,1.0000000000000002,0.9756082451773256,0.7923193532086913,False,False,False,False,False,False,True,False,False,False,True,True,False,False
SHIP-10886,2025-06-03,Mumbai,Lucknow,Electronics,373,53488.86,181,367.93,3,6,Delayed,3,8694,12000,1.75,-1.3328945646529144,0.0838440716907858,-1.6481702484471017,0.030823648307225872,False,False,True,False,False,False,True,False,False,False,True,False,False,True
SHIP-10887,2025-01-14,Mumbai,Jaipur,Consumer Goods,139,20686.95,348,382.57,3,5,Delayed,2,9367,12000,1.17,-1.3055246920393944,0.09095534687503413,-1.357413109472132,0.11520970186963111,False,False,True,False,False,False,False,False,False,False,True,False,False,False
SHIP-10888,2025-07-06,Mumbai,Bhopal,Automotive Parts,93,8895.06,1958,1087.52,12,14,Delayed,2,7584,12000,1.23,0.012398238213419342,0.4333797622531666,1.4456946375320672,0.9287518948964124,False,True,False,False,False,False,False,False,False,False,True,False,False,False
SHIP-10889,2025-11-08,Kolkata,Chandigarh,Apparel,280,41152.25,726,1236.19,4,8,Delayed,4,5130,7500,1.28,0.29034079022517323,0.5055951503434809,-0.699292160175494,0.30621526023244067,True,False,False,False,False,False,False,True,False,False,False,False,False,False
SHIP-10890,2025-01-07,Nagpur,Jaipur,Industrial Equipment,253,8143.69,1178,1105.43,6,6,On-Time,0,3982,6000,1.64,0.045881463521353236,0.4420794165257,0.08766728184059175,0.5346134411318848,False,False,True,True,False,False,False,False,False,False,False,False,True,False
SHIP-10891,2025-01-03,Nagpur,Surat,Consumer Goods,397,77292.42,1848,1681.48,9,9,On-Time,0,2725,6000,1.68,1.1228223869515728,0.7218915797692964,1.2541779591653206,0.8731682668014149,False,False,True,False,False,False,False,False,False,False,False,False,False,True
SHIP-10892,2025-04-21,Kolkata,Kanpur,Consumer Goods,223,18264.06,1599,1012.5,9,9,On-Time,0,4769,7500,1.19,-0.12785366366269393,0.3969393343622985,0.8206538417715035,0.7473471450227388,False,True,False,False,False,False,False,True,False,False,False,True,False,False
SHIP-10893,2025-08-26,Mumbai,Kanpur,Electronics,315,70430.21,1731,2254.0225000000005,4,4,On-Time,0,8712,12000,1.17,2.193205945068137,1.0000000000000002,1.0504738558115994,0.8140474987367358,False,False,False,False,False,False,False,False,False,False,True,True,False,False
SHIP-10894,2025-12-29,Bengaluru,Indore,Electronics,175,17752.86,1010,939.72,6,6,On-Time,0,6101,8500,1.6,-0.26391782546679315,0.3615869704340476,-0.20483091784680293,0.4497220818595251,False,False,True,False,False,False,False,False,False,True,False,False,False,False
SHIP-10895,2025-08-27,Mumbai,Surat,Automotive Parts,288,13986.34,1645,1440.01,8,8,On-Time,0,9628,12000,1.23,0.6713877462420941,0.6045992560848398,0.900742634543052,0.7705912076806469,False,False,True,False,False,False,False,False,False,False,True,False,False,False
SHIP-10896,2025-10-01,Mumbai,Kanpur,Apparel,68,12140.19,880,754.62,6,5,Early,0,9180,12000,1.23,-0.6099672394533111,0.2716759706659898,-0.4311688104620488,0.38403233956543714,False,False,True,False,False,False,False,False,False,False,True,True,False,False
SHIP-10897,2025-10-21,Kolkata,Jaipur,Consumer Goods,99,5313.91,714,1150.42,3,4,Delayed,1,4350,7500,1.16,0.12999147505702824,0.46393298691773094,-0.7201848887245935,0.3001515917129864,True,False,False,False,True,False,False,True,False,False,False,True,False,False
SHIP-10898,2025-08-15,Delhi,Surat,Industrial Equipment,380,73003.67,1168,1124.31,6,8,Delayed,2,5701,10000,1.18,0.08117812984261427,0.45125024135347375,0.07025667471634207,0.5295603840323396,False,False,True,False,False,False,False,False,True,False,False,True,False,False
SHIP-10899,2025-01-15,Nagpur,Jaipur,Electronics,340,82452.17,1712,2254.0225000000005,4,3,Early,0,4008,6000,1.31,2.193205945068137,1.0000000000000002,1.0173937022755248,0.8044466902475998,False,False,False,False,False,False,False,False,False,False,False,False,False,False
SHIP-10900,2025-07-11,Mumbai,Chandigarh,Perishables,421,83440.06,1175,1162.35,6,6,On-Time,0,9533,12000,1.19,0.15229492999413846,0.46972789900434847,0.08244409970331684,0.5330975240020213,False,False,True,True,False,False,False,False,False,False,True,True,False,False
SHIP-10901,2025-04-29,Bengaluru,Chandigarh,Consumer Goods,203,4115.94,1974,1182.48,12,16,Delayed,4,4199,8500,1.37,0.1899285048377292,0.47950590238269003,1.4735516089308667,0.9368367862556848,False,True,False,True,False,False,False,False,False,True,False,False,False,True
SHIP-10902,2025-01-28,Bengaluru,Kanpur,Consumer Goods,132,20588.46,1155,1004.94,6,6,On-Time,0,7613,8500,1.65,-0.14198728640574124,0.39326711848846535,0.04762288545481748,0.5229914098029308,False,False,True,False,False,False,False,False,False,True,False,False,False,True
SHIP-10903,2025-07-21,Nagpur,Kanpur,Consumer Goods,145,25871.12,1462,907.42,9,9,On-Time,0,4231,6000,1.35,-0.3243035416837815,0.34589747668737947,0.5821285241692827,0.6781202627589693,False,True,False,False,False,False,False,False,False,False,False,False,False,False
SHIP-10904,2025-02-08,Bengaluru,Bhopal,Electronics,422,88190.7,1988,1789.09,10,11,Delayed,1,5049,8500,1.59,1.3240021678218545,0.7741623668305643,1.4979264589048162,0.9439110661950482,False,False,True,False,True,False,False,False,False,True,False,False,False,False
SHIP-10905,2025-09-30,Bengaluru,Chandigarh,Electronics,148,4167.76,1747,2254.0225000000005,5,5,On-Time,0,6595,8500,1.21,2.193205945068137,1.0000000000000002,1.0783308272103989,0.8221323900960081,False,False,False,False,False,False,False,False,False,True,False,False,False,True
SHIP-10906,2025-08-19,Delhi,Kochi,Apparel,238,30422.43,120,270.19,3,3,On-Time,0,4710,10000,1.55,-1.5156221158308845,0.036367566464800036,-1.7543749519050247,0.0,False,False,True,False,False,False,False,False,True,False,False,True,False,False
SHIP-10907,2025-03-27,Bengaluru,Kochi,Automotive Parts,283,39849.84,1578,2254.0225000000005,5,5,On-Time,0,5760,8500,1.34,2.193205945068137,1.0000000000000002,0.7840915668105791,0.7367357251136939,True,False,False,False,False,False,False,False,False,True,False,False,False,True
SHIP-10908,2025-05-06,Delhi,Indore,Industrial Equipment,448,24525.47,1981,1294.49,12,12,On-Time,0,6784,10000,1.6,0.39933420370661016,0.5339139579419561,1.4857390339178413,0.9403739262253664,False,True,False,False,False,False,False,False,True,False,False,False,False,False
SHIP-10909,2025-10-27,Kolkata,Chandigarh,Electronics,59,5355.77,1279,709.79,9,9,On-Time,0,3945,7500,1.23,-0.693778126698128,0.24990011912843152,0.26351441379551355,0.5856493178372917,False,True,False,False,True,False,False,True,False,False,False,False,True,False
SHIP-10910,2025-01-25,Bengaluru,Jaipur,Apparel,407,48210.01,1339,1264.73,8,8,On-Time,0,7170,8500,1.69,0.34369708560699497,0.5194582510100415,0.3679780565410117,0.615967660434563,False,False,True,False,False,False,True,False,False,True,False,True,False,False
SHIP-10911,2025-05-25,Bengaluru,Jaipur,Electronics,127,26772.14,252,482.96,2,4,Delayed,2,7008,8500,1.3,-1.117842894794086,0.1397190706282233,-1.524554937864929,0.06670035371399696,True,False,False,True,False,False,False,False,False,True,False,True,False,False
SHIP-10912,2025-01-13,Delhi,Patna,Electronics,211,49249.67,205,275.85,2,2,On-Time,0,5217,10000,1.36,-1.5050405940417777,0.03911687094177037,-1.6063847913489024,0.04295098534613442,False,False,True,False,False,False,False,False,True,False,False,True,False,False
SHIP-10913,2025-07-31,Delhi,Surat,Apparel,402,65397.1,1619,1082.4,11,11,On-Time,0,6209,10000,1.72,0.0028262609059588667,0.4308927589100416,0.8554750560200028,0.7574532592218293,False,True,False,False,False,False,False,False,True,False,False,False,False,True
SHIP-10914,2025-01-25,Kolkata,Coimbatore,Apparel,404,43556.1,1950,1745.41,9,10,Delayed,1,3729,7500,1.5,1.2423412364175808,0.7529451195595284,1.4317661518326674,0.9247094492167762,False,False,True,False,True,False,False,True,False,False,False,False,False,False
SHIP-10915,2025-03-09,Delhi,Kochi,Electronics,200,14939.46,1934,2254.0225000000005,5,5,On-Time,0,8488,10000,1.37,2.193205945068137,1.0000000000000002,1.403909180433868,0.9166245578575039,False,False,False,False,False,False,False,False,True,False,False,True,False,False
SHIP-10916,2025-03-08,Delhi,Kanpur,Electronics,373,91684.06,1467,2254.0225000000005,4,4,On-Time,0,6019,10000,1.72,2.193205945068137,1.0000000000000002,0.5908338277314076,0.6806467913087418,False,False,False,False,False,False,False,False,True,False,False,False,False,True
SHIP-10917,2025-08-21,Delhi,Indore,Perishables,332,81675.22,1323,1197.33,7,8,Delayed,1,6564,10000,1.35,0.2176909780830007,0.48671918356343363,0.3401210851422122,0.6078827690752906,False,False,True,False,True,False,False,False,True,False,False,True,False,False
SHIP-10918,2025-04-19,Nagpur,Coimbatore,Electronics,190,44150.22,635,636.59,4,7,Delayed,3,3613,6000,1.21,-0.8306274897657298,0.2143437432071899,-0.8577286850061661,0.26023244062657913,False,False,True,False,False,False,True,False,False,False,False,True,False,False
SHIP-10919,2025-05-26,Kolkata,Lucknow,Consumer Goods,432,86241.13,1781,1196.88,11,11,On-Time,0,4467,7500,1.75,0.21684969101496251,0.4865005992852293,1.1375268914328476,0.839312784234462,False,True,False,False,False,False,False,True,False,False,False,False,False,True
SHIP-10920,2025-04-21,Mumbai,Indore,Apparel,87,7965.56,294,314.67,4,6,Delayed,2,9614,12000,1.31,-1.4324655629723198,0.05797340800819932,-1.4514303879430803,0.08792319353208691,False,False,True,True,False,False,False,False,False,False,True,True,False,False
SHIP-10921,2025-08-16,Mumbai,Lucknow,Electronics,449,92940.81,882,910.8,6,10,Delayed,4,9616,12000,1.66,-0.3179845410394032,0.34753928748811436,-0.42768668903719886,0.3850429509853462,False,False,True,False,False,False,False,False,False,False,True,False,False,True
SHIP-10922,2025-04-21,Mumbai,Chandigarh,Electronics,421,46758.94,1164,1915.95,5,5,On-Time,0,8320,12000,1.25,1.5611703399360073,0.8357837035705741,0.0632924318666422,0.5275391611925215,True,False,False,False,False,False,False,False,False,False,True,False,False,False
SHIP-10923,2025-02-03,Kolkata,Lucknow,Consumer Goods,84,7710.5,1116,1730.46,4,4,On-Time,0,5693,7500,1.59,1.2143918104905227,0.7456832640947392,-0.020278482329756285,0.5032844871147044,True,False,False,False,False,False,False,True,False,False,False,False,False,True
SHIP-10924,2025-04-21,Bengaluru,Lucknow,Industrial Equipment,304,57773.18,2095,1320.55,13,15,Delayed,2,5869,8500,1.46,0.4480540725801306,0.5465724163641905,1.6842199551342878,0.9979787771601819,False,True,False,False,True,False,False,False,False,True,False,True,False,False
SHIP-10925,2025-09-21,Delhi,Bhopal,Apparel,290,9778.42,1248,1156.59,7,9,Delayed,2,4634,10000,1.74,0.14152645552324522,0.4669300202433327,0.20954153171033954,0.5699848408287014,False,False,True,True,False,False,False,False,True,False,False,False,True,False
SHIP-10926,2025-08-24,Delhi,Bhopal,Apparel,30,792.37,697,613.52,4,4,On-Time,0,4810,10000,1.48,-0.8737574734538388,0.20313765587791333,-0.749782920835818,0.2915613946437595,False,False,True,False,True,False,False,False,True,False,False,False,False,True
SHIP-10927,2025-03-24,Delhi,Bhopal,Perishables,403,48468.45,1586,1056.86,9,9,On-Time,0,6303,10000,1.17,-0.04492145402227308,0.4184868867648433,0.7980200525099789,0.7407781707933301,False,True,False,False,False,False,False,False,True,False,False,False,False,False
SHIP-10928,2025-02-11,Bengaluru,Chandigarh,Industrial Equipment,180,21550.52,1918,1629.97,9,8,Early,0,6820,8500,1.51,1.0265230605634281,0.6968709660575046,1.3760522090350684,0.9085396664982315,False,False,True,False,False,False,False,False,False,True,False,True,False,False
SHIP-10929,2025-04-11,Kolkata,Coimbatore,Consumer Goods,24,5411.43,168,198.27,2,2,On-Time,0,6594,7500,1.24,-1.6500784845716214,0.001432941379339664,-1.6708040377086264,0.024254674077817083,False,False,True,False,True,False,False,True,False,False,False,True,False,False
SHIP-10930,2025-01-06,Mumbai,Indore,Consumer Goods,220,9822.12,647,681.18,5,5,On-Time,0,5567,12000,1.63,-0.7472652889572002,0.23600301646303912,-0.8368359564570664,0.2662961091460334,False,False,True,False,False,False,False,False,False,False,True,True,False,False
SHIP-10931,2025-06-29,Delhi,Indore,Apparel,57,2506.39,264,308.11,3,2,Early,0,6229,10000,1.45,-1.444729658897504,0.0547869349748203,-1.5036622093158294,0.07276402223345124,False,False,True,False,False,False,False,False,True,False,False,True,False,False
SHIP-10932,2025-10-09,Delhi,Kanpur,Apparel,95,4716.88,1483,1242.07,7,9,Delayed,2,5551,10000,1.44,0.3013336079142099,0.5084513182453511,0.6186907991302071,0.6887316826680142,False,False,True,False,False,True,False,False,True,False,False,False,False,True
SHIP-10933,2025-11-16,Nagpur,Bhopal,Apparel,158,3474.11,881,802.06,5,6,Delayed,1,4998,6000,1.62,-0.5212768872138708,0.2947196110171333,-0.42942774974962383,0.38453764527539164,False,False,True,False,True,False,False,False,False,False,False,False,True,False
SHIP-10934,2025-08-14,Mumbai,Chandigarh,Apparel,197,6275.82,1998,2254.0225000000005,6,6,On-Time,0,10171,12000,1.24,2.193205945068137,1.0000000000000002,1.515337066029066,0.9489641232945932,True,False,False,False,False,False,False,False,False,False,True,False,False,True
SHIP-10935,2025-11-11,Kolkata,Kanpur,Electronics,381,64796.45,1497,1401.91,7,7,On-Time,0,4102,7500,1.45,0.6001587744814982,0.5860924538635378,0.6430656491041566,0.6958059626073776,False,False,True,False,False,False,False,True,False,False,False,True,False,False
SHIP-10936,2025-08-17,Bengaluru,Surat,Consumer Goods,315,36673.03,1218,1170.19,6,6,On-Time,0,6664,8500,1.39,0.16695202024618788,0.4735361228735088,0.15730971033759047,0.5548256695300657,False,False,True,False,False,False,False,False,False,True,False,False,False,True
SHIP-10937,2025-10-16,Mumbai,Kanpur,Consumer Goods,160,31111.48,1945,1606.91,10,10,On-Time,0,9527,12000,1.52,0.9834117721434981,0.6856697361566326,1.4230608482705425,0.9221829206670036,False,False,True,False,True,False,False,False,False,False,True,True,False,False
SHIP-10938,2025-05-30,Delhi,Coimbatore,Electronics,150,37239.07,1048,929.24,7,9,Delayed,2,5332,10000,1.18,-0.28351046651800177,0.3564963854660884,-0.13867061077465415,0.46892369883779694,False,False,True,True,False,False,False,False,True,False,False,False,False,True
SHIP-10939,2025-10-04,Delhi,Kochi,Electronics,78,13250.11,913,793.08,6,6,On-Time,0,6538,10000,1.6,-0.5380652380382841,0.29035764030985534,-0.3737138069520249,0.4007074279939364,False,False,True,False,True,False,False,False,True,False,False,False,False,True
SHIP-10940,2025-07-17,Bengaluru,Lucknow,Apparel,269,7224.55,1721,1497.66,8,8,On-Time,0,6303,8500,1.2,0.77916596729192,0.6326023308370199,1.0330632486873497,0.8089944416371906,False,False,True,False,False,False,False,False,False,True,False,False,False,False
SHIP-10941,2025-03-11,Kolkata,Bhopal,Apparel,343,13573.29,1780,1158.23,10,10,On-Time,0,3466,7500,1.54,0.1445924795045414,0.46772663850167756,1.1357858307204227,0.8388074785245074,False,True,False,False,False,False,False,True,False,False,False,False,True,False
SHIP-10942,2025-04-22,Bengaluru,Kochi,Consumer Goods,18,3996.65,438,395.37,4,5,Delayed,1,5441,8500,1.16,-1.2815947487707424,0.0971728552328469,-1.2007176453538848,0.16068721576553815,False,False,True,False,False,True,False,False,False,True,False,True,False,False
SHIP-10943,2025-01-04,Bengaluru,Kanpur,Consumer Goods,130,18065.0,1230,772.42,9,9,On-Time,0,4444,8500,1.65,-0.5766896620953423,0.28032219322607316,0.1782024388866901,0.56088933804952,False,True,False,False,False,True,False,False,False,True,False,False,False,True
SHIP-10944,2025-12-16,Delhi,Chandigarh,Consumer Goods,380,79357.96,1696,2254.0225000000005,6,5,Early,0,7046,10000,1.25,2.193205945068137,1.0000000000000002,0.9895367308767253,0.7963617988883275,True,False,False,False,False,False,False,False,True,False,False,False,True,False
SHIP-10945,2025-11-27,Nagpur,Lucknow,Electronics,428,92578.07,817,882.59,6,6,On-Time,0,5077,6000,1.46,-0.3707238925713299,0.3338364819589037,-0.5408556353448218,0.3521980798383022,False,False,True,False,False,False,False,False,False,False,False,False,False,False
SHIP-10946,2025-11-14,Kolkata,Indore,Apparel,110,25630.39,2009,1609.15,10,10,On-Time,0,5224,7500,1.31,0.9875995122155121,0.6867578001192498,1.5344887338657405,0.9545224861040932,False,False,True,False,False,False,False,True,False,False,False,False,False,True
SHIP-10947,2025-12-16,Mumbai,Jaipur,Industrial Equipment,158,37637.16,2035,2254.0225000000005,7,10,Delayed,3,5602,12000,1.58,2.193205945068137,1.0000000000000002,1.5797563123887897,0.9676604345629106,True,False,False,False,False,False,True,False,False,False,True,False,True,False
SHIP-10948,2025-04-05,Nagpur,Lucknow,Industrial Equipment,155,22534.53,966,854.38,5,6,Delayed,1,2783,6000,1.34,-0.4234632441032569,0.3201336764296929,-0.28143758919350154,0.4274886306215261,False,False,True,False,True,False,False,False,False,False,False,True,False,False
SHIP-10949,2025-06-01,Bengaluru,Coimbatore,Apparel,362,34440.59,1921,1223.32,11,12,Delayed,1,6243,8500,1.58,0.26627998007927084,0.49934363998683623,1.3812753911723432,0.9100555836280951,False,True,False,False,True,False,False,False,False,True,False,False,True,False
SHIP-10950,2025-11-07,Bengaluru,Coimbatore,Apparel,252,60741.64,902,875.76,5,5,On-Time,0,5135,8500,1.32,-0.3834927607373371,0.330518858358602,-0.39286547478869954,0.39514906518443665,False,False,True,False,False,False,False,False,False,True,False,True,False,False
SHIP-10951,2025-05-17,Kolkata,Kanpur,Electronics,250,35910.13,161,324.22,3,3,On-Time,0,5393,7500,1.6,-1.4146115818617244,0.06261225213453618,-1.682991462695601,0.02071753410813542,False,False,True,False,False,False,False,True,False,False,False,False,False,True
SHIP-10952,2025-09-04,Kolkata,Surat,Consumer Goods,346,10414.39,1236,1143.36,7,7,On-Time,0,3951,7500,1.17,0.11679261572291222,0.46050364246412473,0.18864880316123991,0.5639211723092472,False,False,True,False,False,False,False,True,False,False,False,False,False,False
SHIP-10953,2025-08-31,Bengaluru,Coimbatore,Electronics,52,8634.73,1840,2254.0225000000005,6,9,Delayed,3,6928,8500,1.32,2.193205945068137,1.0000000000000002,1.2402494734659208,0.8691258211217787,False,False,False,False,False,False,True,False,False,True,False,True,False,False
SHIP-10954,2025-01-31,Delhi,Coimbatore,Perishables,104,15923.02,1870,1528.28,9,8,Early,0,8545,10000,1.45,0.8364108784548976,0.6474757766117251,1.29248129483867,0.8842849924204145,False,False,True,False,False,False,False,False,True,False,False,False,False,True
SHIP-10955,2025-02-09,Mumbai,Chandigarh,Electronics,235,52995.16,1650,2254.0225000000005,4,6,Delayed,2,10415,12000,1.18,2.193205945068137,1.0000000000000002,0.9094479381051769,0.7731177362304195,False,False,False,True,False,False,False,False,False,False,True,True,False,False
SHIP-10956,2025-08-17,Nagpur,Kanpur,Electronics,15,2527.48,648,577.14,5,4,Early,0,3557,6000,1.26,-0.9417708590877097,0.18546633134219243,-0.8350948957446415,0.2668014148559879,False,False,True,False,False,False,False,False,False,False,False,False,True,False
SHIP-10957,2025-02-05,Delhi,Lucknow,Automotive Parts,223,21637.09,2099,1281.83,12,15,Delayed,3,7605,10000,1.71,0.37566599419245916,0.5277644535818069,1.6911841979839877,1.0,False,True,False,False,False,False,True,False,True,False,False,False,False,False
SHIP-10958,2025-08-11,Mumbai,Surat,Perishables,215,52043.55,1408,894.33,10,12,Delayed,2,6973,12000,1.74,-0.34877564772961345,0.33953910290583506,0.4881112456983345,0.650833754421425,False,True,False,True,False,False,False,False,False,False,True,False,False,False
SHIP-10959,2025-01-06,Mumbai,Kochi,Industrial Equipment,76,15456.92,1769,1428.65,9,9,On-Time,0,9701,12000,1.59,0.6501499215911659,0.599081217417281,1.1166341628837482,0.8332491157150077,False,False,True,False,False,False,False,False,False,False,True,False,False,True
SHIP-10960,2025-11-18,Mumbai,Jaipur,Electronics,405,66075.0,411,578.57,3,6,Delayed,3,6079,12000,1.3,-0.939097435738165,0.18616094360404184,-1.247726284589359,0.14704396159676605,False,False,True,False,False,False,True,False,False,False,True,False,False,False
SHIP-10961,2025-08-08,Bengaluru,Bhopal,Electronics,109,9138.28,1088,970.56,6,5,Early,0,6872,8500,1.31,-0.2062616184038856,0.37656727963365266,-0.0690281822776554,0.4891359272359779,False,False,True,False,False,False,False,False,False,True,False,False,False,True
SHIP-10962,2025-03-16,Nagpur,Indore,Consumer Goods,21,2158.42,1607,2254.0225000000005,5,5,On-Time,0,3940,6000,1.54,2.193205945068137,1.0000000000000002,0.8345823274709032,0.751389590702375,True,False,False,False,False,False,False,False,False,False,False,False,False,True
SHIP-10963,2025-01-04,Delhi,Coimbatore,Electronics,246,42420.96,1947,1219.46,11,11,On-Time,0,8521,10000,1.22,0.25906360656231825,0.4974686726226834,1.4265429696953924,0.9231935320869127,False,True,False,False,False,False,False,False,True,False,False,False,False,False
SHIP-10964,2025-12-01,Delhi,Kanpur,Electronics,331,10564.03,1703,2254.0225000000005,4,5,Delayed,1,7972,10000,1.72,2.193205945068137,1.0000000000000002,1.0017241558637002,0.7998989388580092,False,False,False,False,False,False,True,False,True,False,False,False,False,True
SHIP-10965,2025-05-14,Delhi,Bhopal,Consumer Goods,267,20110.42,1962,1678.59,9,12,Delayed,3,6269,10000,1.28,1.1174194544479472,0.720487782960384,1.452658880381767,0.9307731177362305,False,False,True,False,False,False,True,False,True,False,False,True,False,False
SHIP-10966,2025-04-28,Nagpur,Indore,Perishables,408,74568.82,216,409.24,3,3,On-Time,0,5247,6000,1.75,-1.2556644118069769,0.10391010842994554,-1.587233123512228,0.04850934815563416,False,False,True,False,False,False,False,False,False,False,False,True,False,False
SHIP-10967,2025-04-04,Bengaluru,Indore,Consumer Goods,416,53166.61,2030,1286.93,12,13,Delayed,1,4956,8500,1.45,0.38520058096356286,0.530241742068123,1.5710510088266647,0.965133906013138,False,True,False,False,True,False,False,False,False,True,False,True,False,False
SHIP-10968,2025-03-03,Mumbai,Kochi,Apparel,422,46235.37,1238,1173.17,6,8,Delayed,2,10853,12000,1.61,0.1725232101634209,0.47498363653806214,0.19213092458608985,0.5649317837291562,False,False,True,False,True,False,False,False,False,False,True,False,False,False
SHIP-10969,2025-07-13,Kolkata,Kochi,Apparel,346,17505.02,1469,1347.85,8,10,Delayed,2,6079,7500,1.15,0.4990921547078017,0.5598331959085879,0.5943159491562575,0.6816574027286509,False,False,True,True,False,False,False,True,False,False,False,False,False,True
SHIP-10970,2025-12-01,Nagpur,Kochi,Consumer Goods,144,17112.17,193,289.04,3,3,On-Time,0,5493,6000,1.68,-1.4803815353141594,0.04552381900736023,-1.627277519898002,0.03688731682668014,False,False,True,False,False,False,False,False,False,False,False,False,False,False
SHIP-10971,2025-07-22,Kolkata,Patna,Apparel,231,45302.01,1479,945.79,10,11,Delayed,1,3565,7500,1.31,-0.2525697976823623,0.3645354294756041,0.6117265562805072,0.6867104598281961,False,True,False,False,False,False,False,True,False,False,False,False,False,True
SHIP-10972,2025-01-26,Nagpur,Patna,Electronics,165,12712.1,1211,795.22,9,10,Delayed,1,3472,6000,1.55,-0.5340644506480564,0.29139712998842715,0.14512228535061572,0.5512885295603841,False,True,False,False,True,False,False,False,False,False,False,True,False,False
SHIP-10973,2025-06-22,Mumbai,Indore,Electronics,151,2456.57,877,810.08,5,6,Delayed,1,9580,12000,1.63,-0.506283282134606,0.29861526859757537,-0.4363919925993237,0.3825164224355736,False,False,True,False,False,False,False,False,False,False,True,True,False,False
SHIP-10974,2025-10-27,Kolkata,Kochi,Industrial Equipment,437,75207.11,2061,1357.46,12,12,On-Time,0,6625,7500,1.25,0.5170583074274694,0.5645011846053521,1.6250238909118389,0.9807983830217283,False,True,False,False,False,False,False,True,False,False,False,False,False,False
SHIP-10975,2025-05-13,Mumbai,Chandigarh,Electronics,167,40675.73,1220,2254.0225000000005,5,5,On-Time,0,5562,12000,1.42,2.193205945068137,1.0000000000000002,0.1607918317624404,0.5558362809499748,False,False,False,False,True,False,False,False,False,False,True,False,False,True
SHIP-10976,2025-11-22,Kolkata,Coimbatore,Perishables,425,66981.8,327,504.26,3,3,On-Time,0,3375,7500,1.45,-1.0780219735735954,0.15006539312989609,-1.3939753844330562,0.10459828196058615,False,False,True,False,False,False,False,True,False,False,False,False,True,False
SHIP-10977,2025-04-28,Kolkata,Bhopal,Electronics,335,14465.85,2027,2254.0225000000005,6,6,On-Time,0,4278,7500,1.34,2.193205945068137,1.0000000000000002,1.56582782668939,0.9636179888832744,False,False,False,False,False,True,False,True,False,False,False,False,False,False
SHIP-10978,2025-11-20,Kolkata,Bhopal,Apparel,380,34341.47,1909,1704.77,9,9,On-Time,0,6381,7500,1.44,1.1663636665396115,0.7332045305234728,1.3603826626232436,0.9039919151086409,False,False,True,False,False,False,False,True,False,False,False,False,False,True
SHIP-10979,2025-10-02,Bengaluru,Patna,Consumer Goods,353,77270.21,1364,951.73,8,10,Delayed,2,6889,8500,1.34,-0.24146480838425355,0.3674207419479016,0.4115045743516359,0.6286003031834261,False,True,False,False,False,True,False,False,False,True,False,False,False,True
SHIP-10980,2025-07-31,Delhi,Indore,Electronics,271,18876.1,1405,913.71,9,9,On-Time,0,6099,10000,1.37,-0.3125442179994205,0.3489527991538359,0.48288806356105957,0.6493178372915615,False,True,False,False,False,False,False,False,True,False,False,False,True,False
SHIP-10981,2025-08-13,Bengaluru,Kanpur,Electronics,292,46080.09,529,586.79,4,4,On-Time,0,3833,8500,1.55,-0.9237299252953278,0.19015374975257465,-1.0422811205232128,0.2066700353713997,False,False,True,False,False,False,False,False,False,True,False,False,False,False
SHIP-10982,2025-01-20,Nagpur,Lucknow,Apparel,347,38040.82,450,590.16,3,2,Early,0,4264,6000,1.53,-0.9174296199191282,0.19179070312490504,-1.1798249168047852,0.16675088428499243,False,False,True,False,False,False,False,False,False,False,False,True,False,False
SHIP-10983,2025-04-23,Nagpur,Lucknow,Industrial Equipment,353,22536.68,463,562.67,4,6,Delayed,2,3371,6000,1.29,-0.9688229121421934,0.17843763244082128,-1.1571911275432607,0.1733198585144012,False,False,True,True,False,False,False,False,False,False,False,False,False,True
SHIP-10984,2025-05-20,Delhi,Patna,Automotive Parts,238,49063.85,1108,1022.29,6,9,Delayed,3,8004,10000,1.69,-0.10955099611581118,0.40169475677034433,-0.034206968029156036,0.49924204143506823,False,False,True,True,False,False,False,False,True,False,False,False,False,False
SHIP-10985,2025-02-16,Delhi,Kanpur,Consumer Goods,385,72982.66,890,912.0,5,5,On-Time,0,6597,10000,1.67,-0.315741108857967,0.34812217889665936,-0.4137582033377991,0.3890853966649824,False,False,True,False,False,False,False,False,True,False,False,False,False,False
SHIP-10986,2025-01-01,Delhi,Patna,Industrial Equipment,289,49266.96,1963,1226.22,11,11,On-Time,0,7689,10000,1.46,0.27170160785107494,0.5007522942241532,1.454399941094192,0.931278423446185,False,True,False,False,False,False,False,False,True,False,False,True,False,False
SHIP-10987,2025-03-31,Kolkata,Lucknow,Apparel,367,25887.85,193,369.63,2,3,Delayed,1,6379,7500,1.41,-1.3297163690625469,0.0846698345195578,-1.627277519898002,0.03688731682668014,False,False,True,False,True,False,False,True,False,False,False,False,False,False
SHIP-10988,2025-05-22,Kolkata,Kanpur,Industrial Equipment,299,11360.92,1780,1566.17,9,9,On-Time,0,5263,7500,1.38,0.9072472495837425,0.6658805728365317,1.1357858307204227,0.8388074785245074,False,False,True,False,False,False,False,True,False,False,False,False,True,False
SHIP-10989,2025-11-16,Delhi,Kochi,Consumer Goods,177,26620.35,1843,1546.88,10,12,Delayed,2,6078,10000,1.57,0.8711840772671573,0.6565105934441717,1.2454726556031956,0.8706417382516424,False,False,True,True,False,False,False,False,True,False,False,True,False,False
SHIP-10990,2025-02-07,Bengaluru,Indore,Apparel,56,8126.4,373,391.0,3,4,Delayed,1,6899,8500,1.55,-1.2897645809648055,0.09505015902006238,-1.313886591661508,0.1278423446184942,False,False,True,False,False,False,False,False,False,True,False,False,False,False
SHIP-10991,2025-10-20,Kolkata,Bhopal,Industrial Equipment,212,12565.34,1078,965.26,7,8,Delayed,1,4309,7500,1.27,-0.2161701105385616,0.3739928425792458,-0.08643878940190508,0.4840828701364326,False,False,True,False,False,False,False,True,False,False,False,True,False,False
SHIP-10992,2025-05-19,Kolkata,Chandigarh,Consumer Goods,223,6292.61,1976,1694.75,9,10,Delayed,1,6517,7500,1.55,1.1476310078246201,0.7283373872621225,1.4770337303557166,0.9378473976755938,False,False,True,False,True,False,False,True,False,False,False,True,False,False
SHIP-10993,2025-12-22,Bengaluru,Surat,Industrial Equipment,255,8661.45,939,886.39,5,6,Delayed,1,4110,8500,1.3,-0.36361969066344907,0.33568230475262933,-0.3284462284289757,0.413845376452754,False,False,True,False,False,True,False,False,False,True,False,True,False,False
SHIP-10994,2025-11-29,Bengaluru,Indore,Apparel,33,8193.94,1890,1513.2,10,11,Delayed,1,7162,8500,1.16,0.8082184140415174,0.6401507745776769,1.3273025090871693,0.8943911066195049,False,False,True,False,True,False,False,False,False,True,False,True,False,False
SHIP-10995,2025-09-16,Bengaluru,Kochi,Electronics,330,65716.93,1105,2150.43,3,3,On-Time,0,4190,8500,1.57,1.9995369881886202,0.9496806848002564,-0.039430150166430936,0.4977261243052047,False,False,False,False,False,False,False,False,False,True,False,False,False,False
SHIP-10996,2025-06-10,Mumbai,Lucknow,Electronics,283,65561.78,1905,2254.0225000000005,5,5,On-Time,0,5716,12000,1.54,2.193205945068137,1.0000000000000002,1.3534184197735437,0.9019706922688228,False,False,False,False,False,False,False,False,False,False,True,True,False,False
SHIP-10997,2025-06-27,Bengaluru,Kochi,Consumer Goods,53,3224.41,451,418.35,4,9,Delayed,5,5276,8500,1.4,-1.2386330224962412,0.10833522570648259,-1.1780838560923603,0.16725618999494696,False,False,True,False,True,False,False,False,False,True,False,True,False,False
SHIP-10998,2025-01-10,Bengaluru,Patna,Apparel,341,82090.16,1541,1395.4,8,7,Early,0,7646,8500,1.47,0.5879881548972073,0.5829302679721815,0.7196723204508553,0.7180394138453765,False,False,True,False,False,False,False,False,False,True,False,True,False,False
SHIP-10999,2025-09-18,Nagpur,Kanpur,Automotive Parts,322,15624.65,1488,2254.0225000000005,6,6,On-Time,0,5473,6000,1.72,2.193205945068137,1.0000000000000002,0.6273961026923319,0.6912582112177869,True,False,False,False,False,False,True,False,False,False,False,True,False,False
SHIP-11000,2025-05-18,Bengaluru,Bhopal,Electronics,372,50083.93,1727,2254.0225000000005,5,6,Delayed,1,4632,8500,1.51,2.193205945068137,1.0000000000000002,1.0435096129618995,0.8120262758969177,False,False,False,False,True,False,False,False,False,True,False,True,False,False
SHIP-11001,2025-06-21,Kolkata,Coimbatore,Industrial Equipment,165,34646.45,866,813.3,6,7,Delayed,1,3898,7500,1.54,-0.5002634057810861,0.3001793605438376,-0.45554366043599837,0.3769580596260738,False,False,True,False,False,False,False,True,False,False,False,False,False,False
SHIP-11002,2025-01-13,Delhi,Patna,Automotive Parts,389,37812.27,955,941.91,5,5,On-Time,0,6158,10000,1.19,-0.2598235617356724,0.3626507472546421,-0.3005892570301762,0.4219302678120263,False,False,True,False,False,False,False,False,True,False,False,True,False,False
SHIP-11003,2025-06-17,Mumbai,Indore,Electronics,208,23885.62,1811,1533.06,9,9,On-Time,0,7301,12000,1.25,0.8453472166442847,0.6497976273890957,1.1897587128055966,0.8544719555330976,False,False,True,False,False,False,False,False,False,False,True,False,False,False
SHIP-11004,2025-05-10,Delhi,Patna,Automotive Parts,416,18771.38,574,696.11,5,6,Delayed,1,8070,10000,1.33,-0.7193532535664994,0.2432551570710192,-0.9639333884640892,0.2294087923193532,False,False,True,False,False,False,False,False,True,False,False,False,False,False
SHIP-11005,2025-03-25,Delhi,Indore,Perishables,171,7504.62,2049,1219.94,12,12,On-Time,0,6586,10000,1.47,0.2599609794348927,0.49770182918610134,1.6041311623627392,0.9747347145022739,False,True,False,False,False,False,False,False,True,False,False,True,False,False
SHIP-11006,2025-11-17,Kolkata,Coimbatore,Industrial Equipment,404,64881.81,1258,941.44,9,10,Delayed,1,6124,7500,1.62,-0.26070223934006803,0.3624224481196287,0.22695213883458923,0.5750378979282467,False,True,False,False,True,False,False,True,False,False,False,False,False,False
SHIP-11007,2025-11-15,Nagpur,Jaipur,Industrial Equipment,243,42221.28,432,493.4,3,3,On-Time,0,4811,6000,1.34,-1.098325034815592,0.14479022588256435,-1.2111640096284346,0.15765538150581102,False,False,True,False,False,False,False,False,False,False,False,True,False,False
SHIP-11008,2025-04-11,Delhi,Bhopal,Perishables,172,33999.78,1137,1782.24,5,5,On-Time,0,7218,10000,1.36,1.3111959091194902,0.7708350283734536,0.01628379263116805,0.5138959070237494,True,False,False,False,False,False,False,False,True,False,False,True,False,False
SHIP-11009,2025-11-25,Mumbai,Chandigarh,Apparel,125,18227.54,347,411.69,3,3,On-Time,0,10101,12000,1.3,-1.2510840711032114,0.10510017838905812,-1.3591541701845569,0.11470439615967662,False,False,True,False,False,False,False,False,False,False,True,True,False,False
SHIP-11010,2025-09-30,Kolkata,Chandigarh,Consumer Goods,102,17008.85,953,815.08,6,6,On-Time,0,4064,7500,1.3,-0.496935648045289,0.30104398279984595,-0.30407137845502613,0.42091965639211726,False,False,True,False,False,False,False,True,False,False,False,True,False,False
SHIP-11011,2025-09-22,Delhi,Surat,Automotive Parts,51,927.0,977,811.21,5,5,On-Time,0,5260,10000,1.72,-0.5041707168304205,0.2991641580072885,-0.2622859213568269,0.4330469934310258,False,False,True,False,False,False,False,False,True,False,False,False,False,True
SHIP-11012,2025-02-07,Bengaluru,Kochi,Apparel,293,15561.27,1388,935.19,9,9,On-Time,0,6823,8500,1.53,-0.27238678195171434,0.35938655536679043,0.4532900314498351,0.6407276402223346,False,True,False,False,True,False,False,False,False,True,False,False,False,False
SHIP-11013,2025-04-04,Kolkata,Jaipur,Apparel,388,95624.53,937,965.77,5,5,On-Time,0,4237,7500,1.24,-0.21521665186145128,0.3742405714278774,-0.33192834985382563,0.41283476503284494,False,False,True,False,False,False,False,True,False,False,False,True,False,False
SHIP-11014,2025-04-05,Bengaluru,Chandigarh,Consumer Goods,219,7196.01,1669,1010.08,11,12,Delayed,1,3836,8500,1.58,-0.13237791856192332,0.39576383668839954,0.9425280916412512,0.7827185447195554,False,True,False,False,True,False,False,False,False,True,False,False,False,False
SHIP-11015,2025-11-01,Delhi,Patna,Industrial Equipment,215,37520.77,1137,1031.37,6,9,Delayed,3,8786,10000,1.58,-0.09257569260961152,0.40610530176166776,0.01628379263116805,0.5138959070237494,False,False,True,False,True,False,False,False,True,False,False,True,False,False
SHIP-11016,2025-03-10,Mumbai,Kochi,Electronics,229,12910.89,647,653.75,4,3,Early,0,8913,12000,1.55,-0.7985464095711936,0.2226790903493826,-0.8368359564570664,0.2662961091460334,False,False,True,False,False,True,False,False,False,False,True,False,False,False
SHIP-11017,2025-11-14,Kolkata,Jaipur,Perishables,289,53010.94,1069,1737.11,5,5,On-Time,0,4943,7500,1.23,1.2268241638293143,0.7489134539837591,-0.1021083358137298,0.47953511874684185,True,False,False,False,False,False,False,True,False,False,False,True,False,False
SHIP-11018,2025-08-24,Bengaluru,Kanpur,Consumer Goods,145,26231.62,546,548.35,4,4,On-Time,0,6724,8500,1.39,-0.9955945361739974,0.1714817949655183,-1.0126830884119882,0.21526023244062661,False,False,True,False,False,False,False,False,False,True,False,True,False,False
SHIP-11019,2025-11-30,Delhi,Kanpur,Electronics,115,8054.23,161,256.09,2,2,On-Time,0,6066,10000,1.21,-1.541982443962759,0.029518592414396916,-1.682991462695601,0.02071753410813542,False,False,True,False,False,False,False,False,True,False,False,True,False,False
SHIP-11020,2025-05-17,Kolkata,Kochi,Consumer Goods,127,9952.24,584,558.22,4,4,On-Time,0,6736,7500,1.64,-0.9771423064816855,0.17627607680080049,-0.9465227813398395,0.23446184941889844,False,False,True,False,False,False,False,True,False,False,False,True,False,False
SHIP-11021,2025-03-17,Delhi,Indore,Electronics,246,41542.29,1765,1531.79,9,13,Delayed,4,4822,10000,1.54,0.8429729175855981,0.6491807339817189,1.1096699200340483,0.8312278928751896,False,False,True,False,False,False,True,False,True,False,False,False,False,True
SHIP-11022,2025-02-04,Kolkata,Indore,Apparel,318,33921.13,397,524.89,4,5,Delayed,1,5634,7500,1.45,-1.039453635321073,0.1600862679284646,-1.2721011345633086,0.13996968165740273,False,False,True,False,True,False,False,True,False,False,False,False,False,False
SHIP-11023,2025-01-01,Delhi,Patna,Automotive Parts,397,24105.35,955,1622.21,4,5,Delayed,1,8153,10000,1.36,1.012015532456808,0.6931016016155807,-0.3005892570301762,0.4219302678120263,True,False,False,False,True,False,False,False,True,False,False,True,False,False
SHIP-11024,2025-10-23,Nagpur,Jaipur,Automotive Parts,109,20376.97,138,281.77,2,2,On-Time,0,4022,6000,1.26,-1.4939729952800263,0.04199246855725873,-1.7230358590813755,0.009095502779181398,True,False,False,False,False,False,False,False,False,False,False,False,False,False
SHIP-11025,2025-11-16,Mumbai,Jaipur,Electronics,270,13830.66,185,330.68,3,4,Delayed,1,9658,12000,1.21,-1.4025344386183265,0.0657501508838698,-1.6412060055974018,0.032844871147043965,False,False,True,False,True,False,False,False,False,False,True,False,False,False
SHIP-11026,2025-03-01,Mumbai,Kochi,Electronics,314,67847.95,286,428.25,3,3,On-Time,0,10627,12000,1.73,-1.2201247069993935,0.11314407982697837,-1.46535887364248,0.08388074785245073,False,False,True,False,False,False,False,False,False,False,True,False,False,False
SHIP-11027,2025-11-16,Delhi,Lucknow,Industrial Equipment,363,49348.88,1728,2254.0225000000005,6,7,Delayed,1,7996,10000,1.27,2.193205945068137,1.0000000000000002,1.0452506736743243,0.8125315816068722,True,False,False,False,True,False,False,False,True,False,False,True,False,False
SHIP-11028,2025-12-15,Mumbai,Kanpur,Perishables,295,11752.69,1139,1065.58,6,7,Delayed,1,7144,12000,1.19,-0.02861918017050406,0.42272256433360317,0.019765914056017988,0.5149065184436584,False,False,True,False,True,False,False,False,False,False,True,False,False,True
SHIP-11029,2025-11-24,Nagpur,Jaipur,Consumer Goods,337,60022.06,522,640.43,5,4,Early,0,4284,6000,1.73,-0.8234485067851344,0.21620899571453372,-1.0544685455101874,0.20313289540171806,False,False,True,False,False,False,False,False,False,False,False,False,True,False
SHIP-11030,2025-09-24,Nagpur,Kochi,Consumer Goods,112,15344.37,2055,1181.57,12,11,Early,0,5270,6000,1.48,0.18822723543347333,0.4790638763978767,1.614577526637289,0.9777665487620012,False,True,False,False,False,False,False,False,False,False,False,False,False,False
SHIP-11031,2025-12-27,Mumbai,Coimbatore,Consumer Goods,72,6123.13,1965,1143.76,12,14,Delayed,2,7932,12000,1.63,0.11754042645005774,0.4606979396003064,1.4578820625190418,0.932289034866094,False,True,False,True,False,False,False,False,False,False,True,False,False,True
SHIP-11032,2025-08-17,Mumbai,Surat,Automotive Parts,184,21030.6,528,558.04,5,5,On-Time,0,9244,12000,1.18,-0.9774788213089011,0.1761886430895187,-1.0440221812356376,0.2061647296614452,False,False,True,False,False,False,False,False,False,False,True,True,False,False
SHIP-11033,2025-09-27,Kolkata,Coimbatore,Apparel,291,24766.83,231,378.4,3,7,Delayed,4,5015,7500,1.49,-1.3133206188698847,0.08892979923034043,-1.5611172128258533,0.056088933804951994,False,False,True,False,False,False,False,True,False,False,False,True,False,False
SHIP-11034,2025-11-12,Nagpur,Bhopal,Consumer Goods,302,23196.94,1417,1290.42,7,7,On-Time,0,3042,6000,1.39,0.3917252295579062,0.5319369845813079,0.5037807921101592,0.6553815058110157,False,False,True,False,False,False,False,False,False,False,False,False,False,True
SHIP-11035,2025-10-13,Bengaluru,Patna,Consumer Goods,235,12560.28,1550,1002.75,10,10,On-Time,0,4059,8500,1.61,-0.14608155013686222,0.3922033416678708,0.73534186686268,0.7225871652349672,False,True,False,False,False,False,False,False,False,True,False,False,False,False
SHIP-11036,2025-10-18,Mumbai,Jaipur,Automotive Parts,16,1604.0,1516,864.35,9,11,Delayed,2,10770,12000,1.17,-0.40482406172915864,0.3249765325490205,0.676145802640231,0.7054067710965135,False,True,False,False,True,False,False,False,False,False,True,True,False,False
SHIP-11037,2025-08-01,Mumbai,Bhopal,Electronics,136,10061.55,716,639.71,5,6,Delayed,1,8854,12000,1.39,-0.8247945660939959,0.21585926086940677,-0.7167027672997436,0.30116220313289543,False,False,True,False,True,False,False,False,False,False,True,False,False,True
SHIP-11038,2025-06-14,Bengaluru,Chandigarh,Consumer Goods,433,76037.88,770,819.29,6,8,Delayed,2,4239,8500,1.63,-0.4890649401420842,0.3030889601581578,-0.6226854888287954,0.32844871147043964,False,False,True,True,False,False,False,False,False,True,False,False,False,True
SHIP-11039,2025-01-05,Delhi,Bhopal,Apparel,101,17746.81,1182,1030.86,7,7,On-Time,0,8529,10000,1.46,-0.09352915128672183,0.4058575729130361,0.09463152469029162,0.5366346639717029,False,False,True,False,False,False,False,False,True,False,False,False,False,True
SHIP-11040,2025-12-05,Bengaluru,Kochi,Electronics,432,57426.82,224,426.11,2,4,Delayed,2,5913,8500,1.48,-1.2241254943896211,0.11210459014840655,-1.5733046378128281,0.052551793835270345,False,False,True,False,True,False,False,False,False,True,False,False,False,False
SHIP-11041,2025-03-19,Mumbai,Jaipur,Electronics,199,39365.58,443,481.14,3,5,Delayed,2,9753,12000,1.21,-1.1212454336025974,0.13883501865859682,-1.19201234179176,0.16321374431531077,False,False,True,True,False,False,False,False,False,False,True,False,False,False
SHIP-11042,2025-03-03,Kolkata,Surat,Industrial Equipment,368,78279.06,1936,1263.72,12,13,Delayed,1,3821,7500,1.23,0.3418088635209529,0.5189676507411828,1.4073913018587179,0.917635169277413,False,True,False,False,False,False,False,True,False,False,False,True,False,False
SHIP-11043,2025-05-12,Delhi,Kochi,Automotive Parts,62,9377.2,1111,935.85,7,7,On-Time,0,8762,10000,1.56,-0.27115289425192457,0.35970714564149014,-0.02898378589188113,0.5007579585649319,False,False,True,False,False,False,False,False,True,False,False,False,False,False
SHIP-11044,2025-03-30,Bengaluru,Kochi,Automotive Parts,251,40272.89,1557,1368.79,9,13,Delayed,4,6184,8500,1.56,0.5382400462738617,0.5700046509876973,0.7475292918496548,0.7261243052046489,False,False,True,False,False,False,True,False,False,True,False,True,False,False
SHIP-11045,2025-08-25,Mumbai,Patna,Automotive Parts,141,11488.42,548,561.02,5,5,On-Time,0,9563,12000,1.74,-0.971907631391668,0.17763615675407196,-1.0092009669871382,0.21627084386053566,False,False,True,False,False,False,False,False,False,False,True,True,False,False
SHIP-11046,2025-02-11,Bengaluru,Patna,Apparel,373,84034.76,754,813.0,6,6,On-Time,0,3950,8500,1.58,-0.500824263826445,0.3000336376917014,-0.6505424602275949,0.3203638201111673,False,False,True,False,False,False,False,False,False,True,False,True,False,False
SHIP-11047,2025-03-30,Delhi,Kanpur,Industrial Equipment,121,2503.3,849,1367.92,4,4,On-Time,0,5981,10000,1.45,0.5366135579423207,0.5695820547165023,-0.48514169254722284,0.36836786255684695,True,False,False,False,False,False,False,False,True,False,False,True,False,False
SHIP-11048,2025-10-23,Bengaluru,Kanpur,Consumer Goods,418,40513.22,1008,1026.66,7,7,On-Time,0,4893,8500,1.66,-0.10138116392174784,0.4038174529831289,-0.20831303927165287,0.448711470439616,False,False,True,False,False,False,False,False,False,True,False,True,False,False
SHIP-11049,2025-11-24,Bengaluru,Indore,Apparel,16,2953.97,1204,706.42,9,9,On-Time,0,7618,8500,1.21,-0.7000784320743277,0.24826316575610113,0.13293486036364094,0.5477513895907025,False,True,False,False,False,False,False,False,False,True,False,True,False,False
SHIP-11050,2025-10-22,Bengaluru,Lucknow,Perishables,239,8083.23,1755,1512.1,9,11,Delayed,2,4565,8500,1.42,0.8061619345418675,0.6396164574531773,1.0922593129097986,0.8261748357756443,False,False,True,False,False,False,False,False,False,True,False,False,False,False
SHIP-11051,2025-04-14,Bengaluru,Jaipur,Electronics,165,9577.4,1450,2254.0225000000005,5,5,On-Time,0,6649,8500,1.32,2.193205945068137,1.0000000000000002,0.5612357956201831,0.672056594239515,False,False,False,False,True,False,False,False,False,True,False,True,False,False
SHIP-11052,2025-01-14,Bengaluru,Jaipur,Consumer Goods,206,31617.32,1497,1272.19,7,7,On-Time,0,3995,8500,1.21,0.3576437556682561,0.5230818925998293,0.6430656491041566,0.6958059626073776,False,False,True,False,False,False,False,False,False,True,False,False,False,False
SHIP-11053,2025-10-15,Kolkata,Bhopal,Consumer Goods,332,48670.71,512,581.07,5,8,Delayed,3,4071,7500,1.61,-0.9344236186935064,0.18737530070517716,-1.0718791526344371,0.19807983830217282,False,False,True,True,False,False,False,True,False,False,False,True,False,False
SHIP-11054,2025-06-28,Mumbai,Jaipur,Electronics,373,70365.76,323,484.88,3,3,On-Time,0,7309,12000,1.46,-1.1142534033037883,0.14065169688189522,-1.4009396272827561,0.10257705912076806,False,False,True,False,False,False,False,False,False,False,True,False,True,False
SHIP-11055,2025-05-05,Kolkata,Jaipur,Electronics,232,47783.64,377,450.01,3,6,Delayed,3,6175,7500,1.48,-1.1794438034426855,0.12371384403526005,-1.306922348811808,0.1298635674583123,False,False,True,False,False,True,False,True,False,False,False,False,False,False
SHIP-11056,2025-12-19,Mumbai,Lucknow,Automotive Parts,376,17001.29,605,1131.37,4,5,Delayed,1,9855,12000,1.4,0.09437698917672986,0.45467958580707984,-0.9099605063789151,0.2450732693279434,True,False,False,False,False,True,False,False,False,False,True,True,False,False
SHIP-11057,2025-01-23,Delhi,Chandigarh,Perishables,259,5003.76,1660,1048.55,10,10,On-Time,0,8977,10000,1.43,-0.060457221878717944,0.4144503637606695,0.9268585452294265,0.7781707933299647,False,True,False,True,False,False,False,False,True,False,False,False,False,False
SHIP-11058,2025-03-04,Delhi,Kanpur,Consumer Goods,413,73127.87,565,681.25,4,4,On-Time,0,8808,10000,1.22,-0.7471344220799497,0.23603701846187097,-0.9796029348759139,0.22486104092976253,False,False,True,False,False,False,True,False,True,False,False,False,False,True
SHIP-11059,2025-05-23,Mumbai,Kanpur,Electronics,92,7896.09,1852,1074.08,12,12,On-Time,0,5859,12000,1.55,-0.012728202218665042,0.4268513784774632,1.2611422020150205,0.875189489641233,False,True,False,False,True,False,False,False,False,False,True,False,False,False
SHIP-11060,2025-06-02,Kolkata,Surat,Electronics,249,40364.45,1323,2254.0225000000005,5,8,Delayed,3,6300,7500,1.41,2.193205945068137,1.0000000000000002,0.3401210851422122,0.6078827690752906,False,False,False,False,False,False,True,True,False,False,False,False,False,True
SHIP-11061,2025-05-25,Kolkata,Jaipur,Automotive Parts,389,19597.03,1143,1121.99,7,7,On-Time,0,4965,7500,1.64,0.07684082762517126,0.4501233179636202,0.02673015690571786,0.5169277412834765,False,False,True,False,False,False,False,True,False,False,False,False,False,True
SHIP-11062,2025-08-13,Kolkata,Lucknow,Consumer Goods,404,50590.66,461,611.83,3,3,On-Time,0,6427,7500,1.27,-0.8769169737760278,0.20231675047754588,-1.1606732489681106,0.17230924709449216,False,False,True,False,False,False,False,True,False,False,False,False,False,False
SHIP-11063,2025-11-05,Bengaluru,Kanpur,Consumer Goods,369,49276.19,252,588.69,3,5,Delayed,2,4181,8500,1.27,-0.9201778243413872,0.19107666114943755,-1.524554937864929,0.06670035371399696,True,False,False,True,False,False,False,False,False,True,False,False,False,True
SHIP-11064,2025-04-14,Mumbai,Lucknow,Consumer Goods,332,50627.77,562,644.68,4,4,On-Time,0,10040,12000,1.54,-0.8155030178092149,0.21827340278646373,-0.9848261170131888,0.22334512379989893,False,False,True,False,False,False,False,False,False,False,True,True,False,False
SHIP-11065,2025-04-14,Delhi,Coimbatore,Consumer Goods,272,36881.83,1979,2254.0225000000005,7,9,Delayed,2,5250,10000,1.66,2.193205945068137,1.0000000000000002,1.4822569124929914,0.9393633148054573,True,False,False,True,False,False,False,False,True,False,False,False,False,False
SHIP-11066,2025-02-08,Mumbai,Chandigarh,Consumer Goods,416,54698.73,372,514.7,4,7,Delayed,3,7282,12000,1.43,-1.0585041135951012,0.15513654838423713,-1.3156276523739328,0.12733703890853967,False,False,True,False,False,False,True,False,False,False,True,False,False,True
SHIP-11067,2025-07-17,Mumbai,Jaipur,Automotive Parts,198,18452.12,384,474.42,3,3,On-Time,0,5562,12000,1.59,-1.1338086538186394,0.13557082677074517,-1.2947349238248331,0.13340070742799395,False,False,True,False,False,False,False,False,False,False,True,False,False,True
SHIP-11068,2025-05-14,Delhi,Surat,Apparel,375,11897.76,212,399.02,2,6,Delayed,4,5081,10000,1.75,-1.274770975885541,0.0989458166005044,-1.5941973663619278,0.046488125315816066,False,False,True,True,False,False,False,False,True,False,False,True,False,False
SHIP-11069,2025-03-08,Delhi,Bhopal,Apparel,299,10775.14,1805,1601.42,9,11,Delayed,2,6594,10000,1.74,0.9731480699134278,0.6830030079625394,1.1793123485310468,0.8514401212733704,False,False,True,False,False,False,False,False,True,False,False,False,False,True
SHIP-11070,2025-06-28,Bengaluru,Kanpur,Consumer Goods,371,43383.96,1554,1428.4,9,11,Delayed,2,7094,8500,1.6,0.6496825398867,0.5989597817071675,0.7423061097123799,0.7246083880747853,False,False,True,False,False,False,False,False,False,True,False,False,True,False
SHIP-11071,2025-02-11,Kolkata,Coimbatore,Industrial Equipment,412,40627.89,257,425.11,4,4,On-Time,0,6102,7500,1.59,-1.2259950212074846,0.11161884730795245,-1.515849634302804,0.06922688226376958,False,False,True,False,False,False,False,True,False,False,False,True,False,False
SHIP-11072,2025-01-15,Nagpur,Lucknow,Apparel,67,9131.54,1351,798.35,9,9,On-Time,0,3363,6000,1.3,-0.5282128317081439,0.2929175050790485,0.3888707850901113,0.6220313289540172,False,True,False,False,False,False,False,False,False,False,False,False,False,True
SHIP-11073,2025-04-21,Nagpur,Patna,Electronics,18,1559.47,1121,2078.52,3,4,Delayed,1,3127,6000,1.65,1.8650993147160624,0.9147509171432004,-0.011573178767631444,0.5058110156644771,False,False,False,False,True,False,False,False,False,False,False,False,False,False
SHIP-11074,2025-06-06,Bengaluru,Kochi,Apparel,313,55294.23,1780,1557.75,9,10,Delayed,1,5380,8500,1.39,0.8915058337773324,0.661790618119908,1.1357858307204227,0.8388074785245074,False,False,True,False,True,False,False,False,False,True,False,False,False,False
SHIP-11075,2025-10-16,Mumbai,Jaipur,Consumer Goods,124,27035.64,1889,1568.81,9,11,Delayed,2,10381,12000,1.73,0.9121828003829017,0.6671629339353305,1.3255614483747442,0.8938858009095504,False,False,True,False,False,False,False,False,False,False,True,False,False,True
SHIP-11076,2025-08-19,Bengaluru,Jaipur,Industrial Equipment,219,18665.99,1716,1453.2,8,8,On-Time,0,4190,8500,1.2,0.6960468049697126,0.6110062041504296,1.0243579451252247,0.8064679130874179,False,False,True,True,False,False,False,False,False,True,False,True,False,False
SHIP-11077,2025-06-06,Kolkata,Coimbatore,Consumer Goods,50,3017.56,426,433.54,4,4,On-Time,0,5288,7500,1.41,-1.210234910132896,0.11571365945298069,-1.2216103739029844,0.15462354724608388,False,False,True,False,True,False,False,True,False,False,False,False,True,False
SHIP-11078,2025-02-07,Delhi,Lucknow,Perishables,313,13240.66,385,498.31,3,3,On-Time,0,4917,10000,1.48,-1.0891456581398828,0.14717522322919407,-1.2929938631124083,0.13390601313794845,False,False,True,False,False,False,False,False,True,False,False,False,False,False
SHIP-11079,2025-04-07,Mumbai,Indore,Electronics,182,29087.19,765,758.82,5,5,On-Time,0,8051,12000,1.39,-0.6021152268182847,0.27371609059589713,-0.6313907923909202,0.32592218292066705,False,False,True,False,False,False,False,False,False,False,True,True,False,False
SHIP-11080,2025-10-16,Kolkata,Jaipur,Industrial Equipment,243,28991.4,437,523.6,4,7,Delayed,3,3821,7500,1.28,-1.041865324916117,0.15945965966427883,-1.20245870606631,0.16018191005558363,False,False,True,False,False,False,True,True,False,False,False,True,False,False
SHIP-11081,2025-09-11,Mumbai,Indore,Apparel,290,17163.27,1256,1177.89,8,10,Delayed,2,5853,12000,1.51,0.18134737674373627,0.4772763427450056,0.2234700174097393,0.5740272865083376,False,False,True,True,False,False,False,False,False,False,True,False,False,True
SHIP-11082,2025-07-15,Bengaluru,Patna,Industrial Equipment,381,64193.6,1020,1023.85,6,6,On-Time,0,4587,8500,1.6,-0.10663453427994414,0.4024525156014528,-0.18742031072255325,0.4547751389590703,False,False,True,False,False,False,False,False,False,True,False,True,False,False
SHIP-11083,2025-03-27,Bengaluru,Coimbatore,Consumer Goods,87,4340.74,1521,2254.0225000000005,5,5,On-Time,0,4844,8500,1.54,2.193205945068137,1.0000000000000002,0.6848511062023559,0.707933299646286,True,False,False,False,False,False,False,False,False,True,False,True,False,False
SHIP-11084,2025-11-18,Delhi,Lucknow,Consumer Goods,117,16995.5,573,560.46,4,6,Delayed,2,5798,10000,1.29,-0.9729545664096714,0.17736414076341772,-0.9656744491765141,0.22890348660939872,False,False,True,True,False,False,False,False,True,False,False,False,False,False
SHIP-11085,2025-01-10,Mumbai,Lucknow,Industrial Equipment,290,40275.16,310,465.03,3,2,Early,0,9039,12000,1.59,-1.151363510638377,0.13100970149888091,-1.4235734165442808,0.09600808489135929,False,False,True,False,True,False,False,False,False,False,True,True,False,False
SHIP-11086,2025-01-05,Mumbai,Chandigarh,Electronics,412,77267.94,2034,1335.18,12,12,On-Time,0,5710,12000,1.3,0.47540524992547256,0.5536788341200343,1.5780152516763646,0.9671551288529562,False,True,False,False,False,False,False,False,False,False,True,False,False,False
SHIP-11087,2025-05-03,Delhi,Kochi,Electronics,48,1341.64,1583,2254.0225000000005,4,5,Delayed,1,4879,10000,1.26,2.193205945068137,1.0000000000000002,0.792796870372704,0.7392622536634664,False,False,False,False,True,False,False,False,True,False,False,True,False,False
SHIP-11088,2025-11-26,Delhi,Kanpur,Apparel,128,28627.22,1330,864.37,9,9,On-Time,0,5386,10000,1.56,-0.40478667119280143,0.3249862474058296,0.35230851012918696,0.6114199090449722,False,True,False,False,False,False,False,False,True,False,False,False,False,False
SHIP-11089,2025-12-19,Kolkata,Kanpur,Apparel,344,61989.85,950,958.68,6,12,Delayed,6,6449,7500,1.66,-0.22847159700010294,0.3707966546890577,-0.30929456059230104,0.4194037392622537,False,False,True,True,False,False,False,True,False,False,False,False,False,False
SHIP-11090,2025-04-28,Mumbai,Bhopal,Consumer Goods,345,22697.42,1510,1384.94,9,9,On-Time,0,8945,12000,1.44,0.568432904382356,0.5778493978610314,0.6656994383656812,0.7023749368367863,False,False,True,False,False,False,False,False,False,False,True,True,False,False
SHIP-11091,2025-10-21,Bengaluru,Surat,Consumer Goods,36,2091.61,1232,714.86,9,9,On-Time,0,6742,8500,1.47,-0.6842996257315603,0.25236283532953396,0.18168456031154004,0.5618999494694291,False,True,False,False,False,False,False,False,False,True,False,False,False,True
SHIP-11092,2025-06-08,Mumbai,Coimbatore,Consumer Goods,113,13157.74,306,335.5,3,3,On-Time,0,7488,12000,1.33,-1.393523319356225,0.06809143137485867,-1.4305376593939807,0.09398686205154119,False,False,True,False,False,False,False,False,False,False,True,True,False,False
SHIP-11093,2025-10-30,Nagpur,Patna,Industrial Equipment,83,17191.61,938,799.4,5,6,Delayed,1,3301,6000,1.45,-0.5262498285493874,0.2934275350615253,-0.33018728914140066,0.41334007074279944,False,False,True,False,False,True,False,False,False,False,False,False,False,False
SHIP-11094,2025-08-16,Mumbai,Lucknow,Apparel,200,42618.65,2089,2254.0225000000005,6,5,Early,0,5614,12000,1.23,2.193205945068137,1.0000000000000002,1.673773590859738,0.9949469429004548,True,False,False,True,False,False,False,False,False,False,True,False,False,False
SHIP-11095,2025-08-04,Mumbai,Kochi,Automotive Parts,333,45723.29,1140,1086.13,6,6,On-Time,0,8155,12000,1.72,0.009799595936589434,0.4327045797049354,0.021506974768442953,0.515411824153613,False,False,True,False,True,False,False,False,False,False,True,False,False,True
SHIP-11096,2025-07-03,Nagpur,Indore,Perishables,156,33897.33,251,336.63,4,3,Early,0,4319,6000,1.63,-1.3914107540520395,0.06864032078457181,-1.5262959985773539,0.06619504800404244,False,False,True,False,True,False,False,False,False,False,False,False,False,True
SHIP-11097,2025-01-15,Kolkata,Coimbatore,Consumer Goods,264,4297.73,991,941.69,5,5,On-Time,0,6536,7500,1.55,-0.26023485763560217,0.36254388382974223,-0.23791107138287734,0.4401212733703891,False,False,True,False,False,False,False,True,False,False,False,True,False,False
SHIP-11098,2025-06-06,Delhi,Bhopal,Electronics,293,6816.95,754,1273.75,3,6,Delayed,3,8645,10000,1.47,0.3605602175041229,0.5238396514309377,-0.6505424602275949,0.3203638201111673,True,False,False,False,False,False,True,False,True,False,False,False,False,False
SHIP-11099,2025-05-16,Kolkata,Coimbatore,Electronics,222,50899.73,1703,2254.0225000000005,4,4,On-Time,0,4872,7500,1.63,2.193205945068137,1.0000000000000002,1.0017241558637002,0.7998989388580092,False,False,False,False,False,False,False,True,False,False,False,False,False,True
SHIP-11100,2025-09-18,Mumbai,Bhopal,Consumer Goods,132,26030.8,1943,1141.83,11,11,On-Time,0,7788,12000,1.45,0.11393223969158124,0.45976045591822995,1.4195787268456925,0.9211723092470946,False,True,False,True,False,False,False,False,False,False,True,True,False,False
SHIP-11101,2025-06-06,Mumbai,Lucknow,Perishables,215,25996.92,1519,1336.47,9,9,On-Time,0,6308,12000,1.33,0.4778169395205163,0.5543054423842201,0.681368984777506,0.706922688226377,False,False,True,False,False,False,False,False,False,False,True,False,False,True
SHIP-11102,2025-02-16,Delhi,Surat,Apparel,426,81833.91,810,1405.96,3,3,On-Time,0,5710,10000,1.25,0.6077303580938449,0.588059712367377,-0.5530430603317966,0.34866093986862057,True,False,False,False,False,False,False,False,True,False,False,True,False,False
SHIP-11103,2025-11-20,Delhi,Bhopal,Consumer Goods,249,59654.24,811,793.56,6,6,On-Time,0,8850,10000,1.54,-0.5371678651657098,0.29059079687327327,-0.5513019996193717,0.34916624557857506,False,False,True,False,False,False,False,False,True,False,False,False,False,False
SHIP-11104,2025-11-28,Kolkata,Lucknow,Consumer Goods,403,79165.74,1242,1213.37,6,6,On-Time,0,3872,7500,1.71,0.2476781882415298,0.4945104987243177,0.19909516743578973,0.5669530065689743,False,False,True,True,False,False,False,True,False,False,False,True,False,False
SHIP-11105,2025-06-22,Mumbai,Lucknow,Apparel,348,74109.13,1985,1252.88,11,13,Delayed,2,10863,12000,1.24,0.3215431928153137,0.5137021983506602,1.4927032767675412,0.9423951490651846,False,True,False,True,False,False,False,False,False,False,True,False,False,True
SHIP-11106,2025-05-10,Mumbai,Surat,Apparel,295,57154.05,1177,1092.33,6,6,On-Time,0,8246,12000,1.26,0.02139066220734226,0.4357161853157509,0.08592622112816678,0.5341081354219304,False,False,True,False,True,False,False,False,False,False,True,True,False,False
SHIP-11107,2025-04-05,Kolkata,Kanpur,Electronics,31,1690.42,2075,2254.0225000000005,6,6,On-Time,0,4984,7500,1.41,2.193205945068137,1.0000000000000002,1.6493987408857884,0.9878726629610916,False,False,False,False,False,False,False,True,False,False,False,True,False,False
SHIP-11108,2025-04-25,Kolkata,Coimbatore,Perishables,268,56518.5,701,1218.77,3,6,Delayed,3,3990,7500,1.63,0.2577736330579924,0.49713351006277,-0.7428186779861181,0.2935826174835776,True,False,False,False,False,False,True,True,False,False,False,False,False,True
SHIP-11109,2025-08-31,Delhi,Jaipur,Apparel,366,22271.31,290,472.85,3,3,On-Time,0,7609,10000,1.33,-1.136743810922685,0.1348082105112322,-1.4583946307927802,0.08590197069226882,False,False,True,False,False,False,False,False,True,False,False,False,True,False
SHIP-11110,2025-10-19,Bengaluru,Jaipur,Electronics,114,25623.06,1509,921.3,9,10,Delayed,1,5662,8500,1.3,-0.29835450945183734,0.35263958731288264,0.6639583776532563,0.7018696311268318,False,True,False,True,False,False,False,False,False,True,False,False,False,False
SHIP-11111,2025-10-09,Delhi,Indore,Automotive Parts,441,54147.18,903,1569.07,5,5,On-Time,0,6242,10000,1.52,0.9126688773555461,0.6672892270738486,-0.3911244140762746,0.39565437089439115,True,False,False,False,True,False,False,False,True,False,False,True,False,False
SHIP-11112,2025-10-26,Kolkata,Indore,Electronics,267,46481.91,1202,2254.0225000000005,5,5,On-Time,0,4307,7500,1.47,2.193205945068137,1.0000000000000002,0.129452738938791,0.5467407781707934,False,False,False,False,False,False,False,True,False,False,False,True,False,False
SHIP-11113,2025-10-10,Bengaluru,Jaipur,Automotive Parts,213,28084.39,300,389.01,3,3,On-Time,0,4090,8500,1.19,-1.2934849393323538,0.09408353076755867,-1.4409840236685305,0.09095502779181405,False,False,True,False,False,False,False,False,False,True,False,False,False,False
SHIP-11114,2025-03-10,Nagpur,Patna,Perishables,319,11831.03,138,311.93,3,3,On-Time,0,4164,6000,1.2,-1.4375880664532656,0.05664247262535503,-1.7230358590813755,0.009095502779181398,False,False,True,False,False,False,False,False,False,False,False,False,False,True
SHIP-11115,2025-05-28,Delhi,Jaipur,Industrial Equipment,271,22579.65,1369,892.46,8,8,On-Time,0,5970,10000,1.54,-0.35227166287901807,0.33863076379418583,0.4202098779137607,0.6311268317331986,False,True,False,False,False,False,False,False,True,False,False,True,False,False
SHIP-11116,2025-01-11,Delhi,Indore,Industrial Equipment,116,28556.53,1616,2254.0225000000005,5,6,Delayed,1,7826,10000,1.43,2.193205945068137,1.0000000000000002,0.8502518738827279,0.7559373420919657,True,False,False,False,False,False,False,False,True,False,False,False,False,False
SHIP-11117,2025-09-11,Mumbai,Kochi,Consumer Goods,260,62599.67,1238,826.38,9,9,On-Time,0,9480,12000,1.73,-0.4758099950034325,0.3065328768969775,0.19213092458608985,0.5649317837291562,False,True,False,False,False,False,False,False,False,False,True,False,False,False
SHIP-11118,2025-11-26,Mumbai,Indore,Perishables,433,39106.14,1000,1033.57,5,5,On-Time,0,7273,12000,1.56,-0.08846273361031191,0.4071739360106668,-0.22224152497105262,0.4446690247599798,False,False,True,False,False,False,False,False,False,False,True,False,True,False
SHIP-11119,2025-12-26,Delhi,Patna,Apparel,230,57299.84,1440,900.56,9,10,Delayed,1,7644,10000,1.16,-0.33712849565432457,0.34256528080186416,0.5438251884959334,0.6670035371399697,False,True,False,False,True,False,False,False,True,False,False,False,True,False
SHIP-11120,2025-02-07,Nagpur,Coimbatore,Industrial Equipment,388,82917.36,1736,1150.2,11,13,Delayed,2,3429,6000,1.44,0.12958017915709824,0.463826123492831,1.059179159373724,0.8165740272865084,False,True,False,True,False,False,False,False,False,False,False,False,False,False
SHIP-11121,2025-05-14,Delhi,Jaipur,Perishables,231,36630.94,294,432.04,4,4,On-Time,0,7917,10000,1.4,-1.2130392003596913,0.1149850451922995,-1.4514303879430803,0.08792319353208691,False,False,True,False,False,False,False,False,True,False,False,True,False,False
SHIP-11122,2025-07-19,Mumbai,Surat,Perishables,267,6522.62,1365,889.51,9,8,Early,0,5490,12000,1.21,-0.3577867669917152,0.3371978224148462,0.4132456350640608,0.6291056088933805,False,True,False,False,False,False,False,False,False,False,True,True,False,False
SHIP-11123,2025-01-23,Kolkata,Kochi,Automotive Parts,210,47636.4,1758,1492.68,10,10,On-Time,0,3909,7500,1.7,0.7698557237389603,0.6301833314915584,1.0974824950470734,0.8276907529055079,False,False,True,False,False,False,False,True,False,False,False,False,False,True
SHIP-11124,2025-10-30,Mumbai,Lucknow,Consumer Goods,376,54894.45,173,355.93,2,2,On-Time,0,6781,12000,1.63,-1.3553288864672755,0.07801515760533635,-1.6620987341465014,0.0267812026275897,False,False,True,False,False,False,False,False,False,False,True,False,False,True
SHIP-11125,2025-12-12,Kolkata,Patna,Perishables,267,58497.54,814,808.89,5,7,Delayed,2,6099,7500,1.29,-0.5085080190478636,0.2980372346174349,-0.5460788174820967,0.35068216270843866,False,False,True,True,False,False,False,True,False,False,False,False,False,True
SHIP-11126,2025-10-29,Delhi,Indore,Apparel,358,75570.52,982,1670.72,4,5,Delayed,1,4811,10000,1.3,1.1027062783913624,0.71666498680601,-0.25358061779470203,0.43557352198079846,True,False,False,False,True,False,False,False,True,False,False,False,False,True
SHIP-11127,2025-12-29,Mumbai,Surat,Perishables,234,49317.01,1546,956.65,9,9,On-Time,0,6460,12000,1.17,-0.23226673644036563,0.3698105967229358,0.7283776240129801,0.7205659423951492,False,True,False,True,False,False,False,False,False,False,True,False,False,True
SHIP-11128,2025-08-06,Delhi,Bhopal,Apparel,211,37783.95,1461,1239.54,7,7,On-Time,0,6185,10000,1.33,0.2966037050650155,0.5072223888590022,0.5803874634568578,0.6776149570490148,False,False,True,False,False,False,False,False,True,False,False,False,False,True
SHIP-11129,2025-05-21,Delhi,Kanpur,Consumer Goods,235,19618.4,2010,1249.06,12,13,Delayed,1,4543,10000,1.5,0.3144016003710751,0.5118466607001254,1.5362297945781656,0.9550277918140476,False,True,False,False,True,False,False,False,True,False,False,True,False,False
SHIP-11130,2025-04-14,Nagpur,Jaipur,Consumer Goods,245,23029.43,468,890.91,3,2,Early,0,4849,6000,1.4,-0.3551694294467065,0.33787786239148193,-1.1484858239811357,0.17584638706417383,True,False,False,False,False,False,False,False,False,False,False,True,False,False
SHIP-11131,2025-07-29,Delhi,Kanpur,Apparel,192,16798.13,562,605.42,4,7,Delayed,3,7132,10000,1.73,-0.8889006406785325,0.19920313887023494,-0.9848261170131888,0.22334512379989893,False,False,True,True,False,False,False,False,True,False,False,False,False,True
SHIP-11132,2025-04-21,Bengaluru,Patna,Industrial Equipment,209,4119.56,952,885.33,6,6,On-Time,0,7423,8500,1.18,-0.3656013890903842,0.335167417341748,-0.3058124391674511,0.42041435068216276,False,False,True,False,False,False,True,False,False,True,False,False,False,False
SHIP-11133,2025-04-14,Mumbai,Bhopal,Consumer Goods,366,55596.75,699,1244.76,3,3,On-Time,0,5575,12000,1.5,0.30636263505426253,0.5097579664861727,-0.746300799410968,0.29257200606366857,True,False,False,False,True,False,False,False,False,False,True,True,False,False
SHIP-11134,2025-11-12,Mumbai,Bhopal,Apparel,255,45702.61,1683,2254.0225000000005,5,5,On-Time,0,6930,12000,1.66,2.193205945068137,1.0000000000000002,0.9669029416152007,0.7897928246589188,True,False,False,True,False,False,False,False,False,False,True,False,False,True
SHIP-11135,2025-06-20,Nagpur,Bhopal,Consumer Goods,362,78068.38,1929,1245.9,11,11,On-Time,0,4762,6000,1.44,0.30849389562662705,0.5103117133242904,1.395203876871743,0.9140980293077313,False,True,False,False,False,False,False,False,False,False,False,False,False,False
SHIP-11136,2025-12-22,Delhi,Lucknow,Industrial Equipment,120,5752.67,401,695.93,2,5,Delayed,3,7673,10000,1.15,-0.7196897683937149,0.2431677233597374,-1.2651368917136088,0.14199090449722082,True,False,False,False,False,False,True,False,True,False,False,False,False,True
SHIP-11137,2025-11-20,Bengaluru,Patna,Consumer Goods,15,2143.25,479,422.01,3,3,On-Time,0,4796,8500,1.3,-1.231790554342861,0.11011304450254465,-1.1293341561444612,0.18140474987367358,False,False,True,False,False,False,False,False,False,True,False,True,False,False
SHIP-11138,2025-05-13,Nagpur,Coimbatore,Electronics,245,4136.07,1034,2001.16,4,4,On-Time,0,4379,6000,1.34,1.720472720086149,0.8771738510056698,-0.16304546074860368,0.46184941889843356,False,False,False,False,False,False,False,False,False,False,False,False,False,True
SHIP-11139,2025-10-20,Bengaluru,Kanpur,Electronics,136,5079.19,942,1496.75,5,5,On-Time,0,6996,8500,1.73,0.7774646978876641,0.6321603048522066,-0.3232230462917008,0.41536129358261753,True,False,False,False,False,False,False,False,False,True,False,True,False,False
SHIP-11140,2025-11-24,Nagpur,Coimbatore,Electronics,113,3134.59,1774,1040.8,11,11,On-Time,0,2794,6000,1.7,-0.0749460547171594,0.41068585674715014,1.125339466445873,0.8357756442647802,False,True,False,False,False,True,False,False,False,False,False,False,True,False
SHIP-11141,2025-05-07,Delhi,Surat,Consumer Goods,246,45629.89,1011,963.39,6,8,Delayed,2,7872,10000,1.72,-0.2196661256879662,0.37308450346759664,-0.20308985713437797,0.45022738756947955,False,False,True,True,False,False,False,False,True,False,False,True,False,False
SHIP-11142,2025-04-16,Mumbai,Chandigarh,Electronics,412,14028.19,1072,1070.58,6,9,Delayed,3,6821,12000,1.65,-0.01927154608118699,0.4251512785358738,-0.0968851536764549,0.4810510358767055,False,False,True,False,False,False,True,False,False,False,True,False,False,False
SHIP-11143,2025-04-02,Mumbai,Kochi,Electronics,164,30072.1,1789,2254.0225000000005,4,4,On-Time,0,10745,12000,1.36,2.193205945068137,1.0000000000000002,1.1514553771322473,0.8433552299140982,False,False,False,True,False,False,False,False,False,False,True,True,False,False
SHIP-11144,2025-10-14,Kolkata,Kochi,Perishables,266,19594.04,760,783.3,5,4,Early,0,5272,7500,1.69,-0.5563492103169885,0.28560707533021396,-0.6400960959530451,0.32339565437089446,False,False,True,False,False,False,False,True,False,False,False,False,False,True
SHIP-11145,2025-02-20,Nagpur,Coimbatore,Automotive Parts,244,53988.06,1151,1074.43,7,10,Delayed,3,2794,6000,1.74,-0.012073867832412592,0.42702138847162224,0.040658642605117604,0.5209701869631127,False,False,True,False,False,False,True,False,False,False,False,False,False,True
SHIP-11146,2025-01-29,Mumbai,Chandigarh,Consumer Goods,298,61414.89,682,713.1,5,8,Delayed,3,7675,12000,1.36,-0.687589992931,0.2515079279303347,-0.7758988315221925,0.2839818089944417,False,False,True,False,False,True,False,False,False,False,True,True,False,False
SHIP-11147,2025-10-23,Bengaluru,Chandigarh,Perishables,49,11764.41,610,558.26,4,4,On-Time,0,7685,8500,1.31,-0.977067525408971,0.1762955065144186,-0.9012552028167903,0.24759979787771605,False,False,True,False,False,False,False,False,False,True,False,False,False,True
SHIP-11148,2025-10-24,Delhi,Jaipur,Electronics,297,66137.17,460,565.3,3,2,Early,0,7932,10000,1.45,-0.9639060566112126,0.1797151361112156,-1.1624143096805355,0.17180394138453764,False,False,True,False,False,False,False,False,True,False,False,True,False,False
SHIP-11149,2025-08-02,Bengaluru,Surat,Apparel,206,48272.48,591,620.57,5,6,Delayed,1,5025,8500,1.26,-0.8605773093879016,0.20656214290311492,-0.9343353563528647,0.23799898938858008,False,False,True,False,True,False,False,False,False,True,False,True,False,False
SHIP-11150,2025-09-24,Mumbai,Patna,Apparel,282,61138.86,1936,1663.78,10,11,Delayed,1,8644,12000,1.17,1.0897317622753901,0.7132939314932584,1.4073913018587179,0.917635169277413,False,False,True,False,False,True,False,False,False,False,True,False,False,True
SHIP-11151,2025-09-14,Nagpur,Chandigarh,Consumer Goods,391,69576.4,1830,1216.83,12,15,Delayed,3,4389,6000,1.72,0.25414675103133727,0.49619116895228904,1.2228388663416712,0.8640727640222335,False,True,False,False,False,False,True,False,False,False,False,True,False,False
SHIP-11152,2025-10-29,Bengaluru,Indore,Consumer Goods,273,15017.98,1838,1152.14,12,14,Delayed,2,3918,8500,1.71,0.13320706118375336,0.46476846460331195,1.236767352041071,0.8681152097018697,False,True,False,True,False,False,False,False,False,True,False,False,False,False
SHIP-11153,2025-04-11,Mumbai,Kochi,Consumer Goods,66,5204.18,1847,1535.82,10,13,Delayed,3,6408,12000,1.25,0.8505071106615877,0.6511382776287491,1.2524368984528955,0.8726629610914605,False,False,True,False,False,False,True,False,False,False,True,False,False,True
SHIP-11154,2025-12-12,Delhi,Indore,Consumer Goods,307,19952.19,368,485.52,4,4,On-Time,0,7093,10000,1.39,-1.1130569061403557,0.14096257229978587,-1.3225918952236326,0.12531581606872158,False,False,True,False,False,False,True,False,True,False,False,False,False,True
SHIP-11155,2025-04-20,Delhi,Surat,Industrial Equipment,107,16782.16,354,411.76,4,6,Delayed,2,6392,10000,1.65,-1.2509532042259612,0.10513418038788992,-1.3469667451975822,0.11824153612935825,False,False,True,True,False,False,False,False,True,False,False,True,False,False
SHIP-11156,2025-07-01,Delhi,Chandigarh,Electronics,146,19469.2,1226,2254.0225000000005,4,5,Delayed,1,5393,10000,1.55,2.193205945068137,1.0000000000000002,0.17123819603699023,0.5588681152097019,False,False,False,False,True,False,False,False,True,False,False,False,False,True
SHIP-11157,2025-11-09,Mumbai,Kanpur,Electronics,385,84224.06,1236,890.24,8,8,On-Time,0,9757,12000,1.39,-0.35642201241467486,0.3375524146883777,0.18864880316123991,0.5639211723092472,False,True,False,False,False,False,False,False,False,False,True,False,False,False
SHIP-11158,2025-01-01,Nagpur,Kochi,Electronics,96,22932.3,2028,2254.0225000000005,6,7,Delayed,1,4078,6000,1.6,2.193205945068137,1.0000000000000002,1.5675688874018148,0.9641232945932291,False,False,False,False,True,False,False,False,False,False,False,True,False,False
SHIP-11159,2025-11-15,Bengaluru,Jaipur,Consumer Goods,428,47140.81,1537,1447.79,8,8,On-Time,0,5063,8500,1.69,0.6859326648850714,0.6083783353835728,0.7127080776011554,0.7160181910055584,False,False,True,False,False,False,False,False,False,True,False,False,False,False
SHIP-11160,2025-02-24,Bengaluru,Jaipur,Apparel,251,33632.09,943,896.76,6,8,Delayed,2,4470,8500,1.71,-0.3442326975622055,0.3407194580081385,-0.3214819855792758,0.4158665992925721,False,False,True,True,False,False,False,False,False,True,False,True,False,False
SHIP-11161,2025-05-29,Delhi,Bhopal,Electronics,208,50607.72,1411,1240.1,7,6,Early,0,7372,10000,1.38,0.2976506400830189,0.5074944048496565,0.4933344278356094,0.6523496715512886,False,False,True,False,False,False,False,False,True,False,False,False,False,False
SHIP-11162,2025-11-05,Nagpur,Lucknow,Automotive Parts,446,35642.6,1560,1442.81,9,11,Delayed,2,4578,6000,1.25,0.6766224213321116,0.6059593360381113,0.7527524739869297,0.7276402223345124,False,False,True,False,False,False,False,False,False,False,False,True,False,False
SHIP-11163,2025-05-17,Kolkata,Chandigarh,Consumer Goods,319,64186.57,751,806.1,5,5,On-Time,0,5735,7500,1.7,-0.5137239988697024,0.29668201209256795,-0.6557656423648698,0.3188479029813037,False,False,True,False,False,False,False,True,False,False,False,False,False,False
SHIP-11164,2025-07-21,Delhi,Surat,Electronics,93,6317.62,1726,2254.0225000000005,5,6,Delayed,1,5535,10000,1.21,2.193205945068137,1.0000000000000002,1.0417685522494744,0.8115209701869632,False,False,False,False,True,False,False,False,True,False,False,False,False,True
SHIP-11165,2025-11-09,Kolkata,Kochi,Apparel,251,43960.92,648,685.32,4,6,Delayed,2,5473,7500,1.58,-0.7395254479312455,0.23801399182251926,-0.8350948957446415,0.2668014148559879,False,False,True,False,False,False,False,True,False,False,False,True,False,False
SHIP-11166,2025-04-27,Bengaluru,Lucknow,Electronics,290,21633.91,1396,1254.09,7,6,Early,0,7442,8500,1.23,0.32380532026492803,0.5142899471876096,0.46721851714923485,0.6447700859019707,False,False,True,False,False,False,False,False,False,True,False,True,False,False
SHIP-11167,2025-06-03,Delhi,Surat,Apparel,332,73928.88,241,428.68,3,4,Delayed,1,6159,10000,1.38,-1.219320810467712,0.11335294924837365,-1.5437066057016036,0.06114199090449723,False,False,True,False,False,False,False,False,True,False,False,False,False,True
SHIP-11168,2025-10-18,Mumbai,Coimbatore,Apparel,261,38353.25,1011,971.58,7,7,On-Time,0,6588,12000,1.4,-0.20435470104966474,0.3770627373309159,-0.20308985713437797,0.45022738756947955,False,False,True,False,False,False,False,False,False,False,True,False,True,False
SHIP-11169,2025-03-04,Mumbai,Chandigarh,Electronics,199,11680.19,129,271.93,3,3,On-Time,0,9754,12000,1.25,-1.5123691391678022,0.03721275900719019,-1.7387054054932,0.004547751389590703,False,False,True,False,False,False,False,False,False,False,True,True,False,False
SHIP-11170,2025-09-01,Delhi,Patna,Electronics,448,30341.59,1942,2254.0225000000005,5,5,On-Time,0,5331,10000,1.7,2.193205945068137,1.0000000000000002,1.4178376661332677,0.92066700353714,False,False,False,False,False,False,False,False,True,False,False,True,False,False
SHIP-11171,2025-01-25,Nagpur,Patna,Consumer Goods,439,57532.95,1459,1010.73,9,9,On-Time,0,3415,6000,1.15,-0.13116272613031213,0.3960795695346947,0.5769053420320078,0.6766043456291057,False,True,False,False,False,False,False,False,False,False,False,False,False,True
SHIP-11172,2025-03-31,Kolkata,Chandigarh,Electronics,161,38797.21,957,1529.62,4,4,On-Time,0,3729,7500,1.69,0.8389160443908344,0.6481266720179335,-0.29710713560532626,0.42294087923193535,True,False,False,False,False,False,False,True,False,False,False,False,False,True
SHIP-11173,2025-03-16,Bengaluru,Bhopal,Electronics,311,60914.3,1416,2254.0225000000005,4,3,Early,0,4895,8500,1.68,2.193205945068137,1.0000000000000002,0.5020397313977343,0.6548762001010612,False,False,False,False,False,False,False,False,False,True,False,False,False,True
SHIP-11174,2025-10-21,Mumbai,Bhopal,Consumer Goods,287,37239.04,1449,955.17,10,10,On-Time,0,7714,12000,1.34,-0.23503363613080352,0.3690916973190637,0.5594947349077581,0.6715512885295605,False,True,False,False,False,False,False,False,False,False,True,False,False,False
SHIP-11175,2025-07-29,Mumbai,Patna,Consumer Goods,148,13965.87,1948,1610.79,10,14,Delayed,4,5761,12000,1.57,0.9906655361968079,0.6875544183775946,1.4282840304078175,0.9236988377968672,False,False,True,True,False,False,False,False,False,False,True,True,False,False
SHIP-11176,2025-12-13,Bengaluru,Kanpur,Apparel,185,26654.45,1353,1166.43,7,7,On-Time,0,7307,8500,1.3,0.15992259941102147,0.47170972979340137,0.39235290651496124,0.6230419403739264,False,False,True,False,False,False,False,False,False,True,False,False,True,False
SHIP-11177,2025-01-17,Bengaluru,Kochi,Apparel,17,3244.7,1873,1525.37,10,10,On-Time,0,5877,8500,1.61,0.8309705554149149,0.6460622649460035,1.2977044769759447,0.885800909550278,False,False,True,False,False,False,False,False,False,True,False,False,False,True
SHIP-11178,2025-05-08,Delhi,Patna,Apparel,304,60563.86,872,877.8,6,6,On-Time,0,7264,10000,1.49,-0.37967892602889586,0.3315097737531284,-0.44509729616144855,0.37998989388580096,False,False,True,False,False,False,False,False,True,False,False,True,False,False
SHIP-11179,2025-12-30,Bengaluru,Kanpur,Electronics,244,22273.07,1005,940.94,7,9,Delayed,2,5308,8500,1.33,-0.2616370027489997,0.36217957669940165,-0.21353622140892778,0.44719555330975247,False,False,True,False,False,False,False,False,False,True,False,False,False,False
SHIP-11180,2025-09-08,Kolkata,Lucknow,Electronics,172,31729.26,583,588.67,5,5,On-Time,0,5736,7500,1.39,-0.9202152148777447,0.19106694629262844,-0.9482638420522644,0.23395654370894395,False,False,True,False,False,False,False,True,False,False,False,False,False,True
SHIP-11181,2025-06-28,Mumbai,Kanpur,Automotive Parts,58,9835.66,831,745.69,5,5,On-Time,0,7835,12000,1.56,-0.6266621139368312,0.26733828710073454,-0.5164807853708723,0.35927235977766553,False,False,True,False,False,False,False,False,False,False,True,True,False,False
SHIP-11182,2025-07-01,Delhi,Lucknow,Apparel,311,74761.72,847,847.0,6,6,On-Time,0,8078,10000,1.69,-0.4372603520190889,0.3165488942671415,-0.4886238139720728,0.3673572511369379,False,False,True,False,True,False,False,False,True,False,False,False,False,True
SHIP-11183,2025-06-01,Kolkata,Surat,Automotive Parts,47,10988.89,836,720.34,6,7,Delayed,1,6270,7500,1.23,-0.6740546187696689,0.25502470609522254,-0.5077754818087474,0.3617988883274382,False,False,True,False,True,False,False,True,False,False,False,True,False,False
SHIP-11184,2025-01-25,Delhi,Indore,Consumer Goods,145,29073.1,2068,1214.43,13,13,On-Time,0,7657,10000,1.49,0.24965988666846534,0.49502538613519914,1.6372113158988135,0.9843355229914098,False,True,False,False,False,False,False,False,True,False,False,False,False,True
SHIP-11185,2025-06-29,Mumbai,Surat,Apparel,319,59014.28,1559,1001.04,9,12,Delayed,3,8171,12000,1.3,-0.1492784409954087,0.39137272141069424,0.7510114132745047,0.727134916624558,False,True,False,True,False,False,False,False,False,False,True,False,False,False
SHIP-11186,2025-07-17,Delhi,Patna,Apparel,430,34141.9,1359,1300.28,8,8,On-Time,0,8176,10000,1.63,0.41015876398203927,0.5367264089881855,0.40279927078951105,0.6260737746336534,False,False,True,False,False,False,False,False,True,False,False,True,False,False
SHIP-11187,2025-12-10,Mumbai,Lucknow,Consumer Goods,228,48746.82,199,349.79,2,5,Delayed,3,8187,12000,1.19,-1.366807781128957,0.07503269656494806,-1.6168311556234523,0.03991915108640728,False,False,True,False,False,False,True,False,False,False,True,False,False,True
SHIP-11188,2025-06-10,Kolkata,Patna,Consumer Goods,357,41220.59,1922,1222.16,11,11,On-Time,0,3768,7500,1.56,0.26411132897054956,0.4987801782919095,1.3830164518847683,0.9105608893380496,False,True,False,False,False,False,False,True,False,False,False,False,False,False
SHIP-11189,2025-06-26,Bengaluru,Chandigarh,Apparel,305,24087.84,599,658.13,5,6,Delayed,1,4289,8500,1.25,-0.7903578821089519,0.22480664399057165,-0.9204068706534649,0.24204143506821627,False,False,True,False,True,False,False,False,False,True,False,False,True,False
SHIP-11190,2025-10-12,Delhi,Kochi,Electronics,43,4526.94,1021,837.0,7,7,On-Time,0,8958,10000,1.51,-0.45595562019772307,0.31169146586260027,-0.18567925001012828,0.45528044466902484,False,False,True,False,False,False,False,False,True,False,False,False,False,True
SHIP-11191,2025-03-04,Nagpur,Jaipur,Consumer Goods,361,76331.59,1010,1005.72,6,9,Delayed,3,3302,6000,1.65,-0.1405290554878078,0.39364599790401955,-0.20483091784680293,0.4497220818595251,False,False,True,False,False,False,True,False,False,False,False,False,False,True
SHIP-11192,2025-05-30,Nagpur,Patna,Industrial Equipment,88,4393.73,1690,978.28,10,10,On-Time,0,5000,6000,1.6,-0.19182887136998,0.3803172143619585,0.9790903666021755,0.7933299646286004,False,True,False,False,False,False,False,False,False,False,False,False,False,True
SHIP-11193,2025-06-03,Nagpur,Kochi,Automotive Parts,245,29938.34,1944,2254.0225000000005,6,6,On-Time,0,3395,6000,1.6,2.193205945068137,1.0000000000000002,1.4213197875581176,0.9216776149570491,True,False,False,False,False,False,False,False,False,False,False,False,True,False
SHIP-11194,2025-06-05,Delhi,Kanpur,Consumer Goods,392,51235.98,137,358.01,2,3,Delayed,1,6524,10000,1.46,-1.3514402706861197,0.07902550271348092,-1.7247769197938003,0.008590197069226889,False,False,True,False,True,False,False,False,True,False,False,False,False,False
SHIP-11195,2025-02-18,Mumbai,Surat,Consumer Goods,282,6657.45,1308,868.97,9,9,On-Time,0,9093,12000,1.68,-0.39618684783062963,0.32722066447191855,0.31400517445583764,0.6003031834259728,False,True,False,False,False,False,False,False,False,False,True,True,False,False
SHIP-11196,2025-12-03,Nagpur,Kanpur,Electronics,170,10370.05,1668,2254.0225000000005,4,4,On-Time,0,3148,6000,1.5,2.193205945068137,1.0000000000000002,0.9407870309288262,0.7822132390096009,False,False,False,True,False,False,False,False,False,False,False,False,False,True
SHIP-11197,2025-03-25,Kolkata,Jaipur,Apparel,184,38508.34,321,394.56,4,5,Delayed,1,5973,7500,1.7,-1.283109065493212,0.09677940353207905,-1.404421748707606,0.10156644770085901,False,False,True,False,True,False,False,True,False,False,False,False,False,True
SHIP-11198,2025-12-27,Delhi,Lucknow,Consumer Goods,375,78836.38,860,874.12,6,6,On-Time,0,7742,10000,1.48,-0.38655878471863314,0.32972224010025725,-0.4659900247105482,0.3739262253663467,False,False,True,False,False,False,False,False,True,False,False,False,False,False
SHIP-11199,2025-06-26,Delhi,Chandigarh,Perishables,317,26538.46,1489,1002.42,9,9,On-Time,0,7052,10000,1.45,-0.14669849398675722,0.39204304653052097,0.6291371634047569,0.6917635169277414,False,True,False,False,False,False,False,False,True,False,False,False,False,True
SHIP-11200,2025-05-28,Mumbai,Kochi,Consumer Goods,383,84490.13,1509,1369.57,9,9,On-Time,0,8591,12000,1.28,0.5396982771917951,0.5703835304032515,0.6639583776532563,0.7018696311268318,False,False,True,False,False,False,False,False,False,False,True,False,False,False
SHIP-11201,2025-04-28,Nagpur,Chandigarh,Consumer Goods,230,45164.87,1591,996.26,9,9,On-Time,0,2998,6000,1.48,-0.1582147791847958,0.38905087063332355,0.8067253560721037,0.7433046993431026,False,True,False,False,True,False,False,False,False,False,False,False,True,False
SHIP-11202,2025-12-08,Bengaluru,Indore,Apparel,18,2037.75,1656,923.71,10,9,Early,0,5566,8500,1.23,-0.29384894982078635,0.3538102275583771,0.9198943023797267,0.7761495704901467,False,True,False,False,False,False,False,False,False,True,False,True,False,False
SHIP-11203,2025-03-04,Mumbai,Patna,Industrial Equipment,298,56880.9,438,548.68,3,8,Delayed,5,5888,12000,1.67,-0.9949775923241027,0.17164209010286813,-1.2007176453538848,0.16068721576553815,False,False,True,False,True,False,False,False,False,False,True,True,False,False
SHIP-11204,2025-07-08,Delhi,Lucknow,Consumer Goods,122,29391.46,336,385.34,4,5,Delayed,1,5946,10000,1.56,-1.3003461027539127,0.09230085454309205,-1.3783058380212316,0.10914603335017686,False,False,True,False,False,True,False,False,True,False,False,False,False,True
SHIP-11205,2025-12-26,Bengaluru,Indore,Consumer Goods,214,26291.59,1177,1069.59,7,7,On-Time,0,7421,8500,1.75,-0.021122377630871787,0.4246703931238242,0.08592622112816678,0.5341081354219304,False,False,True,False,False,False,False,False,False,True,False,True,False,False
SHIP-11206,2025-02-18,Kolkata,Coimbatore,Perishables,414,29406.58,2014,1285.3,12,13,Delayed,1,5400,7500,1.21,0.3821532522504453,0.5294499812381828,1.5431940374278652,0.9570490146538656,False,True,False,False,False,True,False,True,False,False,False,True,False,False
SHIP-11207,2025-11-23,Mumbai,Patna,Electronics,195,46083.74,385,703.32,3,6,Delayed,3,9588,12000,1.29,-0.7058739652097041,0.24675736295069345,-1.2929938631124083,0.13390601313794845,True,False,False,False,True,False,False,False,False,False,True,True,False,False
SHIP-11208,2025-09-14,Kolkata,Kanpur,Automotive Parts,350,54907.97,1783,1167.87,11,11,On-Time,0,5397,7500,1.68,0.16261471802874447,0.4724091994836552,1.1410090128576975,0.840323395654371,False,True,False,False,False,False,False,True,False,False,False,False,False,False
SHIP-11209,2025-08-12,Nagpur,Surat,Electronics,206,8185.89,843,803.8,6,6,On-Time,0,3247,6000,1.39,-0.5180239105507884,0.29556480355952347,-0.49558805682177265,0.3653360282971198,False,False,True,False,False,False,False,False,False,False,False,False,False,False
SHIP-11210,2025-05-21,Delhi,Kochi,Industrial Equipment,275,41134.63,894,890.07,6,6,On-Time,0,7295,10000,1.43,-0.35673983197371156,0.3374698384055005,-0.4067939604880993,0.39110661950480047,False,False,True,False,True,False,False,False,True,False,False,False,False,True
SHIP-11211,2025-08-03,Bengaluru,Jaipur,Apparel,271,35944.49,1967,1234.69,12,12,On-Time,0,6842,8500,1.67,0.2875364999983781,0.5048665360827997,1.4613641839438918,0.9332996462860031,False,True,False,False,False,False,False,False,False,True,False,False,False,True
SHIP-11212,2025-07-30,Mumbai,Jaipur,Consumer Goods,257,55528.29,1223,839.31,8,7,Early,0,6180,12000,1.46,-0.4516370132484587,0.31281353182404925,0.16601501389971532,0.5573521980798384,False,True,False,False,False,False,False,False,False,False,True,True,False,False
SHIP-11213,2025-11-14,Kolkata,Kanpur,Automotive Parts,124,17324.46,1820,1086.95,12,16,Delayed,4,6254,7500,1.45,0.011332607927237314,0.4331028888341078,1.2054282592174215,0.8590197069226884,False,True,False,False,False,False,False,True,False,False,False,False,False,False
SHIP-11214,2025-02-01,Bengaluru,Bhopal,Electronics,130,9747.35,532,544.78,5,7,Delayed,2,6043,8500,1.69,-1.0022687469137699,0.16974769302509707,-1.0370579383859377,0.2081859525012633,False,False,True,True,False,False,False,False,False,True,False,False,False,False
SHIP-11215,2025-06-07,Bengaluru,Jaipur,Electronics,150,26066.45,1395,1201.45,7,8,Delayed,1,3842,8500,1.17,0.2253934285725982,0.48872044406610465,0.4654774564368099,0.6442647801920163,False,False,True,False,True,False,False,False,False,True,False,False,False,True
SHIP-11216,2025-10-12,Kolkata,Kochi,Apparel,74,10545.39,1155,1780.69,5,8,Delayed,3,5207,7500,1.69,1.308298142551802,0.7700821269707497,0.04762288545481748,0.5229914098029308,True,False,False,False,True,False,False,True,False,False,False,True,False,False
SHIP-11217,2025-11-01,Mumbai,Kanpur,Consumer Goods,285,19883.16,520,604.65,5,6,Delayed,1,7631,12000,1.18,-0.8903401763282873,0.1988291168830853,-1.0579506669350374,0.202122283981809,False,False,True,False,False,False,False,False,False,False,True,True,False,False
SHIP-11218,2025-10-13,Nagpur,Lucknow,Apparel,322,48236.42,1959,1211.51,12,14,Delayed,2,3535,6000,1.55,0.24420086836030402,0.49360701704107307,1.447435698244492,0.929257200606367,False,True,False,True,False,False,False,False,False,False,False,True,False,False
SHIP-11219,2025-05-24,Bengaluru,Jaipur,Electronics,248,51599.09,843,809.2,5,5,On-Time,0,6906,8500,1.19,-0.5079284657343258,0.29818781489797574,-0.49558805682177265,0.3653360282971198,False,False,True,False,False,True,False,False,False,True,False,False,False,True
SHIP-11220,2025-01-19,Delhi,Chandigarh,Electronics,311,6753.11,401,525.81,4,4,On-Time,0,8727,10000,1.57,-1.0377336706486389,0.1605331513416824,-1.2651368917136088,0.14199090449722082,False,False,True,False,False,False,False,False,True,False,False,False,False,False
SHIP-11221,2025-01-18,Bengaluru,Kanpur,Electronics,401,65463.25,1255,902.55,9,9,On-Time,0,6871,8500,1.17,-0.3334081372867764,0.34353190905436787,0.22172895669731432,0.5735219807983831,False,True,False,False,False,False,False,False,False,True,False,False,False,False
SHIP-11222,2025-09-14,Kolkata,Kochi,Electronics,19,1845.9,842,726.31,5,8,Delayed,3,6359,7500,1.66,-0.6628935436670245,0.2579245908527336,-0.4973291175341976,0.36483072258716526,False,False,True,False,False,False,True,True,False,False,False,False,False,True
SHIP-11223,2025-03-19,Mumbai,Chandigarh,Consumer Goods,378,31668.0,1521,1006.13,9,11,Delayed,2,10525,12000,1.43,-0.13976254949248387,0.39384515246860574,0.6848511062023559,0.707933299646286,False,True,False,True,False,False,False,False,False,False,True,False,False,False
SHIP-11224,2025-06-24,Nagpur,Patna,Industrial Equipment,242,25956.47,870,829.79,6,6,On-Time,0,5273,6000,1.21,-0.4694349085545183,0.30818925998292607,-0.4485794175862985,0.3789792824658919,False,False,True,False,True,False,False,False,False,False,False,False,True,False
SHIP-11225,2025-07-13,Nagpur,Patna,Automotive Parts,204,19456.57,387,473.11,3,6,Delayed,3,3023,6000,1.57,-1.1362577339500406,0.13493450364975024,-1.2895117416875583,0.1349166245578575,False,False,True,False,False,False,True,False,False,False,False,True,False,False
SHIP-11226,2025-04-23,Mumbai,Jaipur,Automotive Parts,404,85072.78,2060,1318.67,12,12,On-Time,0,7974,12000,1.44,0.44453936216254764,0.5456592198241368,1.6232828301994138,0.9802930773117736,False,True,False,False,True,False,False,False,False,False,True,False,False,True
SHIP-11227,2025-04-24,Nagpur,Chandigarh,Electronics,21,1671.13,417,391.86,3,4,Delayed,1,2700,6000,1.26,-1.288156787901443,0.09546789786285294,-1.2372799203148093,0.1500757958564932,False,False,True,False,False,False,False,False,False,False,False,False,True,False
SHIP-11228,2025-08-10,Delhi,Surat,Consumer Goods,403,75478.26,1460,1380.3,8,9,Delayed,1,6880,10000,1.16,0.5597582999474696,0.5755955510813242,0.5786464027444328,0.6771096513390602,False,False,True,False,True,False,False,False,True,False,False,True,False,False
SHIP-11229,2025-06-15,Delhi,Patna,Electronics,418,15509.5,689,777.94,5,4,Early,0,8843,10000,1.4,-0.5663698740607361,0.2830034937053799,-0.7637114065352177,0.28751894896412333,False,False,True,False,True,False,False,False,True,False,False,False,True,False
SHIP-11230,2025-11-15,Delhi,Surat,Consumer Goods,186,44375.54,628,620.62,4,4,On-Time,0,5435,10000,1.2,-0.8604838330470085,0.2065864300451376,-0.8699161099931408,0.25669530065689744,False,False,True,False,False,True,False,False,True,False,False,False,True,False
SHIP-11231,2025-05-12,Nagpur,Lucknow,Apparel,186,29991.46,2093,1739.64,10,10,On-Time,0,4504,6000,1.21,1.231554066678509,0.7501423833701081,1.6807378337094379,0.996968165740273,False,False,True,False,False,False,False,False,False,False,False,False,False,False
SHIP-11232,2025-09-21,Bengaluru,Kanpur,Electronics,226,40923.82,665,676.51,4,5,Delayed,1,6399,8500,1.31,-0.7559959791966223,0.23373459739811842,-0.805496863633417,0.2753916119252148,False,False,True,False,True,False,False,False,False,True,False,False,False,False
SHIP-11233,2025-02-24,Delhi,Indore,Electronics,20,1700.78,894,764.01,5,5,On-Time,0,5253,10000,1.53,-0.5924123826335737,0.276237095937854,-0.4067939604880993,0.39110661950480047,False,False,True,True,False,False,False,False,True,False,False,False,False,False
SHIP-11234,2025-12-25,Mumbai,Kochi,Perishables,127,14204.02,484,831.46,4,4,On-Time,0,6745,12000,1.47,-0.4663127987686863,0.30900045052648445,-1.1206288525823362,0.1839312784234462,True,False,False,False,False,False,False,False,False,False,True,False,False,False
SHIP-11235,2025-05-11,Bengaluru,Kanpur,Consumer Goods,173,11692.71,666,627.81,4,4,On-Time,0,5670,8500,1.19,-0.8470419352265707,0.2100789210680027,-0.803755802920992,0.2758969176351693,False,False,True,False,False,False,False,False,False,True,False,True,False,False
SHIP-11236,2025-10-15,Delhi,Kochi,Consumer Goods,48,11239.01,390,396.73,4,4,On-Time,0,5384,10000,1.73,-1.2790521922984481,0.09783346549586448,-1.2842885595502833,0.13643254168772107,False,False,True,False,False,False,True,False,True,False,False,True,False,False
SHIP-11237,2025-09-23,Nagpur,Chandigarh,Electronics,62,8041.68,1617,1317.19,8,7,Early,0,4349,6000,1.68,0.4417724624721097,0.5449403204202646,0.8519929345951529,0.7564426478019203,False,False,True,False,False,False,False,False,False,False,False,True,False,False
SHIP-11238,2025-06-11,Kolkata,Lucknow,Electronics,227,37036.25,858,820.92,6,8,Delayed,2,5083,7500,1.31,-0.4860176114289668,0.303880720988098,-0.4694721461353981,0.37291561394643763,False,False,True,False,True,False,False,True,False,False,False,False,False,False
SHIP-11239,2025-03-28,Bengaluru,Coimbatore,Automotive Parts,215,40324.09,656,667.08,5,8,Delayed,3,5899,8500,1.22,-0.7736256170890743,0.2291540424126361,-0.8211664100452417,0.2708438605356241,False,False,True,False,False,False,True,False,False,True,False,True,False,False
SHIP-11240,2025-02-24,Nagpur,Jaipur,Electronics,321,32809.39,1377,1269.09,7,7,On-Time,0,3079,6000,1.72,0.3518482225328793,0.5215760897944214,0.43413836361316044,0.6351692774128348,False,False,True,False,False,False,False,False,False,False,False,True,False,False
SHIP-11241,2025-10-15,Mumbai,Kochi,Consumer Goods,369,67978.61,178,357.18,3,3,On-Time,0,8317,12000,1.43,-1.3529919779449462,0.07862233615590401,-1.6533934305843767,0.029307731177362302,False,False,True,False,False,True,False,False,False,False,True,True,False,False
SHIP-11242,2025-06-27,Nagpur,Kochi,Electronics,394,68500.14,1394,1297.18,8,9,Delayed,1,2839,6000,1.34,0.4043632308466628,0.5352206061827778,0.4637363957243849,0.6437594744820617,False,False,True,False,True,False,False,False,False,False,False,False,False,False
SHIP-11243,2025-12-15,Bengaluru,Chandigarh,Consumer Goods,65,11753.95,1990,1161.47,12,12,On-Time,0,7346,8500,1.44,0.1506497463944189,0.46930044530474896,1.5014085803296662,0.944921677614957,False,True,False,False,False,False,False,False,False,True,False,False,True,False
SHIP-11244,2025-01-08,Bengaluru,Surat,Electronics,127,16506.07,205,450.45,2,2,On-Time,0,5196,8500,1.61,-1.1786212116428256,0.12392757088505986,-1.6063847913489024,0.04295098534613442,True,False,False,False,False,False,False,False,False,True,False,False,True,False
SHIP-11245,2025-11-17,Delhi,Kanpur,Industrial Equipment,397,41681.14,882,904.59,6,7,Delayed,1,8524,10000,1.25,-0.32959430257833483,0.3445228244488943,-0.42768668903719886,0.3850429509853462,False,False,True,False,False,True,False,False,True,False,False,False,False,True
SHIP-11246,2025-11-09,Nagpur,Coimbatore,Automotive Parts,262,17603.6,509,572.88,5,5,On-Time,0,4678,6000,1.61,-0.9497350433318079,0.18339706684185786,-1.0771023347717121,0.19656392117230928,False,False,True,False,False,False,False,False,False,False,False,False,False,False
SHIP-11247,2025-09-04,Mumbai,Bhopal,Industrial Equipment,295,61592.22,1323,1212.6,7,7,On-Time,0,9721,12000,1.6,0.246238652591775,0.49413647673716804,0.3401210851422122,0.6078827690752906,False,False,True,False,False,False,False,False,False,False,True,False,False,False
SHIP-11248,2025-11-19,Delhi,Jaipur,Consumer Goods,277,43755.55,838,1421.42,3,3,On-Time,0,5978,10000,1.47,0.6366332426980134,0.5955692966807977,-0.5042933603838975,0.3628094997473472,True,False,False,False,False,False,False,False,True,False,False,False,False,True
SHIP-11249,2025-09-12,Delhi,Indore,Automotive Parts,300,35826.83,975,928.19,6,6,On-Time,0,5570,10000,1.67,-0.28547346967675824,0.35598635548361157,-0.2657680427816768,0.43203638201111677,False,False,True,False,False,False,False,False,True,False,False,False,False,True
SHIP-11250,2025-11-24,Bengaluru,Bhopal,Apparel,342,80998.95,268,412.3,4,4,On-Time,0,5449,8500,1.23,-1.249943659744315,0.10539648152173516,-1.4966979664661295,0.07478524507326934,False,False,True,False,False,False,False,False,False,True,False,True,False,False
